Date,Open,High,Low,Close,Volume,ETF_Open,ETF_High,ETF_Low,ETF_Close,ETF_Volume,STK_MA7,STK_MA21,STK_RSI,STK_MACD,ETF_MA7,ETF_MA21,ETF_RSI,ETF_MACD
2005-03-28,5.4746,5.5016,5.4386,5.4466,76349185,17.238,17.432,17.238,17.238,725525,5.4759714285714285,5.409580952380953,48.78281978528999,-0.03735322990070955,17.254285714285714,17.612714285714286,19.548286391218113,-0.16175439205569475
2005-03-29,5.4466,5.4849,5.3147,5.3465,128646798,17.114,17.317,17.07,17.105,827661,5.466814285714285,5.3928666666666665,58.084885286554474,-0.04060159501145577,17.21357142857143,17.580095238095236,19.826224109346725,-0.17259289944814427
2005-03-30,5.3774,5.481,5.3556,5.481,109881234,17.131,17.407,17.131,17.364,1045542,5.463871428571428,5.3803,73.27504368919136,-0.03195456944282071,17.223857142857145,17.562380952380952,34.22818759785602,-0.15845676820919863
2005-03-31,5.4361,5.4454,5.3261,5.3364,177446775,17.364,17.468,17.317,17.39,613716,5.426742857142856,5.363047619047619,61.41625413171798,-0.03635072240821735,17.237857142857145,17.535714285714285,31.80236573052673,-0.14350160250109312
2005-04-01,5.3901,5.4016,5.1955,5.2366,178626772,17.336,17.513,17.201,17.238,2300643,5.391271428571429,5.343366666666666,53.68665666981572,-0.047342002111497195,17.252,17.504,33.6524296972504,-0.14227460255882818
2005-04-04,5.2235,5.2901,5.1428,5.2621,161757381,17.201,17.354,17.147,17.301,1083896,5.3645571428571435,5.339095238095238,54.503104893091475,-0.05337970555866445,17.265,17.481571428571428,33.16023704432985,-0.13466627379997576
2005-04-05,5.2748,5.4094,5.2621,5.3645,155700131,17.364,17.407,17.317,17.336,613602,5.3533857142857135,5.333485714285714,55.3433738794986,-0.049333123295805414,17.281714285714283,17.455333333333336,39.999999535269595,-0.12437865128178771
2005-04-06,5.4301,5.4823,5.3978,5.4209,115875061,17.414,17.478,17.301,17.309,509779,5.349714285714286,5.330928571428571,56.44456034433029,-0.041101377952587725,17.291857142857143,17.42147619047619,45.77397849873158,-0.1170549737956641
2005-04-07,5.4209,5.6025,5.4106,5.5782,141597901,17.327,17.549,17.327,17.54,740819,5.382814285714287,5.349399999999999,57.20054923456979,-0.021635464900749746,17.354,17.405809523809523,55.87774233362974,-0.09155573959661467
2005-04-08,5.5861,5.6923,5.5759,5.6013,181285925,17.567,17.586,17.39,17.414,480082,5.3999999999999995,5.376171428571429,54.54877200138444,-0.004295100374087646,17.36114285714286,17.385809523809524,54.677913523396654,-0.08058561890394955
2005-04-11,5.6653,5.6665,5.367,5.3684,229275996,17.495,17.495,17.301,17.317,806513,5.404571428571429,5.388919047619048,40.76655006018014,-0.009239315056913,17.350714285714286,17.35742857142857,50.89221933441033,-0.07881033210594879
2005-04-12,5.4441,5.5308,5.38,5.4632,274084040,17.301,17.442,17.121,17.423,714388,5.436942857142857,5.403485714285714,49.10882900408738,-0.005445303027138415,17.377142857142857,17.34509523809524,60.487443983143145,-0.0680654739923483
2005-04-13,5.504,5.5052,5.1724,5.2556,392996341,17.354,17.39,17.114,17.175,886375,5.436014285714285,5.407871428571428,43.036060892172436,-0.018971415504925204,17.359142857142857,17.31747619047619,48.85695579098798,-0.0786549387296418
2005-04-14,4.9687,5.1198,4.7178,4.7717,769047131,17.105,17.147,16.915,16.933,746445,5.3513285714285725,5.385319047619047,32.02806918341922,-0.06795430801025848,17.301571428571428,17.286809523809524,41.8934237037936,-0.10536001863801303
2005-04-15,4.6884,4.7704,4.5182,4.5271,482438341,16.722,16.749,16.411,16.42,1567917,5.223642857142857,5.34977619047619,28.185053193551227,-0.1250690607365419,17.17457142857143,17.240238095238094,31.886625134449574,-0.16600519499199962
2005-04-18,4.4911,4.6487,4.3538,4.5615,370169445,16.491,16.579,16.42,16.438,2297491,5.0784,5.309342857142856,30.77676538795437,-0.16564763839119134,17.017142857142858,17.194904761904763,34.437703928078335,-0.21019152752014136
2005-04-19,4.6821,4.7948,4.5938,4.7497,303124477,16.643,16.676,16.537,16.643,794928,4.9567428571428565,5.273538095238095,32.55070367181585,-0.18053914352356593,16.907,17.164,32.74293898592563,-0.22606182762030969
2005-04-20,4.8227,4.8332,4.5384,4.5476,266453208,16.849,16.849,16.429,16.491,894474,4.839485714285714,5.2236,31.681374619814548,-0.20627078835920365,16.788999999999998,17.125857142857143,29.706546087633455,-0.2480449763868755
2005-04-21,4.6591,4.7652,4.5974,4.7615,212976462,16.579,16.943,16.579,16.933,1649360,4.739242857142857,5.189152380952381,39.52185587168365,-0.2070169968388722,16.719,17.11604761904762,43.912175403285225,-0.2271822584531371
2005-04-22,4.7125,4.7382,4.4692,4.5462,234139228,16.803,16.883,16.615,16.73,731598,4.6379,5.146157142857143,35.43082726361202,-0.2224173938319014,16.655428571428573,17.093190476190475,39.20604894182053,-0.22444158476199405
2005-04-25,4.6727,4.7409,4.6244,4.7358,208444405,16.82,16.933,16.785,16.849,885927,4.632771428571429,5.112495238095238,37.643960328990445,-0.21682377445228784,16.64342857142857,17.07557142857143,41.077317488060665,-0.21024371694401367
2005-04-26,4.7064,4.8036,4.6258,4.6345,226668409,16.785,16.981,16.713,16.73,605730,4.648114285714286,5.073823809523809,34.812668795914504,-0.21805129460270667,16.687714285714286,17.051380952380953,39.737681475956165,-0.20621696903027953
2005-04-27,4.5845,4.6564,4.5476,4.6038,171368346,16.624,16.874,16.624,16.793,479972,4.654157142857143,5.038457142857143,30.21442477948264,-0.2189771147250834,16.738428571428575,17.03652380952381,35.92159800116755,-0.1956864175989459
2005-04-28,4.6463,4.6537,4.5129,4.5513,160641789,16.722,16.82,16.624,16.624,405506,4.625814285714285,4.994185714285715,28.93089316757664,-0.22139504086398176,16.735714285714288,17.001285714285714,35.34866450486591,-0.19868742240232962
2005-04-29,4.6167,4.6396,4.5102,4.6177,187399760,16.793,16.83,16.563,16.776,476597,4.635828571428571,4.959961904761904,33.85799661376511,-0.21546954093446935,16.77642857142857,16.97204761904762,40.167211718523795,-0.18664903673657562
2005-05-02,4.6422,4.6933,4.6128,4.6653,129954717,16.857,16.915,16.713,16.758,355676,4.622085714285714,4.9327571428571435,32.48759911556719,-0.2045744108935752,16.75142857142857,16.949190476190477,37.51408166534092,-0.17652609598150804
2005-05-03,4.6615,4.7052,4.6141,4.637,138580983,16.749,16.933,16.749,16.874,320580,4.635057142857143,4.902990476190476,35.26300719759762,-0.19596455788838973,16.772,16.928857142857144,44.05373345841471,-0.15732976238729535
2005-05-04,4.6422,4.7637,4.6231,4.7575,126218196,16.915,17.061,16.849,16.988,467373,4.6381571428571435,4.874085714285714,49.59087202127913,-0.17737319661209483,16.791857142857143,16.912285714285716,51.1444025318262,-0.13140295102559207
2005-05-05,4.7637,4.7729,4.6703,4.6972,108044030,16.988,17.089,16.9,16.962,809437,4.647114285714286,4.839623809523809,55.483204966304626,-0.165596224710586,16.825,16.895761904761905,64.1440496356906,-0.1116665267276673
2005-05-06,4.7358,4.7806,4.7114,4.7691,91044836,17.025,17.07,16.981,17.006,394596,4.670728571428571,4.801095238095239,56.5340546446703,-0.1487465034235278,16.855428571428572,16.87033333333333,64.6240984012681,-0.09142099171672768
2005-05-09,4.7717,4.7961,4.7064,4.7344,99190182,17.052,17.105,16.933,17.08,305505,4.696885714285714,4.7598142857142856,49.466935619443184,-0.1366181291567612,16.920571428571428,16.854428571428574,62.06515689182092,-0.06861413674557326
2005-05-10,4.6959,4.7704,4.6525,4.664,124488615,17.035,17.044,16.849,16.9,388858,4.7035,4.726271428571429,54.4652441594956,-0.1311748942850013,16.938285714285715,16.83457142857143,61.120173542315136,-0.06432256505312495
2005-05-11,4.5143,4.568,4.2401,4.5602,572078532,16.9,17.035,16.758,16.981,2087149,4.688485714285713,4.6832714285714285,41.56540636728764,-0.13369572286940645,16.970142857142857,16.813523809523808,51.623815478529544,-0.05376566341313449
2005-05-12,4.5358,4.5576,4.3538,4.3708,270744354,17.016,17.157,16.933,16.997,338802,4.650457142857143,4.641138095238095,42.48757872637822,-0.14925596494699533,16.987714285714283,16.80504761904762,60.34082041458442,-0.04360551924034439
2005-05-13,4.3862,4.5117,4.363,4.4528,196689936,17.105,17.301,17.035,17.21,2089958,4.606928571428571,4.6259523809523815,36.648423746859855,-0.1532048045810379,17.01942857142857,16.818238095238094,63.03249033757773,-0.018156910338696264
2005-05-16,4.4398,4.5732,4.4219,4.5526,132290797,17.238,17.38,17.165,17.373,805616,4.586271428571428,4.627166666666667,46.130586179884524,-0.14659144754695674,17.078142857142858,16.863619047619046,72.49824981457277,0.014991223818878296
2005-05-17,4.4988,4.5411,4.4231,4.5282,164419133,17.327,17.478,17.219,17.432,473221,4.551857142857143,4.625580952380953,46.40684348888232,-0.1416859234029113,17.139,16.91095238095238,72.42105192007384,0.045497696747812455
2005-05-18,4.5462,4.8098,4.4809,4.5899,177573060,17.442,17.736,17.442,17.682,1556563,4.531214285714285,4.617971428571429,51.81869513243333,-0.13130597231110386,17.225,16.960428571428572,85.12616122724683,0.08882330719928433
2005-05-19,4.5845,4.8253,4.5819,4.8086,221611987,17.745,17.817,17.682,17.781,968826,4.551871428571429,4.6304,57.86567712392295,-0.10423101379403477,17.350857142857144,17.021857142857144,84.5836192813691,0.129653078268678
2005-05-20,4.7819,4.8216,4.7626,4.8086,126332850,17.699,17.859,17.699,17.807,529127,4.587357142857143,4.632642857142857,56.1454663469967,-0.08183062163628474,17.46885714285714,17.063476190476187,85.9000676231342,0.16223876126300496
2005-05-23,4.865,5.1097,4.8471,5.0918,291180906,17.851,17.941,17.817,17.869,1146443,4.690357142857144,4.65862380952381,66.0050669171798,-0.04075646115216447,17.59342857142857,17.117714285714285,85.35891883793546,0.19086584895071823
2005-05-24,5.0518,5.1213,4.9982,5.0842,165695531,17.834,17.968,17.79,17.959,947456,4.780557142857143,4.6752142857142855,62.489486294936285,-0.008717657796774247,17.70042857142857,17.170571428571428,85.10484367934362,0.21829885669521687
2005-05-25,5.0737,5.1161,5.0354,5.0943,115818917,17.913,17.913,17.781,17.878,1221128,4.857942857142858,4.697109523809524,65.78675286553667,0.017289013297012268,17.77257142857143,17.225238095238094,81.8497905800438,0.23084267921076318
2005-05-26,5.1224,5.2427,4.9687,5.2173,146564901,17.968,18.109,17.968,18.081,878166,4.956385714285714,4.72632380952381,67.12255429422696,0.04727955032722164,17.865285714285715,17.28657142857143,83.65685587276397,0.25423350677467127
2005-05-27,5.2235,5.2235,5.1238,5.1942,88153399,18.136,18.136,17.994,18.056,503366,5.042714285714285,4.756938095238095,67.72278681150249,0.0683948764867619,17.918714285714284,17.354761904761904,81.52454706631559,0.2676681037916957
2005-05-31,5.2122,5.2173,5.0689,5.0918,112725720,18.073,18.073,17.941,17.941,530588,5.083171428571428,4.779514285714286,66.09238570170527,0.07599013343242156,17.94157142857143,17.410238095238096,85.0977739774991,0.2659696472803432
2005-06-01,5.1097,5.2199,5.1047,5.1611,126666104,17.959,18.182,17.921,18.119,943066,5.133528571428571,4.803123809523809,73.20614735082563,0.08660305402024715,17.986142857142855,17.47504761904762,86.01265746571062,0.27580738480244094
2005-06-02,5.1367,5.1635,5.0714,5.1275,104349496,18.1,18.199,17.931,18.199,516753,5.138628571428571,4.826480952380952,83.22065048284391,0.09125074902187436,18.033285714285714,17.538142857142855,86.55717687846688,0.2867536761966498
2005-06-03,4.8868,4.9406,4.8369,4.8973,267013051,18.163,18.172,17.968,18.004,657921,5.111928571428571,4.833138095238096,67.26749985102559,0.07548867816534965,18.039714285714286,17.58652380952381,74.41574351671561,0.2765064267055415
2005-06-06,4.9187,4.9469,4.8098,4.8562,226525416,18.047,18.047,17.887,17.977,1956104,5.077914285714286,4.840709523809524,62.357537550467676,0.05900057503655809,18.053857142857144,17.634857142857143,70.26845571559835,0.2631730383383726
2005-06-07,4.8319,4.8319,4.6677,4.6795,208220412,18.011,18.163,17.895,17.904,1158814,5.001085714285715,4.836442857142857,55.479104239365924,0.03131444779848547,18.02857142857143,17.67761904761905,65.6914887502122,0.24390416667362658
2005-06-08,4.6907,4.7704,4.6832,4.728,115229808,18.028,18.038,17.887,17.941,673443,4.934485714285715,4.836138095238096,55.04935958267565,0.013135123634199886,18.01214285714286,17.718619047619047,60.03098308254548,0.22897950463801564
2005-06-09,4.7382,4.8586,4.7151,4.8216,108913865,18.004,18.073,17.859,18.028,1971514,4.895885714285714,4.843642857142857,50.523180370794805,0.006209042039570178,18.024571428571427,17.772333333333332,59.655980582342636,0.22161711125241723
2005-06-10,4.7895,4.7895,4.5487,4.5858,189387246,18.038,18.038,17.826,17.931,508992,4.8137,4.844861904761905,42.46380693106933,-0.018098389888297817,17.997714285714288,17.817571428571426,54.59259202644728,0.2055854114631046
2005-06-13,4.5988,4.6884,4.5872,4.5974,121567036,17.869,18.1,17.869,18.004,826424,4.737971428571429,4.855652380952382,29.512679916146624,-0.03601106857949521,17.969857142857144,17.865523809523808,54.95958797249511,0.19650547104169647
2005-06-14,4.6141,4.6294,4.5781,4.6102,97548419,17.994,18.047,17.878,17.895,607637,4.696957142857143,4.863147619047619,30.44231686235976,-0.04861375338223439,17.954285714285714,17.898142857142858,47.681158936567954,0.17845702232359528
2005-06-15,4.71,4.7766,4.6487,4.755,157118398,18.028,18.038,17.763,18.004,561522,4.682499999999999,4.872785714285714,37.40066801068746,-0.046382651693415156,17.958142857142857,17.928190476190476,54.47443127653266,0.17097795825871742
2005-06-16,4.7626,4.8768,4.7151,4.8637,154511983,18.004,18.081,17.95,18.038,667145,4.708814285714285,4.888761904761905,36.728719025520135,-0.03543483525125257,17.977285714285717,17.95704761904762,48.26472907529769,0.16588207663228616
2005-06-17,4.9278,4.9356,4.8445,4.906,166475795,18.163,18.163,18.004,18.047,647457,4.734242857142857,4.903814285714286,39.336983461064236,-0.02307931142618269,17.992428571428572,17.974428571428568,49.63205176218418,0.1607171314647715
2005-06-20,4.8537,4.878,4.7961,4.8165,90687155,17.994,18.136,17.895,18.02,786038,4.733514285714286,4.904190476190476,39.7160996966564,-0.020275646760658184,17.991285714285716,17.985809523809525,53.48017555178639,0.1526851415874937
2005-06-21,4.8075,4.8906,4.7868,4.8484,103450911,18.065,18.127,18.004,18.1,801901,4.771028571428571,4.906085714285714,37.983244537879145,-0.01530325254395759,18.015428571428572,17.999761904761904,49.08389519076717,0.1510340367937566
2005-06-22,4.9098,4.9433,4.8841,4.9368,119734681,18.109,18.207,18.056,18.136,838233,4.819514285714285,4.898704761904762,42.96777004089623,-0.004181254197039408,18.034285714285716,18.01247619047619,46.82779390172283,0.15089104543918808
2005-06-23,4.9739,5.0943,4.9497,4.9803,188157265,18.136,18.313,17.994,17.994,976143,4.872385714285714,4.893757142857143,53.5494348702599,0.008050297262193418,18.04842857142857,18.014142857142854,49.468084369624194,0.13773182377462234
2005-06-24,5.006,5.0099,4.8253,4.8355,115865908,18.028,18.028,17.736,17.772,869733,4.8838857142857135,4.881433333333333,49.18689552312313,0.005990683194501578,18.015285714285714,18.009095238095238,40.96916249024815,0.10814289712831737
2005-06-27,4.7217,4.8791,4.6972,4.7512,167664516,17.699,17.79,17.604,17.63,1729786,4.867814285714286,4.859238095238095,53.03684816390014,-0.002416030769580857,17.956999999999997,17.98761904761905,38.62126200938729,0.07240065662618633
2005-06-28,4.8011,4.8138,4.76,4.7781,97962542,17.708,17.878,17.69,17.851,627888,4.849542857142857,4.83942380952381,52.1615318575706,-0.006829085518995193,17.929,17.977857142857143,46.7579246004244,0.06120202766723892
2005-06-29,4.7704,4.7754,4.6258,4.6576,126673007,17.869,17.95,17.826,17.878,662194,4.826842857142857,4.818747619047619,43.084836732005655,-0.019821318322451376,17.908714285714286,17.974857142857143,44.352409170983705,0.05388456021886512
2005-06-30,4.6884,4.7587,4.6499,4.7137,116551667,17.921,17.931,17.673,17.708,928446,4.8076,4.7974428571428565,56.35622623100373,-0.025299320452538687,17.852714285714285,17.955285714285715,42.04139858059982,0.03397617905311634
2005-07-01,4.7164,4.7344,4.6473,4.6742,69942386,17.817,17.851,17.708,17.755,1102346,4.770085714285714,4.775857142857142,53.71373234816995,-0.03245388827009954,17.798285714285715,17.934142857142856,40.94545412855534,0.02174053934715303
2005-07-05,4.6871,4.8854,4.6742,4.8637,126687338,17.638,17.921,17.638,17.869,715737,4.753428571428572,4.7742571428571425,60.46914937922846,-0.02257266489901344,17.78042857142857,17.927714285714284,49.057970516803216,0.02100047360205437
2005-07-06,4.8394,4.8868,4.7637,4.7882,111345368,17.842,17.994,17.826,17.826,607864,4.746671428571429,4.771019047619047,51.4543536706142,-0.020596519353016873,17.788142857142855,17.92052380952381,43.22678797170848,0.016751128945898586
2005-07-07,4.7125,4.8355,4.7125,4.819,107163730,18.028,18.028,17.622,17.859,1292782,4.7563571428571425,4.777661904761905,47.89844788850187,-0.0163565589468595,17.820857142857143,17.918380952380954,43.18354866369416,0.015863452888272178
2005-07-08,4.8484,4.9022,4.7985,4.8984,81121389,17.887,18.191,17.842,18.182,1431025,4.773542857142857,4.78577619047619,49.65473314994888,-0.006514349979679146,17.868142857142857,17.929857142857145,54.148739546353745,0.04075358187003886
2005-07-11,4.9139,4.9497,4.8382,4.8791,108907602,18.225,18.369,18.191,18.369,892678,4.805185714285714,4.788514285714286,53.03765455888284,-0.0002685811309790509,17.938285714285712,17.94609523809524,59.7649687539398,0.07470734580880034
2005-07-12,4.8959,4.9174,4.8548,4.8973,108155388,18.535,18.535,18.313,18.465,811125,4.831414285714286,4.803347619047619,52.40483846398377,0.006079740116645915,18.04642857142857,17.971523809523813,60.1220183906221,0.10811605150659176
2005-07-13,4.8973,4.9304,4.8537,4.9111,214155362,18.518,18.599,18.465,18.544,774566,4.865257142857144,4.8182857142857145,48.63602517683438,0.012085065993085564,18.159142857142857,17.997238095238096,61.05092044706779,0.1393608659250134
2005-07-14,5.2275,5.38,5.1519,5.2184,584584424,18.713,18.767,18.635,18.705,1655657,4.915928571428571,4.847247619047619,59.87229385669451,0.04116633195333819,18.27857142857143,18.035809523809526,69.06166167996602,0.175095568208107
2005-07-15,5.2314,5.3235,5.1816,5.3209,191832481,18.731,18.748,18.626,18.696,1636987,4.9920285714285715,4.874195238095238,70.8576822000623,0.0716583057745801,18.40285714285714,18.068761904761907,77.96610103418573,0.20037950226798884
2005-07-18,5.3147,5.3915,5.298,5.3134,163840286,18.731,18.758,18.553,18.59,1581755,5.062657142857143,4.895609523809524,75.86492357185413,0.09413311938638458,18.50728571428571,18.09504761904762,79.70296960653371,0.20944948476769198
2005-07-19,5.3339,5.5363,5.2596,5.5308,187248178,18.802,18.902,18.696,18.865,2137090,5.153,4.925361904761905,79.46449454904649,0.12801129963054603,18.604857142857146,18.134,80.35928076345515,0.23610602963477945
2005-07-20,5.4902,5.609,5.4619,5.5874,126658581,18.635,18.875,18.561,18.802,1548120,5.254185714285714,4.962071428571428,88.3138278915497,0.1576103149257655,18.666714285714285,18.171238095238095,77.08089034048513,0.24927447897924893
2005-07-21,5.6025,5.6398,5.494,5.5437,113082587,18.802,18.829,18.643,18.679,1817748,5.346528571428571,4.995180952380952,84.55453689944757,0.17551825779323682,18.697285714285716,18.198809523809523,79.26461657040115,0.24693893953142165
2005-07-22,5.5631,5.6347,5.5566,5.6347,84157752,18.722,18.739,18.58,18.635,1151048,5.4498999999999995,5.028414285714286,88.34331238578339,0.19480774855500815,18.71028571428571,18.222571428571428,76.57004766184764,0.23878501045370726
2005-07-25,5.6374,5.6706,5.6,5.6103,82264050,18.635,18.739,18.535,18.535,841273,5.505885714285713,5.058414285714285,84.32959244011934,0.20575412737343246,18.686000000000003,18.248333333333335,70.280145563994,0.22169819980360472
2005-07-26,5.6347,5.6487,5.5528,5.5874,74921649,18.713,18.722,18.607,18.679,900661,5.543957142857143,5.094219047619047,88.61615651273085,0.21015879308731567,18.68357142857143,18.291523809523806,74.46930519646003,0.2172718017181552
2005-07-27,5.6025,5.6438,5.4645,5.6334,79149666,18.748,18.91,18.616,18.802,1025631,5.589671428571429,5.136228571428571,88.78095119720643,0.2148842856769697,18.71385714285714,18.34733333333333,75.72285812322974,0.22113975989373458
2005-07-28,5.6322,5.6347,5.5449,5.609,70852736,18.802,18.839,18.722,18.81,2193218,5.600842857142857,5.175795238095238,85.70854150761859,0.2141913321711204,18.706,18.393,70.68511133755507,0.22228827687011332
2005-07-29,5.5834,5.6836,5.4118,5.4619,157219733,18.875,18.892,18.687,18.713,2033943,5.582914285714286,5.214095238095238,75.95297375904737,0.19947302008339118,18.693285714285715,18.432761904761904,62.04481731888848,0.21291702063371432
2005-08-01,5.4553,5.5172,5.3888,5.4746,88075776,18.785,18.795,18.669,18.722,1087048,5.573042857142857,5.250328571428572,75.83460032069776,0.18668148759205483,18.699428571428573,18.481047619047622,59.58240057110108,0.20386641223615243
2005-08-02,5.4927,5.5707,5.4567,5.5308,82918991,18.731,18.961,18.722,18.91,1215732,5.558199999999999,5.2911190476190475,76.71811582818522,0.1790153981747169,18.738714285714284,18.53604761904762,62.62068905055895,0.2094493667709827
2005-08-03,5.5308,5.5464,5.4772,5.5348,72951250,18.91,19.052,18.829,19.034,1485583,5.547414285714285,5.323076190476191,68.47267520011975,0.17128822956370016,18.81,18.591523809523807,61.64189606299619,0.22132832697040072
2005-08-04,5.504,5.5065,5.4154,5.4695,76184388,18.953,18.998,18.81,18.857,1182436,5.530571428571428,5.3555190476190475,59.069823209255965,0.15807306065690696,18.83542857142857,18.640619047619047,55.09171361715113,0.2139932863634435
2005-08-05,5.4454,5.5528,5.3813,5.5052,67611269,18.848,18.892,18.739,18.81,1196721,5.512257142857144,5.388195238095238,61.31696854090452,0.14876575669110714,18.83657142857143,18.685904761904762,57.22733193089183,0.20205850199772257
2005-08-08,5.5065,5.5389,5.4567,5.4619,49312217,18.758,18.857,18.652,18.66,1294581,5.491242857142858,5.4150285714285715,44.88340913653982,0.13632424211173522,18.815142857142856,18.708666666666666,42.66284853451693,0.17843941450893652
2005-08-09,5.5052,5.6207,5.4949,5.6116,108057501,18.739,18.892,18.739,18.802,722373,5.512628571428571,5.449909523809524,51.578809078675235,0.13696494445425955,18.827857142857145,18.729285714285716,49.99999952574526,0.16922856916007234
2005-08-10,5.6347,5.6848,5.5464,5.5554,101379479,18.839,18.926,18.553,18.59,1126753,5.524171428571428,5.481247619047619,50.75105827382867,0.1314228742729977,18.809,18.735238095238092,47.15654909891908,0.14317188326953456
2005-08-11,5.5566,5.6499,5.5389,5.6347,76003131,18.607,18.748,18.571,18.731,929234,5.539014285714286,5.515704761904762,49.999999087591256,0.13190902584867015,18.783428571428573,18.744142857142858,52.88808619709194,0.13237337571120023
2005-08-12,5.5657,5.9191,5.5528,5.9036,260130637,18.1,18.561,17.994,18.482,1721124,5.5917,5.548333333333334,64.4954028833294,0.1522373893242115,18.704571428571427,18.73352380952381,48.53671966895962,0.10254123018018291
2005-08-15,5.9623,6.1894,5.9488,6.1059,303022029,18.465,18.66,18.447,18.58,1055104,5.682614285714286,5.585714285714285,71.76559398478858,0.18256716253924576,18.665,18.727999999999998,47.195467047741325,0.08581756937747542
2005-08-16,6.0715,6.0829,5.9177,5.9228,150163756,18.58,18.58,18.369,18.402,616751,5.742271428571428,5.614733333333333,60.894442966027526,0.18964300010043544,18.606714285714283,18.719047619047622,39.01098871090448,0.057537577929458905
2005-08-17,5.9522,6.0753,5.9383,6.0381,141460054,18.447,18.652,18.447,18.561,1662292,5.824585714285713,5.6388904761904755,65.11873658539756,0.20222329448483745,18.59257142857143,18.704571428571427,43.68340912655113,0.047408951263012256
2005-08-18,6.019,6.019,5.859,5.9292,123422177,18.518,18.58,18.438,18.438,1789628,5.869957142857143,5.655166666666666,66.92012387799133,0.2010879320283463,18.54057142857143,18.687238095238094,43.114671705755875,0.029121178789150548
2005-08-19,5.9228,5.9805,5.8614,5.8691,106504647,18.518,18.561,18.457,18.457,559609,5.914771428571429,5.6706619047619045,63.81012329808743,0.19311250067892072,18.52157142857143,18.676666666666666,43.39810632407895,0.015976956152488953
2005-08-22,5.9126,5.9868,5.7961,5.8743,108173172,18.447,18.652,18.42,18.491,1045318,5.949,5.682071428571429,62.47004946302133,0.18507804591023813,18.487285714285715,18.669809523809526,38.694009421631854,0.008208953161911836
2005-08-23,5.8856,5.9036,5.8036,5.8576,82448915,18.491,18.58,18.429,18.482,1696265,5.942428571428572,5.693847619047619,61.61151017081931,0.17534189991300497,18.487285714285715,18.667285714285715,34.11967751572183,0.0013114128910984846
2005-08-24,5.8409,6.0343,5.8383,5.8614,159500136,18.465,18.643,18.359,18.369,1181085,5.9075,5.706895238095238,64.74971704441393,0.16601880091331456,18.457142857142856,18.65252380952381,35.424133514971416,-0.013121832767133412
2005-08-25,5.906,5.9535,5.8663,5.8986,77043026,18.411,18.447,18.377,18.377,869281,5.904042857142857,5.7195238095238095,64.78947300221604,0.15978994784047185,18.45357142857143,18.63228571428571,36.75840947118181,-0.02364221802338662
2005-08-26,5.9177,5.9345,5.8089,5.8576,72802432,18.669,18.669,18.277,18.313,1804250,5.8782571428571435,5.731361904761904,64.90170903922274,0.14981816896185673,18.418142857142858,18.608619047619047,38.79922495597855,-0.03672067122388967
2005-08-29,5.8036,5.8946,5.7961,5.8703,71339545,18.295,18.491,18.225,18.438,519003,5.869842857142857,5.750809523809524,60.86335697313596,0.14131129754457294,18.418142857142858,18.59552380952381,38.12010409028623,-0.03657734343255825
2005-08-30,5.8895,5.9921,5.8806,5.9638,144650701,18.34,18.438,18.277,18.438,998640,5.8833714285714285,5.774104761904762,66.62866373550382,0.14049467409747507,18.41542857142857,18.582,44.24242377318638,-0.03604821375635581
2005-08-31,5.9972,6.0227,5.9256,6.0049,112376006,18.377,18.58,18.359,18.535,962527,5.902028571428572,5.796680952380952,65.55723573894663,0.14153242297399427,18.421714285714284,18.564142857142855,42.31974875197763,-0.027484955876065698
2005-09-01,6.019,6.0407,5.9025,5.9243,99352590,18.544,18.58,18.447,18.491,524740,5.911557142857142,5.815228571428571,51.033449111863895,0.13430293935333015,18.423000000000002,18.538285714285717,50.42016740813975,-0.023972603338791032
2005-09-02,5.9446,5.9933,5.906,5.9191,62007559,18.518,18.571,18.411,18.438,555673,5.9197999999999995,5.836638095238095,38.388860594922896,0.12669348136730196,18.43285714285714,18.518333333333334,43.07992143945529,-0.025175488349884034
2005-09-06,5.9791,6.2596,5.9612,6.2492,228209875,18.499,18.687,18.482,18.652,764557,5.969885714285715,5.872066666666667,67.15366729014997,0.14562061848517338,18.472142857142853,18.510809523809524,61.77024400679523,-0.00875979440302288
2005-09-07,6.2839,6.3263,6.1366,6.2341,268406042,18.447,18.679,18.447,18.652,2562392,6.023671428571428,5.908838095238095,61.51315688300727,0.15758551943524157,18.52057142857143,18.51042857142857,55.03875883660842,0.004201330990134977
2005-09-08,6.3237,6.4183,6.2932,6.3748,195927825,18.669,18.758,18.616,18.696,551285,6.095742857142857,5.9451809523809525,75.23216188759878,0.17638781482990762,18.55742857142857,18.505380952380953,65.65533869032197,0.0178181519563978
2005-09-09,6.4033,6.5762,6.3763,6.5708,171695677,18.722,18.785,18.66,18.713,1564658,6.182457142857143,5.993533333333334,84.4341925781934,0.2047441680327955,18.596714285714285,18.5112380952381,65.5717750389235,0.029639670924765937
2005-09-12,6.5566,6.6116,6.4773,6.5823,126205513,18.722,18.829,18.713,18.758,657135,6.264942857142857,6.038657142857143,84.52984668024006,0.225544796120154,18.62857142857143,18.51252380952381,66.02640945453805,0.042153514322492924
2005-09-13,6.544,6.5683,6.4439,6.5083,137444725,18.81,18.875,18.705,18.777,1186936,6.348371428571428,6.067452380952381,80.05542621637323,0.23336813953765567,18.669428571428572,18.52657142857143,67.49703328000184,0.05299309516889039
2005-09-14,6.5543,6.5556,6.3341,6.3534,132304903,18.777,18.81,18.58,18.58,1793786,6.4104142857142845,6.079238095238095,69.94163344748468,0.2244813785167512,18.689714285714285,18.52657142857143,61.380797346999664,0.04516663463351378
2005-09-15,6.4033,6.4263,6.3174,6.3864,112889017,18.616,18.66,18.491,18.535,1247901,6.430014285714286,6.1013142857142855,69.83894503193,0.21759310274804466,18.673000000000002,18.53290476190476,58.195019901732095,0.03493032926097328
2005-09-16,6.4313,6.5581,6.3965,6.5581,164771845,18.626,18.679,18.527,18.652,1247451,6.476299999999999,6.126076190476191,75.75178217739506,0.22341347811161594,18.673000000000002,18.537238095238095,66.66666574893478,0.03584569879233257
2005-09-19,6.5375,6.7735,6.5375,6.7411,218488130,18.643,18.643,18.457,18.499,1337665,6.5286285714285714,6.164738095238095,78.45007769321673,0.24002586931542158,18.644857142857145,18.540142857142857,52.9186595781232,0.023949242456019704
2005-09-20,6.7874,6.8911,6.7769,6.8117,228763721,18.544,18.705,18.402,18.429,1053978,6.5630428571428565,6.209623809523809,78.12271900914223,0.2559378468190818,18.604285714285716,18.538809523809523,49.596411933318585,0.008771685583340627
2005-09-21,6.7874,6.7936,6.6415,6.6733,121023080,18.386,18.395,18.191,18.207,866919,6.576042857142857,6.2476714285714285,70.82502430735896,0.2544473694009346,18.52557142857143,18.52528571428571,36.77419313319468,-0.020928926616999632
2005-09-22,6.6529,6.7193,6.5723,6.6462,129321885,18.154,18.313,18.1,18.277,1219669,6.595742857142858,6.285223809523809,73.26758136675942,0.2482181079547976,18.45414285714286,18.51552380952381,41.54818279488591,-0.03837608516009183
2005-09-23,6.672,6.8512,6.6387,6.8129,155727470,18.217,18.34,18.154,18.285,751170,6.661385714285714,6.330533333333333,76.09177892031474,0.253806941773866,18.412,18.51152380952381,43.734643233181885,-0.05097000042707123
2005-09-26,6.9384,6.9871,6.8282,6.8948,152418192,18.377,18.447,18.199,18.26,920346,6.734014285714286,6.377971428571429,72.04014679191447,0.26182660426146853,18.372714285714288,18.50595238095238,31.007751517336743,-0.06225047534647743
2005-09-27,6.9151,6.946,6.8423,6.8436,95282512,18.285,18.295,18.145,18.199,1046216,6.7748,6.42492380952381,70.30718932211593,0.2610417061618806,18.308,18.50052380952381,29.277218289221395,-0.07524514401157845
2005-09-28,6.7962,6.8014,6.4788,6.5413,313859506,18.25,18.359,18.199,18.313,1099984,6.746257142857144,6.456876190476191,55.00812081446568,0.2333368235350033,18.28142857142857,18.494571428571426,33.53396348282401,-0.07547464061230968
2005-09-29,6.5566,6.7348,6.507,6.7029,177605826,18.285,18.509,18.199,18.457,1043069,6.730714285714286,6.492071428571429,54.05737406670971,0.22186277790386022,18.28542857142857,18.49547619047619,40.077518944895125,-0.06330715628966743
2005-09-30,6.7053,6.8706,6.6439,6.8654,148030444,18.474,18.59,18.447,18.58,754770,6.758157142857144,6.53304761904762,57.957164083759466,0.22330775323098262,18.338714285714282,18.49761904761905,43.49415160166801,-0.043240812090566294
2005-10-03,6.9359,6.9844,6.8742,6.9714,141517615,18.535,18.705,18.535,18.553,1188171,6.804614285714286,6.582909523809524,62.78645928598462,0.2303508791627049,18.37814285714286,18.50057142857143,41.860464690373135,-0.029180390714167004
2005-10-04,7.0398,7.0884,6.8693,6.8835,150428307,18.599,18.643,18.369,18.386,883116,6.8147,6.628833333333334,65.19869206217001,0.22623195071419477,18.392571428571426,18.49809523809524,42.79346166485255,-0.031153788317109132
2005-10-05,6.9575,6.9615,6.7553,6.759,170303943,18.395,18.395,18.109,18.127,2052389,6.795299999999999,6.653109523809524,60.1503754810367,0.2104951042008123,18.37357142857143,18.473095238095237,36.9230765917159,-0.053005837284466395
2005-10-06,6.8268,6.8501,6.5144,6.621,211205526,18.1,18.191,17.807,17.921,1408530,6.7635,6.6715333333333335,51.745573222824014,0.18475831443447888,18.33385714285714,18.438285714285715,27.835051310072203,-0.08595538177701556
2005-10-07,6.6258,6.6502,6.4733,6.5695,189042294,17.959,18.065,17.931,17.968,1098298,6.767528571428571,6.680804761904762,44.86289029572476,0.1583803929430836,18.28457142857143,18.40361904761905,32.79325958580317,-0.10704171570391807
2005-10-10,6.6462,6.6475,6.4391,6.4504,141505636,17.941,18.028,17.826,17.842,1060163,6.731457142857143,6.675071428571429,39.48914845357067,0.12640817077241095,18.196714285714286,18.362142857142857,31.644777709176367,-0.1323937811371998
2005-10-11,6.5657,6.6425,6.4543,6.6066,338562315,17.826,17.904,17.673,17.708,964443,6.694485714285714,6.676228571428572,48.07946981104948,0.11237855886350978,18.072142857142858,18.312142857142856,33.4877561424032,-0.16143720811612994
2005-10-12,6.229,6.4414,6.1301,6.307,751820583,17.336,17.763,17.336,17.594,2307055,6.599571428571429,6.666642857142857,41.557988759675546,0.07620631524413035,17.935142857142857,18.255809523809525,28.0385849565657,-0.19144630665385165
2005-10-13,6.3428,6.9092,6.3096,6.8822,519953389,17.559,17.772,17.549,17.717,3109967,6.599385714285715,6.691823809523809,51.433298564605515,0.09288269058229037,17.83957142857143,18.214714285714287,32.994011699451264,-0.20296401853777724
2005-10-14,6.8822,6.9604,6.7601,6.9151,288777529,17.763,17.817,17.645,17.79,1096833,6.621685714285715,6.7170000000000005,50.428540972767756,0.10751423604002497,17.791428571428572,18.179238095238095,36.32130354569356,-0.20385152478828772
2005-10-17,6.9151,6.9447,6.7463,6.8436,172007646,17.807,17.826,17.682,17.772,1603241,6.653485714285715,6.730595238095238,49.999999706965845,0.11204876041813527,17.770142857142854,18.137333333333334,37.25373103190896,-0.20365966757956144
2005-10-18,6.8194,6.9092,6.6847,6.686,169958934,17.798,17.817,17.717,17.736,1606612,6.670128571428572,6.727971428571428,53.22400929319722,0.1017524617352521,17.737,18.101,31.934877616099996,-0.20406023908179094
2005-10-19,6.6682,7.0385,6.5581,7.0359,281225314,17.531,17.959,17.531,17.959,2425385,6.7537714285714285,6.738647619047619,56.84509094070413,0.12043823955652311,17.753714285714285,18.07861904761905,35.14319779713307,-0.1842594305541141
2005-10-20,6.9999,7.2355,6.9604,7.1895,378487355,17.968,18.073,17.763,17.826,1698514,6.837042857142857,6.763228571428571,56.686609946931064,0.1459585698773873,17.77057142857143,18.06047619047619,27.63938292588884,-0.17725584061870947
2005-10-21,7.2971,7.2971,7.0896,7.1278,221522567,17.817,18.038,17.817,17.931,508205,6.954299999999999,6.786161904761904,53.28681878529949,0.15936784782248115,17.818714285714286,18.044,32.369614255569914,-0.16137261955115534
2005-10-24,7.1138,7.2728,7.0551,7.2728,170578017,18.109,18.163,17.913,18.163,1115169,7.0101,6.808061904761905,57.98957402132167,0.1796244861233669,17.882428571428573,18.038190476190476,43.90377221724833,-0.12858237376260107
2005-10-25,7.2225,7.2803,7.1318,7.1846,130023884,18.225,18.225,17.869,18.038,1124505,7.0485999999999995,6.821861904761906,58.86666632327776,0.18641217155997758,17.91785714285714,18.027619047619048,47.374630877141726,-0.11139819402783502
2005-10-26,7.2076,7.3711,7.1614,7.3034,176447614,18.028,18.207,17.994,17.994,1111458,7.114285714285714,6.843757142857142,64.3313168260087,0.19908272657088322,17.949571428571428,18.017857142857142,52.38095190258755,-0.10017528176808455
2005-10-27,7.2983,7.3008,7.0958,7.0958,114915650,18.02,18.028,17.798,17.798,1105158,7.17282857142857,6.870161904761904,60.372895721068815,0.19018036680369121,17.958428571428573,17.993333333333332,44.94649189699703,-0.1058761307751972
2005-10-28,7.1779,7.2266,6.9372,6.9755,214728236,17.869,17.986,17.745,17.968,1260161,7.1642,6.883142857142857,60.34435174153071,0.1714417046863339,17.959714285714288,17.97004761904762,53.65005750225914,-0.09557478876338976
2005-10-31,7.0741,7.425,7.0114,7.3752,263084340,18.011,18.26,17.994,18.154,1104033,7.190728571428572,6.907419047619048,63.815789152494595,0.1866915653671919,18.006571428571426,17.949761904761903,62.54218173476355,-0.0715771585403111
2005-11-01,7.3327,7.4457,7.2829,7.3636,209483745,18.119,18.163,18.065,18.119,1695926,7.224414285714286,6.926095238095239,71.18623636645519,0.19558656658020457,18.03342857142857,17.929095238095236,65.45026432236389,-0.05475192507732629
2005-11-02,7.3942,7.6837,7.3763,7.6773,240592728,18.047,18.369,18.028,18.322,762868,7.2822000000000005,6.963895238095239,67.81058153785754,0.22535117930743453,18.056142857142856,17.92604761904762,67.0039342675351,-0.024752076351884256
2005-11-03,7.7542,7.9807,7.6928,7.9207,246540209,18.447,18.535,18.395,18.491,1506392,7.387357142857143,7.019214285714286,70.58462253820325,0.2655194521927857,18.120857142857144,17.943380952380952,68.69333282042312,0.012515635058100827
2005-11-04,7.7337,7.8425,7.6352,7.831,244879684,18.491,18.58,18.402,18.571,1088284,7.462728571428571,7.076833333333333,70.06258087578179,0.28680890300389894,18.203285714285716,17.974333333333334,70.62467682563482,0.04795312251540551
2005-11-07,7.7925,7.8975,7.7017,7.7132,177810390,18.626,18.669,18.509,18.607,1221245,7.550928571428572,7.131295238095238,71.21437381371281,0.290823043633643,18.318857142857144,18.004761904761907,72.4832209526251,0.07804285630656338
2005-11-08,7.6773,7.7325,7.5684,7.6709,132038217,18.491,18.679,18.491,18.616,999198,7.650271428571428,7.189414285714285,65.02318495773416,0.2872794439146835,18.41142857142857,18.041619047619047,69.06558272378514,0.10144600550126981
2005-11-09,7.7027,7.8385,7.6837,7.6977,148455396,18.561,18.679,18.535,18.599,1061627,7.696342857142858,7.241371428571428,62.79069723191897,0.283367171269747,18.474999999999998,18.084047619047617,74.05102611280992,0.11726960096149242
2005-11-10,7.7694,7.8374,7.557,7.8347,186246267,18.635,18.758,18.499,18.758,1281534,7.763642857142857,7.314119047619047,67.14195599205226,0.28800151980981425,18.566285714285716,18.139476190476188,74.89464115079765,0.1410143597868938
2005-11-11,7.8758,7.9538,7.8552,7.8808,118545663,18.802,18.848,18.758,18.802,999759,7.792714285714285,7.361671428571428,65.4864997876663,0.292027843938814,18.63485714285714,18.191142857142857,71.69042701719887,0.16152077356990802
2005-11-14,7.8808,7.9372,7.8004,7.8695,103128186,18.848,18.902,18.748,18.82,4265520,7.7854,7.407119047619047,68.15651293452565,0.2909529942514064,18.681857142857144,18.240190476190474,78.62371808145524,0.1771822570344348
2005-11-15,7.8886,8.0784,7.8707,7.9757,150758829,19.042,19.042,18.696,18.758,3150913,7.806071428571428,7.461028571428572,67.94235337539742,0.2952669667840482,18.708571428571428,18.287142857142857,77.60115528438128,0.18248761009599335
2005-11-16,8.1,8.3318,8.0796,8.3176,218223908,18.669,18.829,18.669,18.829,1325404,7.892414285714286,7.538723809523811,80.42633672379287,0.32255606814968996,18.74028571428571,18.339190476190474,90.9451935875832,0.1902284125220497
2005-11-17,8.4009,8.4369,8.2281,8.2627,188541219,18.848,19.071,18.848,19.052,5379001,7.9769571428571435,7.597142857142858,83.13426628712946,0.33588107841451276,18.80257142857143,18.391238095238094,91.31097463540114,0.21191447239976213
2005-11-18,8.3636,8.3789,8.2433,8.2677,146342787,19.201,19.246,19.071,19.157,1394694,8.058385714285714,7.648485714285714,78.83310647821702,0.34289205707311154,18.88228571428571,18.454619047619047,90.73923536121092,0.23486606378657626
2005-11-21,8.3012,8.3484,8.1602,8.319,142584326,19.157,19.175,18.713,19.148,1400767,8.127571428571429,7.705209523809523,80.09323351309989,0.34856969497289025,18.938,18.51257142857143,92.69709435870588,0.24945359477298013
2005-11-22,8.3228,8.5495,8.2627,8.5186,150663168,19.115,19.329,19.106,19.274,1471072,8.218685714285714,7.764533333333334,78.55155019363218,0.36496818968100264,19.005428571428574,18.56547619047619,92.198580415975,0.2680910780840051
2005-11-23,8.5699,8.7056,8.5402,8.5943,135469074,19.329,19.486,19.284,19.38,2556429,8.322228571428571,7.831661904761905,75.79656781468142,0.3796955779602236,19.085428571428572,18.629380952380952,91.73708799594431,0.28809376639795303
2005-11-25,8.6444,8.9054,8.6444,8.8799,110162197,19.469,19.559,19.38,19.433,676031,8.451400000000001,7.906733333333333,84.92840413653168,0.40969002088029605,19.181857142857144,18.697904761904763,91.52215676174346,0.3047101886792696
2005-11-28,9.0588,9.1005,8.8452,8.921,283877472,19.486,19.505,19.362,19.362,1231591,8.5376,7.99364761904762,92.38489521800359,0.4317997408788665,19.258,18.77238095238095,85.18173234618412,0.3085924546982035
2005-11-29,8.9636,9.0023,8.625,8.7209,248452151,19.38,19.524,19.347,19.362,2143277,8.603057142857143,8.076761904761904,83.17325845796442,0.428238983146934,19.302285714285713,18.838761904761903,85.0563898582804,0.30811739297858765
2005-11-30,8.7635,8.8171,8.6469,8.6853,165644525,19.329,19.45,19.292,19.302,1573320,8.662714285714285,8.13914761904762,81.02928168002396,0.4177291133210961,19.323,18.893428571428572,81.75248315760173,0.2994475595175956
2005-12-01,8.8221,9.1867,8.8118,9.1704,226435371,19.469,19.638,19.425,19.594,2394229,8.784342857142857,8.225185714285715,84.43413189890293,0.4434318749866524,19.386714285714284,18.96366666666667,83.70967647424553,0.3125358944468175
2005-12-02,9.2345,9.3146,9.054,9.3004,249726299,19.576,19.682,19.552,19.576,3255747,8.896028571428571,8.30247619047619,85.07956845353668,0.46888638198973176,19.42985714285714,19.02338095238095,81.87808801788026,0.317792727859203
2005-12-05,9.2162,9.2878,9.1557,9.1977,161051681,19.594,19.594,19.406,19.477,2257109,8.98222857142857,8.363285714285714,81.40249615110886,0.4752933446617771,19.443714285714286,19.070333333333334,75.36679455201912,0.3103923240898858
2005-12-06,9.4739,9.582,9.3931,9.4849,238354819,19.576,19.682,19.505,19.505,1509653,9.068657142857143,8.442042857142857,82.8687162818355,0.49780713769928653,19.454,19.114809523809523,79.61934883848456,0.3032906707197398
2005-12-07,9.506,9.534,9.3634,9.4719,188686785,19.567,19.584,19.398,19.469,1699301,9.147357142857144,8.525790476190476,79.34312821658254,0.5087360964870857,19.469285714285714,19.15585714285714,76.10114105594133,0.29139859846996785
2005-12-08,9.3723,9.4989,9.2966,9.4889,219470631,19.486,19.496,19.21,19.329,1273434,9.257071428571427,8.612361904761904,81.7833068196131,0.512857234038929,19.46457142857143,19.189809523809522,62.11723458474083,0.26759257492989263
2005-12-09,9.506,9.551,9.3931,9.516,154868905,19.329,19.441,19.274,19.398,1280747,9.375742857142857,8.69894761904762,81.98964627755879,0.5124033419893586,19.478285714285715,19.22785714285714,60.88527474941838,0.251395917456275
2005-12-12,9.6,9.651,9.547,9.593,146400006,19.496,19.515,19.38,19.45,1065002,9.436114285714284,8.782676190476192,82.22379545167283,0.5123508243779931,19.457714285714285,19.260809523809524,63.13043401406428,0.23998946596034543
2005-12-13,9.591,9.666,9.503,9.601,137622629,19.416,19.486,19.339,19.388,1168262,9.479057142857142,8.864590476190475,80.31593035826631,0.507109098906092,19.430857142857146,19.288714285714285,55.248618072301475,0.22337199580301714
2005-12-14,9.2976,9.3861,8.9995,9.2219,404061552,19.425,19.46,19.302,19.416,1451609,9.482514285714286,8.928990476190476,65.02441783474964,0.4669817174234794,19.42214285714286,19.317095238095238,51.785713566468345,0.21004067877601784
2005-12-15,9.3067,9.3313,9.1369,9.2444,156393442,19.441,19.441,19.292,19.339,1109883,9.448157142857143,8.98940476190476,59.98356568623945,0.4320160285989427,19.398428571428575,19.344761904761906,45.445735817596535,0.1910598386121194
2005-12-16,9.2384,9.2586,9.0995,9.1063,185897396,19.292,19.292,19.148,19.175,1214271,9.395928571428572,9.026961904761905,54.819245374528236,0.388681474350669,19.356428571428573,19.361238095238097,41.68888837009389,0.1609288688129169
2005-12-19,9.0966,9.2966,9.0966,9.1417,147457351,19.157,19.167,18.91,18.943,2192886,9.346328571428572,9.068819047619048,61.9695068451626,0.35312441362224334,19.30128571428571,19.35604761904762,34.561532436358576,0.11698091391253485
2005-12-20,9.1674,9.2693,9.1072,9.2345,133547797,18.918,18.961,18.829,18.875,1333726,9.306114285714287,9.114857142857144,65.12947608164589,0.32864495677094396,19.22657142857143,19.342619047619046,34.358974006574584,0.07579113826223605
2005-12-21,9.2917,9.4267,9.2888,9.413,131732602,18.935,19.015,18.848,18.892,1105834,9.2804,9.166952380952381,58.04163298025529,0.31995996970202434,19.146857142857147,19.33042857142857,17.798164909014105,0.04401235519420155
2005-12-22,9.467,9.538,9.4258,9.4819,103351853,19.042,19.042,18.892,18.98,1179960,9.263385714285715,9.21282380952381,56.270295869699304,0.31500552148902905,19.08857142857143,19.31642857142857,24.310344534185347,0.025632825950648197
2005-12-23,9.4969,9.51,9.3861,9.3931,64059818,19.015,19.088,18.971,19.015,833621,9.287842857142858,9.250861904761903,56.81596149335606,0.300450264097206,19.031285714285712,19.299047619047617,28.923357294774505,0.013732820692016645
2005-12-27,9.4839,9.628,9.4719,9.506,164601939,19.071,19.115,18.839,18.857,1668478,9.325214285714285,9.28067619047619,50.837899522094695,0.29462890558113664,18.962428571428575,19.271619047619048,23.57259353179738,-0.008351033236451144
2005-12-28,9.519,9.572,9.389,9.4228,110919913,18.902,18.91,18.785,18.81,1020458,9.370428571428572,9.30457142857143,48.153162811897815,0.2800733807542315,18.910285714285713,19.245333333333335,23.362974674954074,-0.029307317274575695
2005-12-29,9.4557,9.4557,9.1462,9.15,136655807,18.848,18.884,18.696,18.705,1848905,9.371614285714285,9.325004761904761,39.30982237692422,0.24371593673595449,18.87628571428571,19.21404761904762,24.043260951243084,-0.05376814018450915
2005-12-30,9.0814,9.2751,9.0081,9.2064,174081204,18.66,18.66,18.553,18.58,1158476,9.3676,9.349819047619047,40.411297964718706,0.21695251550526962,18.834142857142858,19.179666666666666,17.48807611698477,-0.08229137021155708
2006-01-03,9.2722,9.571,9.2526,9.571,224233638,18.669,18.98,18.527,18.943,3046413,9.39017142857143,9.368895238095238,49.421661045266426,0.2225965300338757,18.84142857142857,19.148666666666664,33.84321193511484,-0.07474357185427039
2006-01-04,9.628,9.73,9.54,9.6,172662101,18.98,19.167,18.943,19.167,3070373,9.407042857142857,9.383161904761906,49.9739985961331,0.22679515645903514,18.868142857142857,19.129190476190477,43.6164063485675,-0.05010933015720198
2006-01-05,9.591,9.591,9.4458,9.523,124912881,19.088,19.284,19.088,19.255,1442276,9.4256,9.398652380952381,59.28804933676803,0.2213576682569922,18.902428571428572,19.118619047619045,45.50530394356544,-0.023218008825796943
2006-01-06,9.637,9.823,9.545,9.769,196417600,19.38,19.576,19.329,19.559,5071583,9.463171428571428,9.412180952380952,64.22142653486229,0.23419886504163578,19.002714285714287,19.121190476190478,55.45094114156934,0.022365995166907737
2006-01-09,9.835,9.886,9.7,9.739,188213509,19.576,19.638,19.486,19.621,2765317,9.508342857142859,9.4249,68.21977713812316,0.23919753642514152,19.118571428571425,19.12842857142857,61.638830447315364,0.06277094421911755
2006-01-10,9.764,10.485,9.711,10.356,635685920,19.524,19.621,19.486,19.602,2724821,9.68062857142857,9.466190476190476,76.19396821833752,0.28960734977204616,19.246714285714287,19.14142857142857,69.34820847276862,0.09219623542277233
2006-01-11,10.737,10.859,10.577,10.744,416203660,19.647,19.833,19.621,19.789,2634944,9.900285714285713,9.524666666666667,78.88331824102929,0.35675341607207756,19.419428571428572,19.16004761904762,75.08232653614019,0.12911694807038998
2006-01-12,10.879,11.065,10.708,10.794,356865841,19.806,19.833,19.655,19.682,1828320,10.075000000000001,9.581857142857142,77.79119331519094,0.40928377096729207,19.525000000000002,19.171095238095237,70.65899529852192,0.14803640159122367
2006-01-13,10.888,11.015,10.833,10.959,216310030,19.701,19.737,19.584,19.674,1632261,10.269142857142857,9.64652380952381,78.61820393666264,0.45893822256932815,19.59742857142857,19.184714285714286,68.94104750809237,0.16053413410365636
2006-01-17,10.965,11.062,10.74,10.848,232661139,20.111,20.111,19.406,19.477,2678701,10.458428571428572,9.723957142857143,77.94767332926071,0.48375651687212695,19.629142857142856,19.187619047619048,61.58475383039789,0.15278125633871298
2006-01-18,10.641,10.764,10.48,10.565,332713712,19.097,19.31,19.088,19.246,4905555,10.572142857142856,9.786842857142858,69.0948427813459,0.47511265609087694,19.58442857142857,19.183190476190475,59.409772214931365,0.12653861699194735
2006-01-19,10.424,10.458,10.083,10.122,472861708,19.362,19.505,19.265,19.416,4343808,10.626857142857144,9.835209523809525,61.15934599839414,0.4275869799107994,19.555142857142858,19.194666666666667,63.83561603027461,0.11809736260924453
2006-01-20,10.154,10.25,9.711,9.742,317157060,19.32,19.38,18.875,18.91,3676664,10.539142857142858,9.86379523809524,59.13580221361075,0.35516558712115653,19.456285714285713,19.19309523809524,53.956001252264016,0.06977333296343247
2006-01-23,9.752,10.189,9.731,9.946,295519535,18.971,18.989,18.82,18.839,2054190,10.425142857142857,9.89767619047619,60.916282662407625,0.3106512128600851,19.32057142857143,19.191380952380953,55.10445377553711,0.02545367061456716
2006-01-24,10.088,10.169,9.704,9.738,318070991,18.926,19.052,18.884,18.902,2568465,10.274285714285714,9.913152380952383,52.584338986016476,0.2556425012554264,19.209142857142858,19.191857142857142,49.083593792056185,-0.004534140862347158
2006-01-25,9.917,9.925,9.3792,9.502,355727991,18.98,18.989,18.82,18.961,2085912,10.066142857142856,9.914109523809524,48.574752565431496,0.19080499214915037,19.107285714285716,19.190952380952382,45.02895722470775,-0.023270641126451608
2006-01-26,9.562,9.662,9.2122,9.2626,328984852,19.061,19.148,18.98,19.088,2396141,9.839657142857144,9.90789523809524,46.38373496017879,0.11873452214111069,19.051714285714286,19.194428571428574,46.044528354039194,-0.02755398872794146
2006-01-27,9.3342,9.4258,9.1043,9.2237,265924867,19.292,19.406,19.193,19.302,2677239,9.648042857142856,9.894452380952382,41.965048599442795,0.05781282031553836,19.059714285714286,19.215619047619047,43.641761201887824,-0.013524657205142177
2006-01-30,9.1282,9.809,9.0749,9.604,388283817,19.302,19.406,19.274,19.362,4241109,9.574042857142857,9.903080952380952,48.19692256791404,0.0397606286252401,19.052,19.24190476190476,43.58593332827982,0.002407436235284166
2006-01-31,9.671,9.775,9.4458,9.672,254411304,19.362,19.371,19.201,19.201,1241152,9.564042857142855,9.927938095238096,39.29443418577536,0.030588562444805234,19.09357142857143,19.26552380952381,40.72188775099196,0.002019105611854144
2006-02-01,9.604,9.79,9.558,9.66,145338449,19.097,19.362,19.097,19.32,3466657,9.523185714285715,9.949538095238095,30.7705951781777,0.02209661814452346,19.162285714285712,19.300761904761906,38.79598636256865,0.011184725714727506
2006-02-02,9.647,9.652,9.2267,9.2335,197102201,19.274,19.32,19.042,19.052,2720098,9.451114285714285,9.933466666666666,25.579793947570607,-0.01883121990435299,19.183714285714284,19.30595238095238,36.02484449674012,-0.0031406115347536456
2006-02-03,9.2556,9.3215,9.0966,9.1995,193012150,18.961,19.024,18.892,18.918,1725398,9.4079,9.914395238095237,21.288469600196294,-0.05339483980128534,19.17757142857143,19.294095238095238,34.11764685813151,-0.025017834604465605
2006-02-06,9.2414,9.2849,8.5469,8.6186,460627942,18.91,18.953,18.777,18.865,1666567,9.3159,9.871328571428572,18.457838070625442,-0.12620571191653163,19.145714285714284,19.27552380952381,36.314847715381084,-0.04610092578894509
2006-02-07,8.7516,8.8977,8.5391,8.6569,386911118,18.802,18.926,18.777,18.81,3965637,9.234928571428572,9.818371428571428,20.995348465042753,-0.1787577546060657,19.07542857142857,19.23985714285714,39.4174754602696,-0.06648111488460628
2006-02-08,8.7671,8.8466,8.4521,8.8118,265774594,18.892,19.201,18.884,19.175,2177363,9.121757142857144,9.774219047619047,28.17206437611324,-0.20553718686019096,19.048714285714286,19.218619047619047,44.656319013220205,-0.052574070844059406
2006-02-09,8.8632,8.8656,8.2639,8.3176,320518384,19.22,19.329,19.08,19.088,1467018,8.92827142857143,9.67715238095238,27.139372029289575,-0.2635992812261261,19.03257142857143,19.194142857142857,54.84749413514984,-0.04801927484825441
2006-02-10,8.3406,8.666,8.055,8.6199,490534811,19.088,19.246,18.971,19.238,2275559,8.779685714285716,9.57600476190476,29.36801804426291,-0.28197044597179044,19.020857142857146,19.167904761904758,60.41775412749425,-0.03193766231766304
2006-02-13,8.5186,8.5482,8.2779,8.287,246305917,19.115,19.184,18.989,19.061,2106607,8.644471428571428,9.45662380952381,28.269334333022627,-0.3197065956047531,19.022142857142857,19.138333333333335,53.91818592663645,-0.033093804496623136
2006-02-14,8.338,8.7209,8.3241,8.6621,323721270,19.106,19.38,19.071,19.32,1960941,8.5677,9.34724761904762,37.924490171394055,-0.3157060678743999,19.079571428571427,19.12147619047619,58.05293817283937,-0.012961507861945165
2006-02-15,8.6199,8.9156,8.5482,8.8644,319780928,19.32,19.45,19.302,19.425,2300757,8.602814285714285,9.252790476190475,44.213218444752336,-0.29283606959136677,19.15957142857143,19.119,57.63479800322285,0.011335436884447603
2006-02-16,8.9636,9.093,8.8977,9.0369,264382770,19.533,19.638,19.477,19.602,1783104,8.6571,9.180023809523808,47.3868276359981,-0.2578201328215677,19.272714285714283,19.135952380952382,56.91244202913634,0.04436198405744207
2006-02-17,9.0043,9.0774,8.9147,9.0013,160611426,19.559,19.559,19.45,19.496,1299757,8.684171428571428,9.126657142857145,40.66883400855746,-0.23028775919483913,19.318571428571428,19.1397619047619,53.023465368985335,0.06127609384759225
2006-02-21,9.0447,9.0654,8.7952,8.8466,217343065,19.441,19.477,19.22,19.284,2259920,8.759742857142857,9.084019047619048,37.55503271040029,-0.21843319000928574,19.346571428571426,19.157571428571426,51.83061282504249,0.05691790529175478
2006-02-22,8.8426,9.1787,8.7083,9.1331,272787728,19.255,19.441,19.193,19.38,1889064,8.833057142857143,9.045309523809523,42.66299033690314,-0.1838014541515527,19.366857142857146,19.183333333333334,51.336898075438214,0.0605128526592118
2006-02-23,9.1924,9.3489,9.1472,9.1896,238898288,19.31,19.425,19.265,19.284,1886589,8.962,9.019195238095238,49.31847092543281,-0.15006660179405173,19.398714285714284,19.20152380952381,55.59845522279034,0.05498168204785614
2006-02-24,9.2276,9.3342,9.1178,9.152,149120330,19.292,19.32,19.201,19.292,1685017,9.031985714285714,9.002528571428572,49.263405796703864,-0.1249254314080428,19.394714285714286,19.217285714285715,59.60945486406357,0.050659748582571495
2006-02-27,9.2228,9.2365,9.0474,9.09,220603158,19.274,19.524,19.274,19.469,2908508,9.064214285714286,8.994309523809523,58.71220491536524,-0.10875015054825887,19.401,19.23542857142857,64.58937154384003,0.060815957422221345
2006-02-28,9.1704,9.2712,8.7209,8.7708,352990588,19.46,19.469,19.229,19.246,1695590,9.0262,8.972742857142858,51.9070419158495,-0.12030113961198019,19.350142857142856,19.232761904761908,59.74083966203225,0.05029086796699289
2006-03-01,8.8364,8.899,8.711,8.8492,212775717,19.347,19.701,19.347,19.629,1908521,9.00447142857143,8.9368,50.64265560897753,-0.12172597560649656,19.369142857142858,19.24547619047619,60.06205636486311,0.07202430650814406
2006-03-02,8.8389,8.9636,8.7937,8.9147,174344973,19.552,19.718,19.542,19.674,1400881,9.0142,8.900738095238095,62.03296889748033,-0.11623003827335232,19.424857142857142,19.268,63.23396527313656,0.09182088306878455
2006-03-03,8.8785,8.9529,8.648,8.6722,205588060,19.45,19.755,19.45,19.559,2080737,8.948357142857143,8.8537,51.07999805264943,-0.1299442749693398,19.450428571428574,19.27938095238095,57.365763743404926,0.09711084039613738
2006-03-06,8.6569,8.6722,8.3161,8.3855,254456317,19.674,19.709,19.425,19.477,3147087,8.833485714285715,8.813319047619048,52.07359659423588,-0.16207885614175943,19.478,19.29961904761905,59.98080573909245,0.09360740707259652
2006-03-07,8.4215,8.5673,8.3341,8.4917,243243543,19.388,19.416,19.229,19.355,1481981,8.739157142857142,8.779614285714286,45.95479980848578,-0.1769366749390482,19.487,19.32042857142857,50.89881832943839,0.08006360709463678
2006-03-08,8.4983,8.606,8.3687,8.4084,181885134,19.347,19.441,19.21,19.339,1585243,8.641785714285714,8.769604761904763,38.52656977688608,-0.1932060580430317,19.46842857142857,19.343,47.68568317136725,0.06726360874045412
2006-03-09,8.4637,8.5124,8.1717,8.1871,222814141,19.441,19.505,19.22,19.22,1606952,8.5584,8.747233333333332,29.130648129749957,-0.22140450853141758,19.464714285714283,19.36252380952381,39.388888582530875,0.04697570565680209
2006-03-10,8.2064,8.259,7.9975,8.0921,290860787,19.255,19.416,19.175,19.31,3244049,8.450242857142857,8.712961904761906,28.304858071839263,-0.24855253089660323,19.419142857142855,19.36895238095238,44.78699516422763,0.0377247763957449
2006-03-13,8.338,8.4877,8.297,8.4112,240137202,19.406,19.477,19.32,19.38,1879502,8.378314285714286,8.71741904761905,40.36640385647857,-0.241534570859109,19.377142857142854,19.382857142857144,52.92326386058118,0.03563103094738551
2006-03-14,8.425,8.6212,8.388,8.6212,179026268,19.355,19.621,19.329,19.602,1973875,8.371028571428571,8.717480952380953,38.27692001288099,-0.21653150164615376,19.383285714285712,19.400190476190478,56.278280097343945,0.05129398216650927
2006-03-15,8.6853,8.7136,8.3906,8.4816,248753704,19.576,19.763,19.576,19.718,977488,8.384757142857142,8.72674761904762,34.380515142372374,-0.2056107892810619,19.417714285714283,19.43147619047619,62.13646483785764,0.07223453959269932
2006-03-16,8.5661,8.5673,8.2343,8.2356,208901227,19.763,19.824,19.567,19.594,2195808,8.34817142857143,8.706438095238095,31.485372377244545,-0.21433546433085127,19.451857142857143,19.444523809523808,57.930671842946715,0.07792603570047874
2006-03-17,8.2905,8.3931,8.2103,8.2806,226426802,19.612,19.718,19.567,19.655,1037894,8.329914285714285,8.678638095238096,33.534054654782,-0.2151387229672288,19.497000000000003,19.45547619047619,55.201341849653915,0.08636323594787854
2006-03-20,8.3509,8.383,8.1791,8.1947,168796439,19.682,19.718,19.629,19.691,499769,8.331,8.638533333333333,37.05102246854828,-0.2201687549704605,19.564285714285717,19.459714285714284,63.89756346373151,0.09486117647279002
2006-03-21,8.2343,8.2396,7.8616,7.9154,374628693,19.682,19.916,19.576,19.612,2158124,8.305757142857143,8.586823809523809,30.749566904224466,-0.24388095947475463,19.607428571428574,19.465238095238096,49.344640947706154,0.09413607373335964
2006-03-22,7.9732,8.1,7.8465,7.8975,375312303,19.469,19.647,19.416,19.621,1364659,8.23237142857143,8.541628571428571,28.610480107432593,-0.2611075475111715,19.64185714285714,19.48128571428571,47.898492727534546,0.09321314624539312
2006-03-23,7.9002,7.9272,7.6339,7.7041,397822515,19.594,19.647,19.486,19.576,1029119,8.101357142857143,8.473580952380953,29.2137242199544,-0.28705649771051434,19.63814285714286,19.49061904761905,50.71368538203893,0.08783805324204863
2006-03-24,7.7182,7.8041,7.5595,7.6786,298928443,19.584,19.691,19.524,19.638,1803125,7.986642857142857,8.40162857142857,32.90447377960693,-0.30614976071329814,19.626714285714286,19.50747619047619,56.87446558817896,0.08757166353012025
2006-03-27,7.7132,7.8604,7.6071,7.6209,308428049,19.559,19.737,19.559,19.665,832610,7.898828571428572,8.32871904761905,28.43486854973345,-0.322222832744389,19.636857142857142,19.525238095238098,64.4052036229806,0.08851883212014755
2006-03-28,7.6439,7.7017,7.4596,7.5187,381497781,19.559,19.728,19.425,19.441,817761,7.789985714285715,8.25389523809524,28.171156389226056,-0.33929634692550703,19.606285714285715,19.523904761904763,53.97196202834312,0.07038320828475264
2006-03-29,7.5724,8.0062,7.3854,7.9822,652507842,19.515,19.824,19.477,19.737,1231591,7.759628571428571,8.216342857142857,45.50677573918037,-0.3118320478146952,19.61285714285714,19.547285714285714,67.69336006317113,0.07898483396032674
2006-03-30,8.0488,8.1064,7.8796,8.0359,387195087,19.814,19.943,19.718,19.799,2395691,7.776842857142857,8.177614285714284,48.744863014816815,-0.2824770322969412,19.63957142857143,19.555380952380954,67.06210681167524,0.0897697562536095
2006-03-31,8.0988,8.1459,7.9706,8.032,226141936,19.851,19.861,19.682,19.682,1826186,7.796057142857143,8.135580952380952,40.14348068101025,-0.25657008814716864,19.648285714285713,19.555761904761905,60.20270213321769,0.08786313119844635
2006-04-03,8.1524,8.2116,8.0181,8.023,227495440,19.814,19.959,19.746,19.799,3716260,7.841614285714286,8.104666666666665,32.636711681810056,-0.23406669785151024,19.680142857142858,19.567190476190476,57.16363578160661,0.09470138072846623
2006-04-04,7.9538,7.9681,7.818,7.8334,259885126,19.78,19.907,19.746,19.87,2242484,7.863728571428571,8.078376190476192,31.71612295835172,-0.22889319607740077,19.713285714285714,19.58590476190476,55.7142851278196,0.1046435832864212
2006-04-05,8.287,8.6071,8.215,8.6071,622535329,19.916,20.045,19.879,20.036,3078471,8.004614285714286,8.08387142857143,58.07503333780358,-0.16051175513099203,19.766285714285715,19.618333333333332,66.10787104554652,0.1244827039995009
2006-04-06,8.7465,9.2267,8.7339,9.1235,741695172,19.976,20.111,19.916,20.018,1857566,8.233871428571428,8.11792380952381,65.2054692380573,-0.06391305632533317,19.848714285714287,19.650666666666666,63.65688420526982,0.13717167089437154
2006-04-07,9.0794,9.1187,8.7681,8.9371,430915952,20.009,20.111,19.789,19.789,1882090,8.370285714285714,8.153638095238096,62.923890787224266,-0.0023714768471059244,19.856142857142856,19.677761904761905,53.219447605077434,0.12728215298129797
2006-04-10,8.9957,9.0824,8.7659,8.7937,251933041,19.789,19.861,19.718,19.763,1316739,8.478542857142857,8.187047619047618,66.04904399200137,0.034432569488794584,19.851,19.699333333333332,55.13955018927601,0.11600937224619656
2006-04-11,8.8399,8.8747,8.5891,8.707,261920672,19.814,19.851,19.542,19.584,2779714,8.574971428571429,8.201133333333333,64.42907529071798,0.055959015256366484,19.837,19.709047619047617,48.87126254777448,0.09157617512045135
2006-04-12,8.7259,8.73,8.4905,8.543,206262018,19.612,19.674,19.567,19.621,2943716,8.649257142857142,8.197409523809524,65.11150307613894,0.059104133561369565,19.81157142857143,19.70995238095238,51.37952132476186,0.07434132067582766
2006-04-13,8.4905,8.6364,8.4278,8.511,204875670,19.638,19.755,19.576,19.647,1009323,8.746057142857143,8.198809523809523,64.95938433274695,0.05834199965718234,19.779714285714284,19.70657142857143,50.28213122009405,0.06206510912319274
2006-04-17,8.5175,8.5596,8.2408,8.2997,201207768,19.638,19.709,19.371,19.433,2925606,8.702142857142857,8.201861904761905,61.56073272639476,0.040224179650687475,19.693571428571428,19.698904761904764,43.49045981545096,0.03466847489679026
2006-04-18,8.3241,8.5124,8.297,8.4804,221406133,19.559,19.842,19.477,19.824,957803,8.610271428571428,8.21137619047619,65.95229375863977,0.03998572603134676,19.665857142857142,19.70695238095238,59.82555113516797,0.043999676287537426
2006-04-19,8.5571,8.5801,8.3843,8.4073,299730791,19.78,19.861,19.665,19.806,1320792,8.534585714285713,8.2215,58.1005370580405,0.033511886574240535,19.668285714285712,19.71242857142857,52.064631520703344,0.049373128359633256
2006-04-20,8.9003,8.9645,8.4778,8.6609,464772054,19.799,19.976,19.755,19.824,2267686,8.515614285714284,8.257,61.06664747682801,0.04828808772238524,19.677,19.72252380952381,50.768284750611016,0.054456338634242485
2006-04-21,8.7681,8.7901,8.5124,8.5852,220010056,19.851,19.888,19.559,19.612,1565332,8.498214285714285,8.289747619047619,59.55242408007531,0.05327584545700148,19.681,19.72209523809524,47.967479284817244,0.04090664481936912
2006-04-24,8.5699,8.5699,8.388,8.4201,197137617,19.567,19.629,19.477,19.584,665572,8.480657142857142,8.323842857142857,56.5062093944074,0.043406130343587535,19.675714285714285,19.72247619047619,43.417023510203144,0.027590997017753693
2006-04-25,8.4481,8.5276,8.3957,8.4739,147397311,19.584,19.647,19.45,19.576,2378481,8.475357142857144,8.361714285714285,60.98288663748399,0.039470528698108964,19.66557142857143,19.71952380952381,40.636942312791604,0.01620590546927758
2006-04-26,8.5289,8.7439,8.5032,8.7274,198226556,19.647,19.691,19.559,19.647,2756204,8.536457142857142,8.41440476190476,52.510748117397604,0.05615949574283974,19.696142857142856,19.718666666666667,36.81355897261698,0.012765096928799124
2006-04-27,8.6748,8.9462,8.625,8.8826,235896757,19.524,19.907,19.524,19.842,2977907,8.593914285714286,8.479352380952381,44.07962614051868,0.08097552980076017,19.698714285714285,19.737761904761904,44.673123108096966,0.025479391127241513
2006-04-28,8.8682,9.1311,8.8619,9.0137,211664380,19.647,19.647,19.388,19.425,3273295,8.680542857142857,8.528471428571429,51.93512493578633,0.10995361312476071,19.64428571428571,19.72290476190476,40.108695346999035,0.0018854120391011975
2006-05-01,9.0635,9.1615,8.8568,8.9127,209203761,19.524,19.524,19.265,19.265,4332224,8.716514285714286,8.57022380952381,53.07207727023487,0.1233472269754774,19.56442857142857,19.69747619047619,37.38601797193298,-0.029384918152910444
2006-05-02,8.9842,9.2182,8.9787,9.1724,215024377,19.362,19.441,19.32,19.355,985701,8.8004,8.62452857142857,61.0294810624643,0.15315194179326852,19.527714285714286,19.68190476190476,43.925729116732,-0.04637010655801177
2006-05-03,9.2132,9.2132,8.9881,9.11,191525089,19.329,19.388,19.22,19.31,917198,8.898957142857142,8.676290476190477,64.11711936179678,0.16978011503463541,19.488571428571426,19.658619047619048,41.785525311676,-0.06273889967815549
2006-05-04,9.0985,9.3342,9.0232,9.1081,239941811,19.347,19.45,19.184,19.38,1893340,8.989557142857143,8.736990476190476,65.09276532465564,0.18072150301536816,19.460571428571427,19.635285714285715,43.10789850102708,-0.06926443389276216
2006-05-05,9.2084,9.2526,9.1109,9.2064,156978095,19.46,19.515,19.406,19.486,1266799,9.057985714285715,8.765528571428572,74.30700710937853,0.19507590666961327,19.43757142857143,19.60909523809524,51.44887877513162,-0.06513185319032999
2006-05-08,9.3352,9.4527,9.1857,9.2064,165851949,19.505,19.559,19.469,19.515,860731,9.104242857142856,8.769476190476192,71.55069995149027,0.20409914706345766,19.39085714285714,19.58514285714286,39.46830228182941,-0.05883844263212268
2006-05-09,9.1953,9.2917,9.0437,9.0958,148225167,19.584,19.584,19.371,19.433,1766228,9.115971428571429,8.777033333333334,69.99244963128274,0.20001992917187117,19.392,19.568190476190473,37.81841898794389,-0.05977849484284903
2006-05-10,9.1311,9.135,8.9147,9.0407,128253590,19.469,19.515,19.175,19.229,2940229,9.134257142857143,8.788795238095238,62.46553703917712,0.19014908975057843,19.386857142857142,19.542761904761907,32.67326706032276,-0.0761072708501942
2006-05-11,9.0514,9.0711,8.6505,8.7274,225979072,19.133,19.175,18.758,18.829,2953275,9.070685714285714,8.789766666666667,54.037478275681565,0.15525599231508558,19.311714285714288,19.506809523809526,29.448818681216068,-0.11994198400865486
2006-05-12,8.7274,8.7966,8.5621,8.6698,178977080,18.758,18.82,18.635,18.652,5294975,9.0078,8.795804761904762,57.55064964880009,0.1215539246113213,19.217714285714287,19.46066666666667,27.312560670703107,-0.1670382181469492
2006-05-15,8.5956,8.7571,8.5956,8.6812,147508789,18.599,18.731,18.474,18.669,3244725,8.946814285714286,8.803909523809525,56.433492154385895,0.0946733425116637,19.116142857142858,19.414095238095236,28.017450124942158,-0.2006772822935119
2006-05-16,8.7404,8.7404,8.2918,8.3216,261213272,18.669,18.679,18.447,18.491,1751384,8.820414285714286,8.80495238095238,38.18425312451695,0.043848119014649356,18.974,19.369238095238092,23.364055148803374,-0.23894518403462683
2006-05-17,8.2984,8.4138,8.2049,8.3574,207766699,18.402,18.465,18.225,18.243,1857682,8.699128571428572,8.799095238095239,33.56490144579509,0.006383934006848335,18.792285714285715,19.29395238095238,14.035087630908166,-0.2859876120764149
2006-05-18,8.4009,8.4854,8.0831,8.0909,183558785,18.447,18.447,18.172,18.182,4545381,8.555571428571428,8.784028571428571,23.378721251268132,-0.04430035833837387,18.613571428571426,19.216619047619048,16.711301427981695,-0.32445119402281364
2006-05-19,8.0909,8.3088,8.0448,8.2614,274925184,18.207,18.35,18.081,18.313,2314252,8.444242857142857,8.765004761904763,31.93542994003664,-0.0699042870038511,18.482714285714284,19.144666666666666,24.102284908905347,-0.3404388870688777
2006-05-22,8.1704,8.1947,8.0384,8.1167,200333908,18.136,18.277,18.056,18.154,1809199,8.357000000000001,8.742695238095237,18.723706664613474,-0.10071073496678729,18.386285714285716,19.075238095238095,18.51074973300976,-0.36176897265119123
2006-05-23,8.3062,8.3484,8.0679,8.0871,193654365,18.359,18.386,18.02,18.02,1154202,8.273757142857143,8.726838095238096,19.09480919250271,-0.12606039379852696,18.296,19.000761904761905,17.685370617437343,-0.38504731351880395
2006-05-24,8.0615,8.1511,7.8835,8.1112,255456642,18.109,18.25,17.959,18.199,2351597,8.192328571428572,8.709566666666667,20.279052958138067,-0.1425621448057477,18.22885714285714,18.935190476190478,21.947743321962875,-0.3846181240160078
2006-05-25,8.2294,8.2534,8.105,8.2382,129224146,18.359,18.369,18.199,18.369,1418652,8.180414285714287,8.686271428571429,21.620353908614817,-0.1437351731469505,18.21142857142857,18.874333333333333,24.250806666891975,-0.3663374983483898
2006-05-26,8.2343,8.2677,8.0856,8.1371,120732452,18.429,18.482,18.359,18.457,2275334,8.148942857142858,8.650771428571428,20.4106479131391,-0.1510811620393806,18.241999999999997,18.80838095238095,26.25673233052325,-0.3408203415051183
2006-05-30,8.0856,8.1064,7.8385,7.8399,157000249,18.331,18.395,18.09,18.09,1105273,8.113085714285715,8.59487619047619,18.50012527765155,-0.1788231059062202,18.228857142857144,18.744809523809526,23.278949333105757,-0.3462206278358302
2006-05-31,7.9092,7.9128,7.516,7.6543,357139520,18.235,18.268,18.073,18.163,1521915,8.026357142857142,8.534952380952381,17.363465045626953,-0.21332607496535338,18.207428571428572,18.692333333333334,27.623845345619756,-0.34068272535606425
2006-06-01,7.6644,7.9757,7.6221,7.9617,262836804,18.154,18.491,18.154,18.474,755220,8.004214285714285,8.4773,31.92483808746158,-0.21340531197789048,18.25314285714286,18.650380952380953,42.25904902240441,-0.3076523718422166
2006-06-02,8.064,8.0808,7.7966,7.8962,191223272,18.553,18.607,18.331,18.411,1725173,7.976942857142857,8.419500000000001,31.806208633449273,-0.21626049411617032,18.309,18.60757142857143,44.469940053887505,-0.2832935208345937
2006-06-05,7.831,7.831,7.6798,7.6837,168902698,18.395,18.395,18.119,18.136,823724,7.915871428571429,8.351671428571429,28.567745090478127,-0.23298452007503734,18.3,18.548333333333332,39.06442324706527,-0.28291785670229785
2006-06-06,7.7146,7.7643,7.5443,7.6478,202479562,18.154,18.191,17.977,18.136,4106692,7.831528571428572,8.27745238095238,33.183587668678186,-0.24629611283397868,18.266714285714286,18.48404761904762,42.14254068614628,-0.27939939783281176
2006-06-07,7.6901,7.7349,7.4724,7.4992,208945143,18.047,18.191,17.887,17.887,1732034,7.7404,8.196157142857142,29.723088358320027,-0.26577276114558135,18.185285714285715,18.40652380952381,42.12389354436531,-0.2933219796549196
2006-06-08,7.4737,7.8028,7.3189,7.7811,389578248,18.331,18.331,17.487,17.798,6655701,7.732,8.13355238095238,42.733157910365854,-0.25551574473848415,18.143571428571427,18.32866666666667,41.60839135379482,-0.3079869998328668
2006-06-09,7.8359,7.8835,7.5684,7.5864,216356184,17.887,17.959,17.699,17.726,924507,7.7223,8.0643,34.3445586414214,-0.2600993843655326,18.081142857142854,18.25709523809524,36.832660154483094,-0.3217104543901428
2006-06-12,7.612,7.6492,7.2945,7.2996,200128458,17.736,17.772,17.398,17.398,901338,7.627714285714286,7.996309523809523,32.22072307276642,-0.2836050919438122,17.92742857142857,18.18895238095238,34.23686385349623,-0.354961474862197
2006-06-13,7.3776,7.5684,7.3457,7.4698,301127099,17.398,17.613,17.373,17.414,1841818,7.566800000000001,7.939166666666667,37.34262845077026,-0.2852120697678915,17.785,18.13,36.71052609037403,-0.3756913458888782
2006-06-14,7.4698,7.5274,7.2597,7.3776,244827075,17.354,17.604,17.354,17.531,1384459,7.523071428571429,7.877090476190475,35.366631893747396,-0.2905758037352717,17.69857142857143,18.07580952380952,34.94138841786312,-0.37831798164039654
2006-06-15,7.3571,7.6503,7.2677,7.6043,331944922,17.613,18.02,17.613,17.977,2040915,7.516857142857142,7.842933333333334,37.839082020585835,-0.2733824237526168,17.675857142857144,18.051333333333336,42.141138496401,-0.34048622353528657
2006-06-16,7.5544,7.5801,7.365,7.3711,233702130,17.994,18.028,17.851,17.95,2542820,7.498557142857144,7.795966666666666,36.01373046151322,-0.27539920668640416,17.684857142857144,18.037380952380953,39.580764260529904,-0.3091196184838694
2006-06-19,7.4019,7.4505,7.2996,7.325,196421711,17.986,18.028,17.798,17.869,1311456,7.4334,7.759495238095239,39.649418825597294,-0.2775183476551959,17.695,18.02247619047619,44.8532833591309,-0.28748345078280124
2006-06-20,7.3776,7.4724,7.3367,7.3596,187432927,17.878,17.986,17.772,17.842,1151390,7.401000000000001,7.716552380952382,43.69301861417531,-0.2732559270734205,17.71157142857143,18.00004761904762,42.360780298405054,-0.26940971881435516
2006-06-21,7.3969,7.5187,7.338,7.4097,240704518,17.781,18.191,17.781,18.073,1704364,7.416728571428571,7.682885714285714,36.72438647708445,-0.2628058149130732,17.808,17.996190476190478,40.079168450713354,-0.23375184084688883
2006-06-22,7.4366,7.6517,7.4366,7.6299,269417104,18.136,18.136,17.826,17.859,753082,7.4395999999999995,7.6611142857142855,44.039038090815005,-0.23405765507333598,17.87157142857143,17.98852380952381,37.292817439180766,-0.22022214339833823
2006-06-23,7.6478,7.7055,7.5212,7.5339,184050428,17.817,17.959,17.763,17.807,544312,7.4619285714285715,7.63362380952381,46.46230840238414,-0.21652496397299092,17.911,17.96985714285714,41.559773944670695,-0.21126044718197434
2006-06-26,7.576,7.5812,7.475,7.5544,130041821,17.826,17.959,17.79,17.842,1081764,7.4548,7.601061904761904,47.778094647971585,-0.19868567648442514,17.891714285714283,17.944761904761904,42.59072550591223,-0.19903962596195157
2006-06-27,7.5712,7.5839,7.3507,7.3545,152995106,17.913,17.913,17.604,17.604,1492220,7.452428571428571,7.563795238095238,46.639728459915375,-0.19839124125566876,17.842285714285712,17.90414285714286,42.82818013198452,-0.20618240562190948
2006-06-28,7.338,7.338,7.0958,7.1739,237190726,17.559,17.717,17.531,17.717,978611,7.430842857142857,7.532080952380952,35.20323594266239,-0.2103065271447555,17.82057142857143,17.88638095238095,47.97195760059721,-0.20041469845381954
2006-06-29,7.2728,7.5674,7.2212,7.5516,243081258,17.781,18.172,17.781,18.172,1221468,7.458271428571429,7.527190476190476,49.22140652895126,-0.1871152949821342,17.867714285714285,17.886809523809525,59.36974754992586,-0.15731561507763914
2006-06-30,7.3725,7.3957,7.2355,7.3339,205692461,18.145,18.145,18.02,18.073,2012116,7.447442857142858,7.497295238095239,50.79189143875584,-0.1841795399261521,17.867714285714285,17.867714285714285,65.69037614148519,-0.12965319231764028
2006-07-03,7.3433,7.4505,7.3433,7.4212,54318807,18.038,18.225,18.038,18.207,462311,7.417628571428572,7.47467619047619,48.83330099689542,-0.17281643223356014,17.91742857142857,17.857999999999997,67.47465802351462,-0.09581336602627033
2006-07-05,7.3123,7.3763,7.2432,7.2996,144500022,18.145,18.145,17.921,17.921,1047566,7.384157142857142,7.456385714285714,48.153583621745014,-0.17164457940052102,17.933714285714284,17.847761904761903,57.9983589778601,-0.09102360621364625
2006-07-06,7.325,7.3507,7.1215,7.142,176570109,17.959,18.047,17.895,17.941,893690,7.3252428571428565,7.432300000000001,38.686309753997186,-0.18134247727320485,17.947857142857142,17.83847619047619,49.10536745155308,-0.08463819774263115
2006-07-07,7.1163,7.2418,7.0012,7.0945,222831763,17.941,17.941,17.69,17.763,937894,7.2881,7.413028571428573,42.554107572005215,-0.1906631382586621,17.97057142857143,17.832571428571427,45.677299750586194,-0.09287027717140717
2006-07-10,7.1369,7.2342,6.9795,7.0434,147582157,17.826,17.851,17.487,17.559,2212229,7.269457142857143,7.3779,42.43986222392716,-0.1998692044067134,17.948,17.821190476190477,43.2195972856193,-0.11453506558800797
2006-07-11,7.0551,7.17,6.9834,7.1266,230066263,17.559,17.654,17.38,17.63,2524263,7.208742857142857,7.356004761904762,43.90371501064781,-0.1981671855266205,17.870571428571427,17.81661904761905,45.45064350373005,-0.12453984209004076
2006-07-12,7.0663,7.0741,6.7758,6.7821,258400110,17.531,17.577,17.265,17.309,1161176,7.129914285714285,7.331361904761906,35.771288428041146,-0.22205686092795318,17.761428571428574,17.812380952380952,34.214875835120566,-0.1565659223455924
2006-07-13,6.6654,6.9309,6.5838,6.6912,348524593,16.758,17.327,16.758,17.025,2140914,7.025628571428571,7.2942857142857145,27.392707295651505,-0.24549456261357872,17.59257142857143,17.793857142857146,33.25301186122799,-0.20252862428546337
2006-07-14,6.7219,6.7735,6.4236,6.4888,276849590,16.793,17.044,16.793,16.981,1035530,6.9098,7.251961904761905,26.05727360146537,-0.27720564441726214,17.458285714285715,17.767666666666667,33.36019320425359,-0.23974124119806461
2006-07-17,6.6143,6.8014,6.6143,6.7066,285724411,16.952,17.098,16.952,17.035,1111345,6.8476,7.209214285714285,32.18757859877883,-0.28151711142109104,17.328857142857142,17.722809523809524,33.86645322905622,-0.2618566391643675
2006-07-18,6.8117,6.896,6.6401,6.7744,279206670,17.025,17.121,16.83,17.07,2533711,6.801871428571429,7.1808000000000005,37.09569759338889,-0.27627832219137183,17.229857142857142,17.68090476190476,38.38120081055838,-0.2734073738768359
2006-07-19,6.7808,7.0537,6.7053,6.9282,387459617,17.089,17.364,17.052,17.317,2336977,6.785414285714286,7.16190476190476,44.46845845262804,-0.2567564409180427,17.195285714285713,17.654619047619047,41.776315548985046,-0.25963763755325076
2006-07-20,7.8066,7.8875,7.6478,7.7478,549994902,17.292,17.39,17.07,17.07,798526,6.874157142857143,7.1803904761904755,53.68409165105255,-0.17315432378460294,17.115285714285715,17.61785714285714,25.224819985095465,-0.2655942528261903
2006-07-21,7.6478,7.831,7.6376,7.776,248733555,17.006,17.07,16.83,16.892,1504141,7.0161428571428575,7.1978333333333335,58.93745165361083,-0.10343124826655536,17.055714285714284,17.561619047619047,24.359530898378793,-0.2814338317115279
2006-07-24,7.8385,7.9526,7.7389,7.8656,201557145,17.016,17.201,16.943,17.147,2017407,7.183914285714286,7.2090571428571435,58.97560154077459,-0.04047862501718402,17.07314285714286,17.527714285714286,28.135313368855336,-0.27029465469335534
2006-07-25,7.914,7.9513,7.7835,7.9295,164269916,17.184,17.38,17.157,17.336,1745084,7.389728571428572,7.227895238095238,63.02576579578945,0.014401961574399103,17.123857142857144,17.505285714285712,37.43016737257306,-0.24341017520967867
2006-07-26,7.9451,8.2779,7.8989,8.1791,250546553,17.201,17.487,17.201,17.38,830922,7.600085714285714,7.257642857142858,70.66018527063127,0.07714655834473394,17.173142857142857,17.483285714285714,38.06890662145267,-0.21606295994229896
2006-07-27,8.2601,8.3267,8.05,8.1192,204990178,17.468,17.577,17.327,17.327,1025521,7.7922,7.2940571428571435,70.31280934687413,0.12064791982183731,17.209857142857143,17.470095238095237,40.2066484443427,-0.196402743308969
2006-07-28,8.1883,8.4112,8.132,8.3996,192836918,17.459,17.682,17.432,17.63,900661,8.0024,7.35242380952381,74.6438432021319,0.17572336918627052,17.254571428571428,17.46595238095238,51.52688141016068,-0.15459029160697213
2006-07-31,8.5584,8.7888,8.4877,8.703,248996662,17.513,17.699,17.513,17.604,4083858,8.138857142857143,7.407252380952381,76.52264584719124,0.2410739535124078,17.330857142857145,17.438904761904762,49.42982425788705,-0.1221436095999131
2006-08-01,8.6085,8.699,8.4444,8.6031,198097896,17.531,17.531,17.256,17.354,1465108,8.257014285714286,7.467690476190476,83.38588986234876,0.2815580414771883,17.396857142857144,17.404666666666667,51.01856011124494,-0.11527348996931153
2006-08-02,8.6595,8.7952,8.6456,8.7287,153567749,17.45,17.63,17.423,17.567,1165225,8.380314285714286,7.5299523809523805,86.8858390179218,0.3200870785837573,17.456857142857142,17.374190476190478,62.675397157410956,-0.09158580661235405
2006-08-03,8.6906,8.9645,8.6825,8.9117,234536065,17.468,17.682,17.345,17.622,724845,8.52062857142857,7.606719047619047,94.17319915463086,0.3612242207204286,17.497714285714284,17.359952380952382,64.91391302522347,-0.06759590305220087
2006-08-04,8.5827,8.7864,8.319,8.7465,516715761,17.726,17.851,17.442,17.567,1116410,8.601685714285713,7.683123809523809,87.91776600213807,0.3761593124717191,17.524428571428572,17.342142857142857,62.37209261711199,-0.052417535270858906
2006-08-07,8.6761,8.9127,8.4917,8.6071,347318741,17.468,17.559,17.423,17.505,2103230,8.671385714285714,7.75515238095238,83.1830522670423,0.3724536514509724,17.549857142857142,17.329857142857144,59.990812659682405,-0.04487416979806014
2006-08-08,8.5929,8.5943,8.2614,8.2957,278228723,17.495,17.586,17.364,17.442,1214942,8.656542857142856,7.814785714285715,73.42331505329504,0.34046484408199973,17.523,17.324285714285715,53.13597554244675,-0.04347838009945093
2006-08-09,8.3687,8.4009,8.1192,8.1434,266480460,17.781,17.869,17.513,17.549,1894460,8.5766,7.863204761904761,58.784083478560625,0.29937315917375074,17.515142857142855,17.32042857142857,62.9249860329467,-0.033353720021061406
2006-08-10,8.0871,8.2997,8.0295,8.2049,194571588,17.459,17.645,17.459,17.622,865342,8.519714285714285,7.930957142857142,59.38470927688682,0.26867314211830085,17.553428571428572,17.335333333333335,70.88100629729179,-0.019217832836897486
2006-08-11,8.0988,8.2129,8.0142,8.1511,216809551,17.513,17.577,17.45,17.523,1150377,8.4372,8.00047619047619,56.34641853516654,0.23726688212193991,17.547142857142855,17.35904761904762,61.80904468258385,-0.015821136805577396
2006-08-14,8.1871,8.3522,8.1445,8.1883,200099251,17.663,17.834,17.63,17.673,946555,8.333857142857143,8.081404761904762,55.822009906637206,0.21292446324021164,17.55442857142857,17.392,60.84996725569898,-0.001013797900064617
2006-08-15,8.3537,8.5162,8.2984,8.5098,240208980,17.869,18.1,17.842,18.081,1684679,8.300042857142857,8.167271428571429,57.206362693009766,0.21707300157230236,17.627857142857142,17.441809523809525,68.28377623579931,0.04314595534955501
2006-08-16,8.5865,8.7171,8.4943,8.7056,217878211,18.268,18.395,18.127,18.369,4717592,8.314114285714286,8.259233333333333,62.0638574436743,0.2334688877120037,17.751285714285714,17.503666666666668,74.21003669194212,0.10022671980039988
2006-08-17,8.7083,8.7925,8.6031,8.6556,160732524,18.359,18.553,18.34,18.447,2070387,8.365528571428571,8.341490476190476,55.81818146297521,0.23966544935750456,17.894857142857145,17.55747619047619,71.19875402346521,0.15002815383111212
2006-08-18,8.6711,8.7595,8.6133,8.6964,149567697,18.313,18.561,18.295,18.518,859608,8.444528571428572,8.386661904761905,49.82966826798013,0.24504377601016003,18.033285714285714,17.626428571428573,73.17444167117539,0.19300046648957903
2006-08-21,8.6199,8.6199,8.471,8.5238,146715505,18.465,18.465,18.34,18.395,1789403,8.490085714285714,8.422271428571428,48.02746098582934,0.23269638206554433,18.143714285714285,17.698,78.21138152034722,0.21465683148992198
2006-08-22,8.5316,8.7491,8.5162,8.6595,160867551,18.35,18.553,18.322,18.402,1150491,8.562714285714286,8.46007619047619,48.28729795266697,0.23119575852414442,18.269285714285715,17.757761904761903,75.47284865367914,0.22973624188631447
2006-08-23,8.7149,8.7914,8.5725,8.6199,148998938,18.191,18.535,18.191,18.313,2809521,8.624371428571429,8.492952380952381,42.226129267281664,0.22422637246151744,18.360714285714288,17.804285714285715,70.65152361678332,0.231832802830656
2006-08-24,8.7016,8.7325,8.4867,8.6839,182662425,18.561,18.561,18.277,18.386,1279172,8.649242857142855,8.516990476190475,48.23721520876268,0.22131615406531147,18.404285714285713,17.852190476190476,74.21643936189808,0.23665680011946222
2006-08-25,8.6212,8.8426,8.6199,8.8042,151685941,18.386,18.527,18.35,18.438,1081989,8.66332857142857,8.549609523809524,55.61058879672739,0.22611052820998978,18.414142857142856,17.90509523809524,77.7513378414522,0.24188748973184104
2006-08-28,8.7646,8.7864,8.5391,8.5776,205853968,18.491,18.626,18.411,18.607,1553407,8.652185714285714,8.558085714285713,58.43153626964076,0.20921369281667523,18.437,17.95161904761905,82.59652985095039,0.2567105372659597
2006-08-29,8.5776,8.6133,8.3393,8.5136,264192324,18.643,18.777,18.499,18.777,1987598,8.626071428571427,8.549066666666667,61.690033558380385,0.18848581673568354,18.473999999999997,18.00747619047619,83.18918855964927,0.2789598133993465
2006-08-30,8.6122,8.6853,8.5391,8.5751,189701849,18.795,18.935,18.748,18.91,2263299,8.6334,8.547733333333333,61.690033558380385,0.17500402417381622,18.547571428571427,18.081571428571426,83.71727687327638,0.30382223984687684
2006-08-31,8.6045,8.7465,8.5365,8.6892,160253963,18.98,18.98,18.82,18.839,1246780,8.637642857142856,8.54585238095238,66.36855817414379,0.17154901263191036,18.609999999999996,18.142142857142854,84.96280489400658,0.3141751695154902
2006-09-01,8.7681,8.7914,8.6853,8.7571,113921390,18.953,18.98,18.829,18.918,4529297,8.657242857142856,8.538490476190477,66.98518816424229,0.17230364447079438,18.696428571428573,18.20385714285714,84.37327378176359,0.32500808968872974
2006-09-05,8.8131,9.1567,8.7786,9.1538,282278178,18.918,19.034,18.802,19.015,2767678,8.724371428571429,8.557885714285714,68.40420612845283,0.2025768899916205,18.786285714285714,18.272809523809524,81.1333325760887,0.3375295161527916
2006-09-06,9.1033,9.1817,8.9256,8.9683,271642103,18.785,18.91,18.687,18.705,1499978,8.747814285714286,8.575085714285715,57.55188822760506,0.20918895539976923,18.824428571428573,18.32995238095238,61.03810719150216,0.31876391562004613
2006-09-07,9.0464,9.41,8.9967,9.3225,353598821,18.607,18.739,18.518,18.599,2068701,8.854228571428571,8.623980952380952,66.3175919116974,0.24024069946142745,18.823285714285714,18.38504761904762,54.903225310551505,0.291973044369378
2006-09-08,9.3899,9.4228,9.2093,9.2859,249843094,18.59,18.767,18.59,18.748,2131356,8.964557142857142,8.678385714285715,64.4534884998044,0.2589115450999184,18.819142857142854,18.442142857142855,57.06388157316069,0.279541757271339
2006-09-11,9.2859,9.4429,9.1462,9.2839,264623429,18.626,18.961,18.626,18.91,3604454,9.065814285714286,8.729766666666666,70.33766737051029,0.2704295974366282,18.819142857142854,18.503476190476192,65.44691006823224,0.27953956074414066
2006-09-12,9.3245,9.406,9.15,9.3004,469796238,18.848,19.265,18.848,19.238,1601326,9.15312857142857,8.784495238095237,68.31666135671145,0.27768813305728024,18.876142857142856,18.58514285714286,71.02615644146559,0.30251744596364105
2006-09-13,9.3332,9.516,9.2586,9.502,319625217,19.229,19.274,19.125,19.238,1912007,9.259542857142858,8.84705238095238,73.07350194976246,0.2962925340927516,18.921857142857142,18.659666666666666,74.35492309585624,0.3170725703269106
2006-09-14,9.4517,9.561,9.408,9.4989,223578145,19.115,19.347,19.115,19.284,1663983,9.308842857142858,8.89415238095238,72.01988489772052,0.3072447852277467,18.960285714285714,18.71695238095238,73.98504218173575,0.328532310835719
2006-09-15,9.572,9.601,9.3841,9.4899,273817900,19.441,19.469,19.265,19.292,7772673,9.383357142857141,8.9315,69.71195252344772,0.3116062949747924,19.044142857142855,18.76090476190476,73.35886158259076,0.33440495868922326
2006-09-18,9.4527,9.586,9.3861,9.4637,196685002,19.201,19.425,19.157,19.284,1319555,9.403528571428572,8.969980952380952,78.79004412043614,0.30938233486236477,19.142,18.800761904761906,70.30593822178564,0.3345569767090417
2006-09-19,9.4749,9.521,9.3225,9.4488,198019474,19.31,19.32,19.007,19.193,3973957,9.4268,9.005809523809523,81.38676255912551,0.30292558736844377,19.205571428571428,18.83290476190476,63.098236219536936,0.3236042047677721
2006-09-20,9.527,9.692,9.504,9.638,229356551,19.355,19.515,19.201,19.505,2878813,9.477385714285715,9.058866666666667,82.85625894282055,0.3095076161140202,19.29057142857143,18.885761904761903,66.83644542404622,0.3362240648734094
2006-09-21,9.647,9.74,9.4819,9.558,221459485,19.505,19.559,19.284,19.32,2198396,9.514185714285714,9.10165238095238,77.43463364652963,0.30475555754016703,19.302285714285713,18.92947619047619,62.78575179213161,0.3275219716242823
2006-09-22,9.515,9.518,9.2946,9.3489,185483697,19.246,19.292,19.167,19.201,3758666,9.492314285714286,9.136366666666666,67.15760121755396,0.28087909503882713,19.297,18.971761904761905,57.36595481357455,0.30747877068409224
2006-09-25,9.4527,9.714,9.4419,9.701,239542181,19.32,19.594,19.284,19.552,1878825,9.521185714285716,9.1848,66.28571373333331,0.28705931279374397,19.335285714285714,19.027285714285714,62.344827184906855,0.3162713765493663
2006-09-26,9.745,9.961,9.745,9.938,307573695,19.647,19.682,19.486,19.674,2837416,9.5852,9.238790476190477,78.0017319711093,0.3075360154473845,19.389857142857146,19.086142857142857,74.38349217847573,0.3292881318392631
2006-09-27,9.89,9.921,9.71,9.783,225987295,19.737,19.789,19.46,19.524,5975281,9.630814285714285,9.296190476190477,65.02643026145658,0.3077096598005493,19.424142857142858,19.129809523809524,72.77203297941492,0.32376806111950174
2006-09-28,9.868,9.922,9.726,9.862,201736518,19.559,19.629,19.46,19.621,2549685,9.689842857142859,9.3604,68.29237254328235,0.31064103745843674,19.485285714285713,19.169999999999998,72.05659372976642,0.32349144661120377
2006-09-29,9.89,9.928,9.82,9.858,113162818,19.629,19.691,19.524,19.559,1334852,9.721271428571429,9.421490476190476,68.20574557310813,0.30907854374358124,19.493000000000002,19.200904761904763,67.26982387345538,0.3146423446846356
2006-10-02,9.605,9.716,9.514,9.586,198682281,19.515,19.621,19.416,19.416,4695322,9.72527142857143,9.46419523809524,57.79390852029543,0.2826340994513874,19.506714285714285,19.228380952380956,55.25383661537566,0.29271621246655855
2006-10-03,9.526,9.597,9.3723,9.4889,220496232,19.339,19.576,19.284,19.524,2318757,9.74527142857143,9.499042857142857,49.62088285310388,0.2509487473768601,19.552857142857142,19.257238095238097,57.93562663091085,0.2808172061707239
2006-10-04,9.4739,9.666,9.3683,9.655,231038469,19.486,19.87,19.477,19.824,7036123,9.738699999999998,9.522909523809526,54.128100302642686,0.23651436900078515,19.591714285714286,19.295761904761903,63.132295289955294,0.2922260507404175
2006-10-05,9.54,9.752,9.4939,9.582,187951156,19.851,19.87,19.746,19.814,1921009,9.687842857142856,9.552133333333334,52.35585985932264,0.21668670082578956,19.61171428571428,19.34857142857143,62.68221531703061,0.29703667197604133
2006-10-06,9.533,9.609,9.4537,9.504,130208917,19.737,19.842,18.758,19.824,1854979,9.647985714285713,9.56077619047619,51.00423587637215,0.19246061663368863,19.654571428571426,19.406904761904762,63.10679568762384,0.298218364716476
2006-10-09,9.4527,9.615,9.4168,9.556,122211350,19.763,19.924,19.737,19.879,590657,9.604271428571428,9.573638095238096,52.622822109649846,0.17543493110843933,19.69142857142857,19.460761904761906,66.94663985313593,0.30013315686677444
2006-10-10,9.55,9.55,9.3586,9.4537,148197243,19.897,19.924,19.78,19.897,1788728,9.546514285714284,9.58172380952381,45.29053987117721,0.15193577656748047,19.739714285714285,19.507761904761907,61.32947927247823,0.29964892670684407
2006-10-11,9.4208,9.4769,9.2966,9.3772,159455164,19.861,20.002,19.78,19.888,1664208,9.516685714285714,9.585380952380953,45.37169740159547,0.1256907321086942,19.807142857142857,19.538714285714285,68.27541766032456,0.2951367928014079
2006-10-12,9.4448,9.656,9.4258,9.638,165314129,19.907,20.203,19.907,20.182,2737417,9.537985714285714,9.591857142857142,57.209835502549886,0.12450056072806426,19.901142857142855,19.583666666666666,78.36899878706434,0.3116912543535406
2006-10-13,9.69,9.847,9.569,9.607,190779523,20.212,20.343,20.165,20.277,3297702,9.531128571428571,9.597004761904762,47.20869422679548,0.11967634599135302,19.965857142857143,19.63095238095238,74.60963948096763,0.32868758457981784
2006-10-16,9.612,9.717,9.575,9.657,141856990,20.352,20.409,20.268,20.268,2138666,9.541842857142857,9.604961904761906,40.613308011366705,0.11852146155670695,20.030714285714286,19.67742857142857,71.83823455460657,0.33754012154251356
2006-10-17,9.616,9.64,9.4839,9.513,134086943,20.182,20.182,19.966,20.102,8384697,9.543128571428571,9.607309523809523,40.91398534607904,0.10477878615569658,20.07042857142857,19.716380952380955,71.00290625433097,0.3273870935612351
2006-10-18,9.575,10.064,9.467,9.543,312852054,20.191,20.324,19.976,20.045,4224574,9.541271428571429,9.611795238095239,38.89894171451474,0.0952108349309082,20.094142857142856,19.75695238095238,65.86826278281778,0.31115452641281394
2006-10-19,10.15,10.238,10.009,10.117,422699152,20.002,20.147,19.924,20.111,2229103,9.636028571428572,9.634604761904763,56.45305920353656,0.13241872687808787,20.124714285714287,19.785809523809526,70.59701418779242,0.30015573988441346
2006-10-20,10.113,10.243,10.074,10.238,178321095,20.129,20.231,20.055,20.231,1956665,9.758999999999999,9.666985714285715,67.566547609693,0.16971358550475912,20.173714285714286,19.829190476190476,80.94153292848802,0.2976905283321436
2006-10-23,10.245,10.486,10.213,10.433,232009453,20.222,20.418,19.976,20.361,1463984,9.87257142857143,9.718609523809524,74.16184622088048,0.21255470168799384,20.199285714285715,19.884428571428572,81.25466681287139,0.3027369804968103
2006-10-24,10.424,10.46,10.27,10.38,129135896,20.334,20.395,20.139,20.212,2472968,9.983,9.750942857142856,69.69466425311029,0.23946948272399915,20.19,19.915857142857142,66.32996554830005,0.29135471959451564
2006-10-25,10.413,10.5,10.375,10.46,135140806,20.268,20.409,20.231,20.395,1497167,10.097714285714286,9.7758,73.76055367360482,0.2642093313109086,20.208142857142857,19.95019047619048,71.34459882525769,0.2937150027098774
2006-10-26,10.476,10.579,10.391,10.525,120653241,20.378,20.519,20.306,20.5,2440799,10.242285714285714,9.811133333333332,77.82622855686955,0.285766656200245,20.264999999999997,19.996666666666666,73.21428501030228,0.30059311623091745
2006-10-27,10.474,10.559,10.246,10.297,165890124,20.446,20.446,20.147,20.231,2646196,10.35,9.83184761904762,68.4273346473776,0.28121166394886643,20.291571428571427,20.025714285714287,60.53892164817677,0.28109769957382724
2006-10-30,10.245,10.361,10.18,10.298,139419046,20.111,20.378,20.036,20.306,2785678,10.375857142857143,9.8528,72.11019692581434,0.2745180185787106,20.319428571428574,20.061285714285713,61.8413428686864,0.2686030261293979
2006-10-31,10.436,10.46,10.273,10.384,139807017,20.404,20.436,20.25,20.352,3175547,10.396714285714285,9.890799999999999,76.23514641062539,0.2730056979202846,20.336714285714287,20.105857142857143,63.15192693643595,0.25942226458599293
2006-11-01,10.387,10.423,10.034,10.14,170449700,20.446,20.446,20.139,20.241,3725481,10.354857142857144,9.921804761904761,63.1966346557556,0.24924526779849465,20.31957142857143,20.14,51.865907194103315,0.24041828030456713
2006-11-02,10.098,10.157,10.053,10.115,129812684,20.111,20.212,20.093,20.121,3154177,10.316999999999998,9.943709523809522,63.39662400445534,0.2257948422865681,20.30657142857143,20.15414285714286,45.14321255790467,0.21321665979570525
2006-11-03,10.158,10.184,9.962,10.025,120438924,20.182,20.268,20.009,20.121,2156213,10.254857142857144,9.964804761904762,59.504131801106496,0.19766935401042574,20.26742857142857,20.168761904761904,45.39762014053426,0.18947502937086114
2006-11-06,10.118,10.253,10.043,10.209,119991965,20.212,20.409,20.156,20.361,1703576,10.209714285714286,9.99837619047619,67.61133555336099,0.18805913551475406,20.24757142857143,20.194333333333333,57.74984990514789,0.1878600764240943
2006-11-07,10.309,10.374,10.26,10.31,146649709,20.49,20.574,20.165,20.464,3696797,10.21157142857143,10.034280952380952,68.7347332866213,0.18644361805501397,20.280857142857144,20.222190476190477,62.201513761897886,0.19267046854359293
2006-11-08,10.245,10.59,10.232,10.559,192636060,20.464,20.565,20.287,20.481,3360359,10.248857142857144,10.086914285714286,62.8339135425814,0.20291643351470512,20.305857142857143,20.25,61.091126585566094,0.19559974477916597
2006-11-09,10.629,10.845,10.516,10.674,257380888,20.705,20.705,20.464,20.473,3492188,10.290285714285714,10.148666666666667,62.703962192391934,0.22268383669805658,20.32314285714286,20.277857142857144,57.77634909455716,0.19502752821411562
2006-11-10,10.706,10.706,10.566,10.644,104252983,20.25,20.546,20.25,20.528,1809760,10.362285714285715,10.196571428571428,56.80206267232183,0.23324024846053248,20.36414285714286,20.294333333333334,55.63808185082156,0.1967441388458937
2006-11-13,10.655,10.814,10.584,10.802,125671372,20.582,20.722,20.528,20.705,2303006,10.46042857142857,10.25347619047619,62.741545363296105,0.25145692151135535,20.447571428571425,20.314714285714285,66.33532078946678,0.2099666213768181
2006-11-14,10.859,10.886,10.744,10.886,164230914,20.741,20.91,20.6,20.856,2737196,10.583428571428572,10.312,62.83132477130206,0.26956449245987635,20.55257142857143,20.342714285714287,65.60595740116221,0.22997891827282402
2006-11-15,10.892,11.0,10.757,10.764,182479917,20.697,20.973,20.697,20.9,1933269,10.662714285714285,10.371571428571428,56.9598131639852,0.2709471820353855,20.62957142857143,20.380714285714287,64.1242931513134,0.24654719739906383
2006-11-16,10.871,11.052,10.835,10.963,193495187,20.954,21.034,20.847,20.981,1825508,10.755999999999998,10.439190476190477,69.72748757335022,0.2848174125343128,20.70342857142857,20.425285714285714,80.53745836520791,0.2631799266586654
2006-11-17,10.893,11.006,10.886,10.993,130067085,20.891,21.016,20.873,21.016,1710996,10.818,10.480904761904762,70.23878801203087,0.2948317821555886,20.779857142857143,20.468380952380954,79.88215394078243,0.2760040885952897
2006-11-20,10.937,11.14,10.911,11.074,158307687,20.981,21.088,20.91,21.016,1577031,10.875142857142858,10.520714285714284,70.1518685852067,0.3057794303528212,20.857428571428574,20.505761904761904,79.07180288353281,0.282906163177028
2006-11-21,11.196,11.345,11.154,11.345,173594100,21.069,21.069,20.964,21.008,1610327,10.975285714285715,10.564142857142857,84.64634779468152,0.3324902153466329,20.926,20.53657142857143,86.91048968551775,0.28445159296982325
2006-11-22,11.399,11.622,11.251,11.564,187393383,21.13,21.167,21.016,21.167,1201444,11.084142857142856,10.62052380952381,87.48059946987671,0.36709849173384335,20.991999999999997,20.58204761904762,98.51576866491565,0.2951045468761997
2006-11-24,11.463,11.919,11.462,11.736,144759207,21.044,21.185,20.935,21.121,476372,11.205571428571428,10.681285714285714,92.45657504000398,0.40375057731660036,21.029857142857143,20.616619047619047,94.4839845882774,0.2964183478356013
2006-11-27,11.842,11.928,11.462,11.466,299726737,20.981,21.061,20.582,20.625,3635160,11.305857142857144,10.726095238095237,79.91432597867653,0.4063269910658658,20.990571428571428,20.622571428571426,59.56521678701947,0.25450274063472733
2006-11-28,11.578,11.778,11.514,11.757,288933742,20.565,20.741,20.49,20.732,3307151,11.419285714285715,10.795619047619047,81.58009552941013,0.4269287170396101,20.955000000000002,20.646428571428572,59.682080321135,0.22729817384617945
2006-11-29,11.91,11.928,11.556,11.757,322654810,20.865,20.935,20.768,20.865,3560580,11.528428571428572,10.865095238095236,79.3339857440373,0.4382043859131759,20.93342857142857,20.67304761904762,62.79999941386653,0.21400344859764786
2006-11-30,11.809,11.868,11.662,11.74,242722561,20.856,20.999,20.777,20.91,1929335,11.623571428571427,10.929666666666666,77.4176949157162,0.4406886918863311,20.918285714285712,20.699619047619045,64.2160046200234,0.20473831116819596
2006-12-01,11.757,11.823,11.539,11.693,221733731,20.803,20.91,20.546,20.732,3261372,11.673285714285713,11.003619047619047,76.74655733072316,0.4338637043509248,20.87885714285714,20.723,56.14457783974453,0.1809466700349418
2006-12-04,11.77,11.789,11.589,11.669,197902465,20.768,21.069,20.768,20.999,1593901,11.688285714285715,11.077619047619047,73.72742143832299,0.4216576462607815,20.854857142857146,20.76480952380952,58.39999953280001,0.18154357034324775
2006-12-05,11.738,11.823,11.638,11.687,184809018,20.935,21.088,20.935,21.008,1303806,11.681285714285716,11.156761904761904,72.74275921726368,0.4087251774293499,20.838714285714282,20.80704761904762,54.726367682730555,0.1806603034013996
2006-12-06,11.608,11.703,11.483,11.505,177784590,21.016,21.079,20.856,20.873,1096163,11.686857142857141,11.21847619047619,70.34596321535233,0.3794165459810266,20.874142857142857,20.83142857142857,49.20541454451108,0.16714024749651912
2006-12-07,11.527,11.589,11.128,11.146,280207427,20.927,21.026,20.758,20.794,1758242,11.599571428571428,11.258285714285714,54.61887896786258,0.32349193107443774,20.883,20.847142857142856,44.49027659230175,0.14834088463660677
2006-12-08,11.156,11.448,11.14,11.302,218660737,20.768,20.918,20.669,20.794,916974,11.534571428571429,11.293666666666667,57.33270014112111,0.2884342763063188,20.87285714285714,20.862047619047615,43.32129927406856,0.13192154467927963
2006-12-11,11.382,11.437,11.277,11.364,139324957,20.785,21.016,20.669,20.918,1082214,11.480857142857143,11.32652380952381,56.94444406263307,0.26262632141612485,20.874,20.883238095238095,47.25643859933366,0.12744574790724883
2006-12-12,11.345,11.377,10.954,11.031,288424195,20.882,20.954,20.715,20.847,3372842,11.386285714285716,11.344952380952382,42.69767414057328,0.21284941862277051,20.890428571428572,20.89842857142857,45.646294949135736,0.11682287866526408
2006-12-13,11.266,11.407,11.16,11.405,238666152,21.016,21.016,20.741,20.882,1572195,11.348571428571429,11.373666666666665,46.5509758560895,0.20125954414224623,20.87371428571429,20.906857142857145,41.73913009603024,0.10996082579857713
2006-12-14,11.399,11.526,11.302,11.338,232014661,20.882,21.106,20.803,21.061,1489854,11.298714285714285,11.395190476190477,40.954545193925576,0.18454087274990094,20.881285714285713,20.916619047619047,48.38536023821583,0.11761066100788398
2006-12-15,11.396,11.427,11.184,11.235,206288072,21.052,21.069,20.935,20.945,2076238,11.260142857142856,11.417619047619048,44.318740471981116,0.16112264447669844,20.89157142857143,20.918761904761904,60.82543920733689,0.11301026795525715
2006-12-18,11.235,11.271,10.831,10.946,201209834,20.989,21.098,20.768,20.865,2334164,11.231571428571428,11.416809523809523,30.034465573371435,0.11788474318599285,20.901714285714284,20.913238095238096,54.58304564840616,0.10173633872080146
2006-12-19,10.842,11.101,10.708,11.053,254127334,20.687,20.839,20.608,20.732,1675118,11.196,11.419666666666666,33.536014747659394,0.09120109125525921,20.892857142857142,20.899714285714282,45.41695338674202,0.08113441309584957
2006-12-20,11.073,11.099,10.852,10.854,158418211,20.821,20.91,20.722,20.741,1434065,11.123142857142858,11.409190476190478,30.905172227296347,0.05338112360291447,20.86757142857143,20.88661904761905,44.02826811562134,0.06478664329743111
2006-12-21,10.854,10.947,10.526,10.617,251986616,20.75,20.777,20.582,20.64,2050927,11.063999999999998,11.374523809523808,28.565736892462027,0.004235780016571766,20.837999999999997,20.869095238095237,46.562032397706716,0.04318327216422446
2006-12-22,10.693,10.762,10.45,10.526,170538803,20.65,20.659,20.464,20.481,1580857,10.938428571428572,11.325095238095239,27.82304990705363,-0.04157593681052418,20.780714285714286,20.83642857142857,28.94308910146077,0.013081676294458333
2006-12-26,10.516,10.575,10.36,10.439,136692465,20.427,20.6,20.427,20.6,1005718,10.81,11.263333333333334,26.417233420316975,-0.083934678634483,20.71485714285714,20.81161904761905,34.7761190396525,-0.0011583965527321993
2006-12-27,10.008,10.5,9.833,10.44,539722232,20.617,20.777,20.608,20.75,1020121,10.696428571428571,11.21447619047619,28.39756576163653,-0.11608543443804464,20.687,20.81757142857143,45.461254142835685,-0.00033613571731194725
2006-12-28,10.257,10.405,10.201,10.357,312288577,20.75,20.777,20.669,20.741,1131371,10.612285714285715,11.147809523809523,31.97807197455775,-0.14657294471789584,20.669285714285714,20.818,47.937742668382526,-0.00040603237653868973
2006-12-29,10.751,10.937,10.676,10.864,300160879,20.732,20.882,20.669,20.678,1198073,10.585285714285716,11.105285714285715,41.37795252783809,-0.1283443793278316,20.661571428571428,20.80909523809524,45.69732890225324,-0.005481808592442405
2007-01-03,11.049,11.087,10.486,10.731,345302870,20.768,21.034,20.537,20.741,5337498,10.567714285714287,11.057238095238095,37.878207380201104,-0.12320981237746409,20.661571428571428,20.80104761904762,43.123542654444734,-0.004370444561111242
2007-01-04,10.78,11.007,10.733,10.969,236252357,20.732,21.113,20.687,21.061,3242928,10.617999999999999,11.022761904761904,48.76788526122796,-0.0987971481015073,20.721714285714285,20.816714285714287,56.96614531411063,0.022077153407153105
2007-01-05,10.992,11.038,10.807,10.893,232773093,20.91,20.927,20.758,20.891,1854979,10.670428571428571,10.985809523809523,38.45807009088688,-0.08460720146818979,20.780285714285714,20.81157142857143,50.269299399299605,0.028985360893315715
2007-01-08,11.011,11.081,10.922,10.946,222149027,20.891,21.026,20.821,20.954,2001436,10.742857142857142,10.950523809523808,41.10707777881168,-0.06829761705213677,20.830857142857145,20.808999999999997,46.55948511136157,0.03909309768853575
2007-01-09,11.075,11.907,10.906,11.854,933759387,20.918,21.044,20.812,20.981,3902081,10.944857142857142,10.967142857142857,60.285808958457515,0.01769191623169064,20.863857142857142,20.814142857142855,51.2278303429812,0.048720605460420785
2007-01-10,12.135,12.526,11.968,12.42,820730037,20.91,21.121,20.856,21.088,2991299,11.239571428571427,11.027809523809523,72.42848417102897,0.1300120130639577,20.91342857142857,20.828142857142858,57.468184323808146,0.06424391661548157
2007-01-11,12.289,12.394,12.178,12.267,401661844,21.212,21.337,21.14,21.301,4072159,11.439999999999998,11.073761904761904,68.21728662813862,0.20432534234207012,21.00242857142857,20.852285714285717,68.08645838956745,0.09266538357040588
2007-01-12,12.107,12.174,11.939,12.117,366027068,21.318,21.389,21.193,21.354,3542696,11.638,11.109619047619047,69.23545508093322,0.24825373032529718,21.09,20.873047619047618,68.95485407212868,0.11810481912118576
2007-01-16,12.257,12.452,12.222,12.433,346840092,21.248,21.379,21.239,21.31,1751157,11.847142857142858,11.176380952380953,77.00773317129438,0.3050494333853724,21.125571428571426,20.895095238095237,71.47435833292238,0.1331801054459163
2007-01-17,12.489,12.499,12.143,12.161,453218702,21.221,21.266,20.999,21.034,1702565,12.028285714285715,11.212380952380952,73.07366609567279,0.3243731388212101,21.145999999999997,20.90233333333333,66.48777523504533,0.12145641119382589
2007-01-18,11.782,11.796,11.405,11.407,659349162,20.918,20.999,20.732,20.794,5433442,12.094142857142858,11.215666666666667,61.49643685013062,0.2756680859424936,21.123142857142856,20.88961904761905,55.39488277223114,0.09174176286305524
2007-01-19,11.348,11.48,11.285,11.331,379744435,20.669,20.803,20.65,20.785,2666669,12.019428571428573,11.220238095238095,60.39673259146926,0.22830466176751685,21.095142857142857,20.881999999999998,51.05612509668934,0.06669761658837103
2007-01-22,11.418,11.419,10.968,11.116,402540763,20.758,20.794,20.528,20.632,3824359,11.833142857142859,11.228333333333333,58.59180420641041,0.17144380622566935,21.03,20.87090476190476,46.973903021857545,0.03411091946047762
2007-01-23,10.977,11.207,10.951,10.974,336685388,20.582,20.768,20.556,20.632,1654419,11.64842857142857,11.224571428571428,51.35735421544843,0.11361329198375891,20.934428571428572,20.866142857142858,48.67663942377853,0.008191302970409708
2007-01-24,11.024,11.16,11.024,11.103,258728936,20.715,21.008,20.697,21.008,4928501,11.50357142857143,11.236428571428572,54.59486147126284,0.07730034444968226,20.884999999999998,20.87885714285714,56.509019604521555,0.017784864945767254
2007-01-25,11.159,11.331,11.018,11.045,252639719,21.088,21.176,20.75,20.75,1699863,11.305285714285715,11.256809523809524,50.982419670694455,0.04334233319706193,20.805,20.884095238095238,42.18200070862341,0.0045173153259376875
2007-01-26,11.149,11.189,10.885,10.935,275130377,20.831,20.9,20.678,20.758,4825916,11.130142857142857,11.276285714285715,50.53818536454777,0.007468195227662733,20.76557142857143,20.897285714285715,46.36015290145478,-0.0052907912460185
2007-01-29,11.045,11.097,10.954,11.006,251405514,20.794,20.927,20.758,20.847,2632698,11.072857142857142,11.303285714285714,50.76530594114433,-0.015059613098534541,20.773142857142858,20.90904761904762,47.11278971420452,-0.005815196209848494
2007-01-30,11.077,11.077,10.917,10.956,160943141,20.831,20.973,20.831,20.973,2809974,11.019285714285713,11.327857142857143,35.33638128846853,-0.036526589843008495,20.8,20.919666666666664,49.795081610076195,0.0038914972938179915
2007-01-31,10.86,11.014,10.802,10.978,238301361,20.935,21.148,20.812,21.098,1938557,10.999571428571429,11.35742857142857,21.36616350312694,-0.05117420307764675,20.86657142857143,20.936666666666667,50.253806749465284,0.021423619015564555
2007-02-01,11.031,11.048,10.852,10.852,185223259,21.121,21.167,20.945,21.008,1695364,10.982142857142858,11.356857142857143,21.5977517854803,-0.0721183535825336,20.92028571428571,20.952380952380953,42.0682184142095,0.027735980831568696
2007-02-02,10.776,10.917,10.717,10.852,173327711,21.079,21.113,21.008,21.113,1711563,10.946285714285713,11.362619047619049,22.9816316438518,-0.08770572672929511,20.935285714285715,20.97009523809524,43.65455470712808,0.040741552273377835
2007-02-05,10.797,10.915,10.75,10.75,161405362,20.981,21.113,20.981,21.061,1163651,10.904142857142856,11.352190476190477,10.437235474320019,-0.1070553127932321,20.979714285714287,20.970095238095237,43.47142076109079,0.046318663206150745
2007-02-06,10.814,10.817,10.612,10.777,240961071,21.052,21.106,20.873,21.034,1907399,10.88157142857143,11.346666666666668,13.230605640154849,-0.1188413951761671,21.019142857142857,20.976904761904763,49.99999957780459,0.04800650039614496
2007-02-07,10.821,11.062,10.7,11.032,297417155,21.158,21.212,21.052,21.13,1766677,10.885285714285713,11.350761904761905,36.442515900075755,-0.10637930706962173,21.059571428571424,20.985285714285716,61.096432724339444,0.0564399169934795
2007-02-08,10.967,11.08,10.938,11.036,189370669,21.026,21.185,21.026,21.158,1541150,10.896714285714285,11.311809523809524,38.74904611557081,-0.09508417471184849,21.086000000000002,20.993714285714287,62.16568762536233,0.06463772296582349
2007-02-09,10.998,11.038,10.656,10.664,239880362,21.185,21.212,20.821,20.927,2123030,10.851857142857142,11.228190476190477,34.60490430213305,-0.11482634537499514,21.061571428571426,20.986047619047618,59.15580333446223,0.05189654276790634
2007-02-12,10.811,10.909,10.709,10.87,201764456,20.847,20.91,20.785,20.839,2920166,10.854428571428572,11.161666666666665,46.605743699425275,-0.11255224722931345,21.03742857142857,20.96404761904762,56.091818254687695,0.03430278001719955
2007-02-13,10.909,10.923,10.796,10.846,161936755,20.91,20.954,20.847,20.927,1722963,10.853571428571428,11.101142857142857,40.995094201870124,-0.11140242962538238,21.01085714285714,20.943714285714286,47.12969478397187,0.027147521109753825
2007-02-14,10.837,10.967,10.83,10.924,141666808,21.008,21.231,20.989,21.212,1145333,10.878428571428572,11.029285714285715,45.81893528578775,-0.10300980979751095,21.03242857142857,20.93904761904762,66.0639771036886,0.04396721830637418
2007-02-15,10.915,10.964,10.856,10.912,101411579,21.248,21.301,21.176,21.293,3445731,10.897714285714285,10.969809523809523,49.147516168965744,-0.09621775939336885,21.06942857142857,20.951380952380955,67.70350698355446,0.06310553128598784
2007-02-16,10.897,10.938,10.841,10.863,111474825,21.13,21.248,21.106,21.248,2301769,10.873571428571429,10.943904761904761,44.61190608548099,-0.09370868560786327,21.08628571428571,20.973,63.66734772232931,0.07379104109866574
2007-02-20,10.83,11.034,10.779,11.0,172235557,21.148,21.301,21.079,21.258,1486143,10.868428571428572,10.928142857142856,51.55586936224742,-0.07974620688009715,21.10057142857143,20.99552380952381,60.547741785589636,0.08211967652342622
2007-02-21,11.021,11.461,11.008,11.424,322183882,21.185,21.266,21.13,21.221,1310107,10.977,10.942809523809522,62.27973520268928,-0.03407479241384159,21.142571428571426,21.02357142857143,54.86935806162236,0.08475755696706244
2007-02-22,11.628,11.63,11.335,11.463,233763003,21.354,21.407,21.203,21.337,4025364,11.061714285714285,10.966095238095237,67.66917238440229,0.005207082651333295,21.213714285714286,21.057142857142857,62.761830194984014,0.09511193558282116
2007-02-23,11.433,11.569,11.378,11.407,144427846,21.284,21.328,21.221,21.318,1133730,11.141857142857145,10.980571428571428,65.546217973307,0.03145690405394852,21.269571428571428,21.07190476190476,58.52036507125103,0.10062477426374272
2007-02-26,11.507,11.526,11.22,11.352,171792585,21.248,21.37,21.14,21.266,1110835,11.203,10.995190476190476,67.3187566499065,0.04727705581891328,21.277285714285714,21.096476190476192,58.52036507125086,0.09964908064607059
2007-02-27,11.048,11.15,10.683,10.748,319442902,20.91,21.113,20.25,20.446,5310950,11.179571428571426,10.986285714285714,49.37364980940342,0.010950655568457535,21.156285714285712,21.081619047619046,35.270540834775815,0.03233594085278213
2007-02-28,10.828,10.961,10.629,10.834,256409965,20.446,20.687,20.334,20.49,4069345,11.175428571428572,10.978095238095237,45.38676578032863,-0.010774594263876835,21.048000000000002,21.064619047619047,33.539094408669015,-0.017260803325463314
2007-03-01,10.757,11.308,10.724,11.149,394757858,20.203,20.625,19.907,20.509,4143403,11.196714285714288,10.987285714285715,52.299552001549145,-0.00254480887024755,20.941,21.042523809523807,33.22997391978306,-0.05440627750129323
2007-03-02,11.112,11.211,10.912,10.938,239815763,20.361,20.473,20.129,20.129,2939105,11.127285714285714,10.985380952380952,55.96689861344228,-0.01289987947215998,20.785,20.996380952380953,30.854126472189137,-0.1132022327387503
2007-03-05,10.991,11.352,10.982,11.053,233181782,19.966,20.378,19.966,20.174,1582877,11.068714285714288,10.99495238095238,54.14965952013826,-0.011692030177679058,20.61885714285714,20.956666666666667,33.70896596181987,-0.15438764230953694
2007-03-06,11.245,11.308,11.193,11.293,201682723,20.334,20.481,20.222,20.481,2448784,11.05242857142857,11.01595238095238,59.23172208622713,0.00853283214908096,20.499285714285715,20.926571428571428,40.13274311422195,-0.16040598151959173
2007-03-07,11.271,11.394,11.199,11.235,174620479,20.37,20.409,20.222,20.222,1734397,11.035714285714286,11.039047619047619,56.47646780896688,0.01965450112703948,20.35014285714286,20.88661904761905,27.84243491951915,-0.18395418481499348
2007-03-08,11.344,11.36,11.2,11.271,142484159,20.395,20.509,20.315,20.395,3121440,11.11042857142857,11.062571428571427,57.40206152427676,0.03101587139607176,20.342857142857145,20.856190476190477,30.69647444980619,-0.18650671805423968
2007-03-09,11.371,11.378,11.193,11.267,125660350,20.528,20.546,20.277,20.446,1273660,11.172285714285712,11.073761904761904,58.4873946139397,0.03924468432598438,20.33657142857143,20.82361904761905,32.80445949431281,-0.18231275728095042
2007-03-12,11.271,11.525,11.27,11.509,203423631,20.37,20.6,20.37,20.574,1792326,11.223714285714285,11.096285714285713,60.241448352764486,0.06454937041835507,20.34585714285714,20.795809523809524,36.04081612058312,-0.16673842610779488
2007-03-13,11.448,11.601,11.32,11.32,241977610,20.481,20.537,20.182,20.241,1863980,11.278285714285715,11.12752380952381,47.688888592158044,0.06856245074236789,20.361857142857144,20.763142857142856,32.155862909620495,-0.17920026434982006
2007-03-14,11.345,11.526,11.261,11.526,222120710,20.241,20.436,20.083,20.427,3261705,11.345857142857142,11.158761904761905,51.30326821752349,0.08735831195642518,20.398,20.743523809523808,33.84232937720432,-0.1720840377377364
2007-03-15,11.526,11.571,11.438,11.47,155920572,20.427,20.464,20.315,20.436,2523809,11.371142857142857,11.188476190476191,51.30326821752349,0.09662164126138251,20.391571428571428,20.72014285714286,34.283677662162674,-0.16382962614435925
2007-03-16,11.472,11.525,11.438,11.473,159438492,20.343,20.49,20.315,20.404,3267923,11.40514285714286,11.214619047619047,52.558139223757316,0.10301745036057675,20.417571428571428,20.681666666666665,34.52979164270745,-0.1580481968202676
2007-03-19,11.555,11.725,11.473,11.67,198842082,20.509,20.75,20.473,20.537,979177,11.462142857142856,11.250714285714286,73.54443256914097,0.12256952358233342,20.437857142857144,20.645666666666664,52.16769855628971,-0.14110778128919677
2007-03-20,11.695,11.761,11.662,11.715,136404395,20.582,20.705,20.528,20.669,1452507,11.526142857142856,11.291285714285713,72.97861188226369,0.14008103937051963,20.469714285714286,20.61809523809524,54.092363622636945,-0.11569739554503045
2007-03-21,11.782,12.037,11.738,12.022,191659295,20.705,21.088,20.617,21.088,965509,11.599428571428573,11.339952380952381,72.86537400727336,0.176694551291515,20.543142857142858,20.61,61.19056789460071,-0.06104598340307632
2007-03-22,12.01,12.083,11.91,12.033,157625132,20.989,21.026,20.821,21.008,1939453,11.701285714285715,11.368952380952383,82.03627785341841,0.20424423098697986,20.652714285714286,20.599857142857143,69.21731483644834,-0.023914011116325185
2007-03-23,11.949,12.046,11.949,11.977,125828992,20.935,21.052,20.9,20.954,1541150,11.765714285714285,11.393428571428572,77.99999933818182,0.21903393181975694,20.728,20.581619047619046,66.98606230931841,0.0011428219985489818
2007-03-26,12.04,12.281,11.949,12.274,241161364,20.954,21.016,20.528,20.981,1078276,11.880571428571429,11.434714285714286,78.73462149836867,0.2518174987762656,20.805857142857143,20.565571428571428,62.400793217454776,0.022915066495976077
2007-03-27,12.254,12.399,12.167,12.223,257947727,20.927,20.989,20.891,20.989,1985196,11.987714285714286,11.476190476190476,79.05882287833919,0.27056453842850026,20.88942857142857,20.552380952380954,71.72804475683131,0.040350129090871434
2007-03-28,12.153,12.217,11.928,11.94,264554993,20.812,20.873,20.687,20.75,2235403,12.026285714285715,11.53295238095238,67.18027686670575,0.25959353486910075,20.919857142857143,20.566857142857142,59.69415574237126,0.03448472082087761
2007-03-29,12.06,12.061,11.811,12.006,202352424,20.803,20.856,20.556,20.777,3210302,12.067857142857141,11.588761904761904,68.39223446615671,0.25330464564314426,20.935285714285715,20.580523809523807,59.15882632638425,0.03165017336352349
2007-03-30,12.078,12.125,11.878,11.899,167475178,20.785,20.839,20.582,20.732,4293641,12.050285714285712,11.62447619047619,60.40554917519866,0.23695517806562094,20.884428571428572,20.59114285714286,54.58236614608279,0.025478944747490573
2007-04-02,12.056,12.069,11.912,11.993,139963969,20.794,20.882,20.669,20.839,1769717,12.044571428571428,11.674714285714284,68.9151203120789,0.2289439977349037,20.860285714285713,20.624952380952383,69.95994594162924,0.028889190763450756
2007-04-03,12.054,12.196,12.007,12.102,162849037,20.882,21.098,20.803,21.008,2239395,12.062428571428573,11.724666666666666,67.12247268744676,0.22875354023665118,20.868,20.66466666666667,69.61512425752068,0.044713295866969816
2007-04-04,12.16,12.184,12.053,12.072,132966739,20.989,21.13,20.981,21.13,2577019,12.03357142857143,11.761761904761906,68.17632792604549,0.22360428105440988,20.889285714285712,20.69557142857143,71.76913362310664,0.06633373951369492
2007-04-05,12.05,12.125,11.977,12.125,99148054,21.158,21.221,20.91,21.212,742058,12.019571428571428,11.804142857142857,69.10902639652612,0.2212496844751115,20.921142857142854,20.742714285714285,74.57420861068184,0.08905820402877751
2007-04-09,12.194,12.204,11.915,11.993,115261788,21.212,21.284,21.158,21.212,863579,12.02714285714286,11.83852380952381,59.8415595138441,0.20635363661981998,20.987142857142857,20.781619047619046,72.33620052104109,0.10584736336077682
2007-04-10,11.997,12.069,11.964,12.069,98296930,21.193,21.248,21.121,21.193,2184585,12.036142857142854,11.876714285714286,60.58612389461381,0.19839401352385266,21.04657142857143,20.817190476190476,68.74105796682774,0.11627935584754923
2007-04-11,12.026,12.032,11.823,11.857,153101090,21.248,21.248,20.973,20.999,2357722,12.03014285714286,11.893285714285716,44.7685474782754,0.17298526023186866,21.084714285714288,20.837428571428568,46.20630805891867,0.1076516649941972
2007-04-12,11.791,11.821,11.617,11.806,183654688,21.026,21.221,20.927,21.221,867005,12.003428571428572,11.916428571428572,42.98082832298603,0.147038399273967,21.139285714285712,20.884095238095238,58.09885869704638,0.1173746802516078
2007-04-13,11.645,11.704,11.533,11.555,200863594,21.088,21.239,20.973,21.239,1252150,11.925285714285712,11.917809523809524,38.355408092176766,0.10501121875966923,21.172285714285714,20.922761904761906,61.141516140749566,0.12509072149030231
2007-04-16,11.601,11.718,11.556,11.708,169955276,21.258,21.415,21.248,21.415,1486635,11.873285714285714,11.929142857142857,33.0335728642267,0.08309235973838547,21.212999999999997,20.969380952380952,65.19607779219518,0.1437504036973678
2007-04-17,11.786,11.82,11.487,11.57,209655898,21.37,21.462,21.31,21.462,1544229,11.794,11.933761904761903,31.39601114555896,0.05396399600674329,21.248714285714282,21.019761904761904,66.12133542897148,0.16048091934452557
2007-04-18,11.545,11.635,11.474,11.577,129386385,21.248,21.472,21.248,21.407,1199526,11.734571428571428,11.929333333333332,37.72819436903677,0.031086058655663606,21.27657142857143,21.06119047619048,75.60405217579357,0.16737256642598197
2007-04-19,11.548,11.684,11.505,11.559,118787486,21.239,21.472,21.212,21.415,2001678,11.661714285714286,11.921904761904761,34.3815510263161,0.011371594250622508,21.308285714285713,21.096714285714285,75.23734093882679,0.1715028019863709
2007-04-20,11.664,11.677,11.596,11.651,146139118,21.569,21.628,21.462,21.542,1109747,11.632285714285715,11.904238095238096,41.24293744533824,0.0031352293264390596,21.38585714285714,21.118333333333332,80.08915221304002,0.18291534777315377
2007-04-23,11.737,12.013,11.707,11.975,217645137,21.513,21.577,21.434,21.495,1807398,11.656428571428572,11.90147619047619,49.453219506473204,0.022492661601491548,21.425,21.14152380952381,75.50544241284899,0.18602300788788995
2007-04-24,12.04,12.346,11.691,11.94,294295025,21.665,21.691,21.472,21.61,3207944,11.711428571428572,11.899714285714285,44.84732784487112,0.03461039159930834,21.478,21.172761904761906,74.43181733600203,0.19551165318704022
2007-04-25,12.071,12.217,12.013,12.209,330909950,21.628,21.801,21.586,21.772,1927277,11.783,11.896619047619048,53.78244022476303,0.0651686086448997,21.529,21.210428571428572,75.2358482285362,0.2136408008922217
2007-04-26,13.008,13.126,12.588,12.657,484683536,21.753,21.932,21.7,21.896,808919,11.938285714285714,11.917285714285715,62.05802317823556,0.1241054612174306,21.591,21.253619047619047,76.02739645024079,0.23530163398440251
2007-04-27,12.568,12.8,12.511,12.796,195052719,21.792,21.958,21.792,21.877,1017823,12.11242857142857,11.958047619047619,68.14279215815671,0.17995506980026832,21.658142857142856,21.30728571428571,74.94373514687737,0.24807520254397986
2007-04-30,12.813,12.933,12.763,12.78,171930349,21.86,21.968,21.709,21.709,1041273,12.286857142857142,11.994904761904762,66.51184350619326,0.22038476233895388,21.700142857142858,21.351666666666667,67.40890624579967,0.24185420694200843
2007-05-01,12.753,12.852,12.621,12.739,148507151,21.772,21.817,21.638,21.817,3487055,12.442285714285715,12.034904761904762,72.25025176008909,0.24627828484261016,21.739428571428572,21.403333333333332,79.29799347408886,0.2428394188556524
2007-05-02,12.761,12.877,12.739,12.858,140893052,21.851,22.03,21.834,21.932,1496032,12.568428571428571,12.076095238095238,75.65853606867346,0.2732515200253296,21.80185714285714,21.455380952380953,77.57951816438063,0.25001769692069686
2007-05-03,12.896,12.99,12.808,12.859,160657926,22.047,22.163,21.958,22.145,1201913,12.699714285714284,12.112142857142857,86.22222155160497,0.2913501912365746,21.878285714285713,21.50952380952381,80.5256057093271,0.26978395241985353
2007-05-04,12.904,13.011,12.872,12.91,106532846,22.225,22.253,22.11,22.234,3317954,12.79985714285714,12.152047619047618,85.39458115693517,0.30627820781248793,21.944285714285712,21.562095238095235,79.31281237624952,0.28929558903691444
2007-05-07,12.942,13.363,12.934,13.309,240269953,22.181,22.262,22.163,22.209,714566,12.892999999999999,12.208428571428572,94.38488957560571,0.3463126571775206,21.989,21.609571428571428,77.16363557797011,0.29929136599858097
2007-05-08,13.245,13.467,13.244,13.455,218657961,22.135,22.305,22.118,22.297,2168250,12.987142857142857,12.27804761904762,94.75691071182236,0.3853788194187562,22.049,21.661238095238097,81.605112824949,0.3107320303873671
2007-05-09,13.436,13.698,13.433,13.686,200159564,22.181,22.386,22.135,22.269,6327248,13.11657142857143,12.355047619047618,96.01903879521142,0.4300217804975741,22.128999999999998,21.71247619047619,79.90196000096091,0.31392078988983485
2007-05-10,13.66,13.937,13.566,13.747,333857993,22.262,22.367,22.073,22.153,2680725,13.260571428571428,12.44504761904762,95.96491169144358,0.46496402316049235,22.176999999999996,21.76742857142857,71.55963232051151,0.30358809958675437
2007-05-11,13.772,13.977,13.673,13.926,181623757,22.11,22.395,22.11,22.395,2855077,13.413142857142857,12.546000000000001,95.69086588305761,0.501320891079752,22.243142857142857,21.823333333333334,77.9156320776556,0.3113378368183959
2007-05-14,14.048,14.085,13.86,14.007,181816520,22.457,22.457,22.209,22.287,791891,13.577142857142857,12.662761904761904,97.38651931984818,0.5305540965312563,22.26342857142857,21.873238095238094,71.09034205902489,0.3052461741159114
2007-05-15,14.033,14.11,13.636,13.77,266201390,22.314,22.457,22.2,22.253,3860576,13.700000000000001,12.760952380952382,86.3192176787022,0.528505421639629,22.266142857142857,21.913142857142855,66.28300546515763,0.294282664316345
2007-05-16,13.891,13.936,13.244,13.747,314369576,22.287,22.447,22.19,22.447,665120,13.76257142857143,12.864619047619048,81.6125283395735,0.5190427228312071,22.300142857142855,21.960047619047618,67.8086613126558,0.2978151547660737
2007-05-17,13.735,14.069,13.722,14.017,205483554,22.447,22.484,22.331,22.386,574122,13.842857142857143,12.980809523809523,82.91105058719428,0.5272523722225433,22.312857142857144,22.006666666666668,66.01636191049141,0.2923227737250791
2007-05-18,14.114,14.168,14.058,14.087,173116817,22.465,22.511,22.331,22.502,1589628,13.900142857142857,13.101190476190476,84.2325818861938,0.5332599052531055,22.34614285714286,22.05842857142857,75.79700646639019,0.29394187377871717
2007-05-21,14.123,14.399,14.09,14.337,178454750,22.554,22.714,22.484,22.598,1379645,13.98442857142857,13.22909523809524,87.72426759766773,0.5518326458866998,22.409714285714283,22.108714285714285,75.60655668295607,0.29951875417653895
2007-05-22,14.405,14.565,14.341,14.54,159634682,22.358,22.714,22.358,22.572,2176293,14.072142857142856,13.351238095238093,88.1925516645342,0.5762889794784147,22.435,22.159999999999997,72.28412185795415,0.29840071170558247
2007-05-23,14.602,14.728,14.419,14.459,254159331,22.633,22.689,22.475,22.493,4346562,14.136714285714286,13.471190476190475,85.05696705048314,0.5824209903610598,22.464428571428567,22.202047619047615,63.36405461820514,0.2878221802915206
2007-05-24,14.449,14.659,14.132,14.175,247469972,22.438,22.572,22.128,22.209,5438880,14.194571428571427,13.564809523809524,75.14910494946824,0.5579327254929201,22.458142857142857,22.22285714285714,49.16499620019369,0.25359886160196865
2007-05-25,14.341,14.569,14.282,14.549,176492317,22.253,22.413,22.209,22.395,2219093,14.309142857142856,13.654904761904763,74.89959797245209,0.5622233131262249,22.450714285714287,22.24661904761905,55.609167202335136,0.2387333114993062
2007-05-29,14.672,14.711,14.432,14.644,180070735,22.377,22.572,22.358,22.528,2666778,14.398714285714286,13.742904761904763,74.37474332052221,0.5667561289286578,22.471,22.277619047619048,56.78214868176737,0.23497559205705798
2007-05-30,14.639,15.225,14.538,15.211,412371353,22.358,22.724,22.287,22.698,2534048,14.559285714285712,13.858666666666666,77.47747708660015,0.6090794902675594,22.499,22.324714285714286,61.62601579253978,0.2429149789093472
2007-05-31,15.377,15.642,15.308,15.519,361617762,22.784,22.845,22.724,22.803,2441792,14.728142857142858,13.99104761904762,79.31833186285355,0.6598675427095184,22.528285714285715,22.371666666666666,67.72082827257825,0.2547431027519167
2007-06-01,15.507,15.519,15.148,15.162,246601470,22.91,22.965,22.751,22.803,2326066,14.816999999999998,14.100761904761905,69.31249969675785,0.6636602613724829,22.561285714285713,22.413142857142855,62.814069799373804,0.26110709604450477
2007-06-04,15.193,15.591,15.098,15.538,247259754,22.733,22.892,22.724,22.883,1594506,14.971142857142857,14.228333333333332,71.90271788079029,0.6890629866910736,22.617,22.448285714285714,69.05370782176993,0.26949931761511436
2007-06-05,15.548,15.713,15.431,15.71,256806653,22.768,22.837,22.66,22.803,1547897,15.190428571428571,14.361666666666668,78.27988306241453,0.7148336348843749,22.701857142857143,22.475380952380952,67.08074475830415,0.2666214363087249
2007-06-06,15.667,15.885,15.616,15.833,310164573,22.707,22.733,22.536,22.536,2304805,15.373857142857142,14.481857142857141,79.54674189414894,0.7366900272308712,22.722,22.490952380952383,52.64408750028693,0.24002911977170882
2007-06-07,16.006,16.341,15.776,15.886,534344969,22.502,22.633,22.163,22.216,2782589,15.551285714285715,14.597619047619048,78.2070627543318,0.7496465736307645,22.677428571428575,22.487095238095236,45.62306867213034,0.19093224362707772
2007-06-08,16.089,16.112,15.659,15.944,346277112,22.181,22.608,22.181,22.528,1886024,15.656000000000002,14.705142857142857,78.12783971711917,0.7558815137032653,22.653142857142857,22.49942857142857,50.60804457038697,0.17517905298809566
2007-06-11,16.137,16.156,15.308,15.392,522698680,22.511,22.643,22.465,22.572,1262749,15.637857142857143,14.783476190476192,64.6405770455265,0.7081182158831076,22.62014285714286,22.519380952380953,49.37679736755745,0.16435043863575416
2007-06-12,15.285,15.589,15.151,15.417,397844813,22.413,22.572,22.287,22.305,1615326,15.674285714285714,14.854476190476191,62.80291945131655,0.6646214074384478,22.549000000000003,22.51509523809524,44.26299930396132,0.13269439675131878
2007-06-13,15.511,15.519,14.778,15.048,480137758,22.403,22.59,22.314,22.59,1747558,15.604285714285712,14.90404761904762,57.93159148638776,0.5935327807944706,22.507142857142856,22.52952380952381,51.91472533485745,0.12911551041164415
2007-06-14,15.009,15.295,14.91,15.208,271426767,22.572,22.821,22.572,22.803,955689,15.53257142857143,14.97252380952381,64.39119506785266,0.5438361897680579,22.50714285714286,22.555714285714288,62.06336276649595,0.14183159079609808
2007-06-15,15.443,15.451,15.351,15.431,226221000,22.92,23.008,22.874,22.92,976143,15.475142857142858,15.052714285714288,62.827224875049104,0.5164917245505762,22.562,22.578238095238095,60.96949400185007,0.15951135074635658
2007-06-18,15.788,16.03,15.693,16.017,253942219,23.059,23.059,22.864,22.982,740338,15.493857142857141,15.147952380952383,67.47263910801298,0.5359284914080984,22.67142857142857,22.606619047619045,59.776054764485494,0.17649109030002208
2007-06-19,15.974,16.008,15.742,15.836,263011080,22.845,23.017,22.837,22.974,1471688,15.478428571428571,15.231238095238094,58.82020863012054,0.5306105339157519,22.735142857142854,22.629095238095235,56.38888852340537,0.18714483393550907
2007-06-20,15.863,15.966,15.561,15.568,250306692,23.069,23.069,22.714,22.837,1250707,15.503571428571428,15.289857142857143,50.69940031122134,0.4990182819326794,22.773,22.640476190476193,50.775547120959075,0.18243030448826758
2007-06-21,15.579,15.916,15.457,15.866,241756386,22.698,22.965,22.651,22.956,1769171,15.567714285714285,15.353,60.220673390508274,0.49235177930283314,22.865999999999996,22.658761904761906,53.310254977782954,0.1861504844998194
2007-06-22,15.861,15.939,15.671,15.752,176219294,22.714,22.929,22.608,22.698,2133831,15.668285714285714,15.41457142857143,53.362664755789666,0.4724238723500722,22.881428571428575,22.668523809523812,46.28364779109239,0.16636258582511232
2007-06-25,15.905,16.017,15.503,15.666,269232607,22.707,22.855,22.502,22.616,1644092,15.733714285714285,15.48557142857143,49.2894054618696,0.44456669314377706,22.854714285714287,22.687904761904765,46.24648709456006,0.1424220659423625
2007-06-26,15.877,15.878,15.203,15.322,374081367,22.751,22.751,22.475,22.536,2342996,15.718142857142857,15.522380952380953,42.29725637860669,0.3902333852967512,22.799857142857142,22.694619047619046,49.99999969618056,0.11566043850212182
2007-06-27,15.448,15.628,15.272,15.61,271833544,22.475,22.821,22.421,22.76,4589021,15.66,15.568380952380954,46.114864683105836,0.36619180923088557,22.76814285714286,22.705666666666666,62.318840184572615,0.11124422966999603
2007-06-28,15.684,15.686,15.369,15.439,233910600,22.768,22.965,22.768,22.837,1914257,15.603285714285715,15.579238095238095,43.11050461021907,0.32954166491454195,22.74857142857143,22.712285714285713,57.830714237389806,0.11265894662864895
2007-06-29,15.623,15.878,15.507,15.628,316362049,22.92,22.982,22.608,22.76,1577437,15.611857142857144,15.584428571428573,53.57359153542391,0.31214862688989164,22.73757142857143,22.710238095238093,54.68594179182301,0.10634103032413122
2007-07-02,15.509,15.633,15.276,15.529,277528323,22.83,22.989,22.83,22.956,1887399,15.563714285714285,15.60190476190476,51.658767558287096,0.2870669175897813,22.73757142857143,22.717523809523808,66.82170494289213,0.11581455993940537
2007-07-03,15.623,16.315,15.561,16.285,324196349,23.025,23.169,23.017,23.114,1750759,15.63985714285714,15.63747619047619,66.43635372572177,0.32445228018838534,22.797,22.72852380952381,64.4911499430996,0.1345210055361079
2007-07-05,16.495,17.028,16.481,16.999,404690317,23.151,23.851,23.086,23.205,3779626,15.830285714285713,15.698857142857142,70.74357169552698,0.4070026095156294,22.88114285714286,22.747666666666667,61.9217076708755,0.1549033090031955
2007-07-06,17.052,17.076,16.7,16.943,243805189,23.239,23.335,23.178,23.248,3070500,16.061857142857143,15.751714285714286,68.21686723975037,0.4625733506179941,22.982857142857146,22.78157142857143,60.17369674787116,0.17253726973663674
2007-07-09,16.943,17.02,16.543,16.692,277427270,23.291,23.391,23.221,23.383,1136628,16.21642857142857,15.790095238095237,58.84665771327572,0.4808173973435732,23.07185714285714,22.837142857142858,61.89910927798965,0.19515604501512485
2007-07-10,16.527,17.223,16.497,16.95,349719688,23.16,23.317,23.069,23.114,2400633,16.432285714285715,15.838000000000001,64.31140778510797,0.5102129621873317,23.111428571428572,22.86504761904762,53.597121916567495,0.18919461772601665
2007-07-11,16.904,17.124,16.816,16.955,228826496,23.078,23.291,23.008,23.248,1227612,16.62185714285714,15.912428571428569,69.10994737736587,0.5278281430513925,23.181142857142852,22.897238095238095,60.57642776733411,0.19305737847983906
2007-07-12,17.137,17.192,16.955,17.167,196391708,23.3,23.7,23.283,23.638,1448601,16.855857142857143,15.995761904761904,68.36014649815357,0.5525257560582588,23.27857142857143,22.960714285714285,65.40198693964427,0.22499478501368841
2007-07-13,17.288,17.656,17.224,17.639,252948977,23.674,23.996,23.596,23.691,1888611,17.049285714285713,16.119142857142858,74.18610586039335,0.6032315695985879,23.360999999999997,23.013142857142856,74.7137874335526,0.2516808467138425
2007-07-16,17.744,17.925,17.611,17.684,260952496,23.665,23.818,23.605,23.764,1567490,17.147142857142857,16.237047619047615,76.13989609690194,0.6396736563370382,23.440857142857144,23.058904761904763,78.69999944910015,0.275543933838307
2007-07-17,17.709,17.88,17.611,17.788,197627504,23.755,23.941,23.736,23.842,1477595,17.267857142857142,16.349285714285713,84.06077315556611,0.6692317168148882,23.525714285714283,23.102809523809523,82.68268210332464,0.2973222051313975
2007-07-18,17.696,17.727,17.423,17.686,211062111,23.665,23.736,23.451,23.718,1726522,17.409857142857142,16.428761904761906,80.22714003401867,0.6766264169976495,23.57357142857143,23.137857142857143,75.2370911204852,0.3011049281657989
2007-07-19,17.965,18.032,17.887,17.927,204095535,23.932,24.024,23.833,23.913,3386150,17.54942857142857,16.528333333333332,85.50228276340414,0.6939342143830309,23.687714285714286,23.18257142857143,76.68650740396288,0.3161927604216288
2007-07-20,18.144,18.464,17.927,18.409,324422187,23.842,23.876,23.613,23.825,1769625,17.75714285714286,16.663619047619047,86.62101627266416,0.7380365147347341,23.770142857142854,23.229619047619046,76.27034974455607,0.317390432298172
2007-07-23,18.366,18.598,18.049,18.401,288496408,23.851,23.95,23.783,23.858,1240364,17.93342857142857,16.784333333333333,88.74797591946263,0.7635407498851023,23.80157142857143,23.272571428571432,74.19527841269647,0.31734427285901745
2007-07-24,17.781,18.058,17.18,17.271,500393811,23.605,23.868,23.461,23.621,1954888,17.880857142857145,16.856666666666666,62.083333120302306,0.6846789312720283,23.791571428571427,23.316523809523808,63.046834337284736,0.294785666200319
2007-07-25,17.596,17.717,17.288,17.578,418343924,23.621,23.825,23.16,23.647,4530508,17.865714285714287,16.947714285714284,57.881840236769484,0.639580025734471,23.77485714285714,23.36561904761905,61.76783766520249,0.2758262374369451
2007-07-26,18.688,19.018,17.539,18.696,609713291,23.647,23.647,22.892,23.291,3343879,17.995428571428572,17.10838095238095,68.51108744262825,0.6861426493077865,23.69614285714286,23.40157142857143,50.98128675776448,0.2294298047882961
2007-07-27,18.715,19.071,18.411,18.421,322997313,23.196,23.3,22.793,22.793,2316526,18.100428571428573,17.242238095238093,68.16558080388356,0.6928667259044552,23.563999999999997,23.403142857142857,38.44949078375377,0.15073824297196836
2007-07-30,18.476,18.628,17.876,18.112,308938917,22.892,23.034,22.733,22.874,1805983,18.126857142857144,17.36952380952381,62.079001898314736,0.6655893873302823,23.41557142857143,23.404904761904763,44.92814850845555,0.0938290336518044
2007-07-31,18.314,18.374,16.843,16.873,490674255,23.205,23.205,22.608,22.714,3080273,17.90742857142857,17.428809523809523,49.3216411829082,0.5377955820390632,23.256857142857143,23.402714285714286,38.83779241482892,0.03540923679239327
2007-08-01,17.111,17.34,16.363,17.288,487845317,22.733,23.354,22.457,22.938,10765940,17.748428571428573,17.51257142857143,50.9684647489101,0.46464891883894666,23.125428571428568,23.401857142857143,34.27672934417144,0.007104162480406018
2007-08-02,17.531,17.539,17.18,17.477,237703871,22.92,23.16,22.864,22.982,5674156,17.77785714285714,17.569333333333333,48.641850992457094,0.41712205828228477,23.034142857142857,23.395571428571426,34.009923105034346,-0.011643165399132016
2007-08-03,17.338,17.41,16.84,16.884,188995834,23.034,23.078,22.536,22.536,2989773,17.678714285714285,17.56385714285714,43.857493763205625,0.32782754293695504,22.875428571428568,23.363714285714284,26.29343615130965,-0.06177690473040087
2007-08-06,17.02,17.325,16.431,17.323,257826874,22.689,22.902,22.484,22.892,2821359,17.48257142857143,17.58195238095238,46.604352175776114,0.28915146917138657,22.81842857142857,23.346761904761905,33.437935680567975,-0.07195260472235887
2007-08-07,17.278,17.575,16.984,17.291,264743117,22.83,23.069,22.562,22.938,3507897,17.321142857142856,17.61047619047619,47.08573105220595,0.25300182198558474,22.839142857142857,23.32557142857143,36.02150519559099,-0.07543553087307231
2007-08-08,17.514,17.526,16.904,17.16,225182326,23.096,23.291,22.989,23.291,5945588,17.185142857142857,17.620476190476193,44.24778751770376,0.211346094737614,22.898714285714284,23.334,39.450474710886496,-0.04914511083875084
2007-08-09,16.79,17.032,16.017,16.188,313384801,22.974,23.47,22.59,22.76,4146941,17.087285714285716,17.583952380952383,34.4837221625301,0.09876287715316323,22.905285714285718,23.310761904761904,34.2966675080645,-0.07034611952025216
2007-08-10,15.752,16.36,15.408,16.006,393062029,22.429,22.707,22.163,22.438,5478426,16.90414285714286,17.528666666666666,33.665257062977275,-0.00508736884210137,22.83385714285714,23.253619047619047,30.706521622312124,-0.11184154091435872
2007-08-13,16.457,16.564,16.201,16.366,209871835,22.76,22.83,22.608,22.751,2993096,16.745428571428572,17.46804761904762,43.103185398042264,-0.05767559725614291,22.800857142857144,23.20885714285714,38.41853020823768,-0.11810899025829613
2007-08-14,16.43,16.431,15.841,15.882,205582841,22.768,22.803,22.181,22.287,1710662,16.602285714285717,17.382238095238097,37.414663027039886,-0.1368296155605222,22.765285714285714,23.13852380952381,33.786361355982606,-0.15868765865872447
2007-08-15,15.719,15.991,15.322,15.355,276360162,22.269,22.447,21.896,22.005,3457263,16.321142857142856,17.266380952380953,22.824141805834046,-0.23932544624845065,22.638571428571428,23.05104761904762,34.393203766625035,-0.21116738280539593
2007-08-16,14.97,15.175,14.295,14.989,519423293,21.843,21.932,21.248,21.86,4543690,15.992285714285714,17.137952380952385,22.491183021020106,-0.3460976731834542,22.484571428571428,22.962571428571426,37.616140024787384,-0.26144446146384226
2007-08-17,15.623,15.815,15.346,15.63,333047893,22.421,22.429,21.843,22.073,4507637,15.773714285714286,17.02857142857143,31.11111104481651,-0.37467309117317527,22.31057142857143,22.874952380952383,39.72813527668793,-0.28086445800292026
2007-08-20,15.878,15.945,15.431,15.649,223957303,22.253,22.297,22.039,22.153,2467008,15.696714285714284,16.89714285714286,38.56074756264475,-0.39127579083836395,22.223857142857145,22.795333333333332,42.65514516963288,-0.2864970540605718
2007-08-21,15.648,16.516,15.494,16.336,362635238,22.083,22.413,22.083,22.225,3212914,15.743857142857141,16.798809523809524,41.5332620808492,-0.3450212017915639,22.193428571428573,22.717571428571425,40.27815637744914,-0.28190154323325345
2007-08-22,16.815,16.999,16.692,16.969,292681523,22.519,22.572,22.395,22.519,2244287,15.83,16.78442857142857,45.812726567527505,-0.2543542593555621,22.160285714285717,22.665095238095237,44.089864534782194,-0.25163552713511805
2007-08-23,17.065,17.076,16.618,16.784,241472936,22.624,22.67,22.457,22.58,2144289,15.958857142857141,16.74661904761905,49.11629538924917,-0.19517811631475368,22.202142857142857,22.614285714285714,50.62287635653442,-0.22018909825897026
2007-08-24,16.716,17.338,16.624,17.328,253888243,22.58,22.946,22.528,22.902,2887926,16.240714285714287,16.68147619047619,50.04338006236207,-0.10319477784899789,22.330285714285715,22.595761904761904,50.14293862149769,-0.16735569559806862
2007-08-27,17.088,17.244,16.917,16.936,197001364,22.784,22.92,22.775,22.775,1652171,16.518857142857144,16.610761904761905,47.10109412715738,-0.061222706084102185,22.460999999999995,22.59490476190476,47.722827418798666,-0.13418587077145716
2007-08-28,16.757,16.958,16.216,16.24,328245497,22.689,22.707,22.278,22.367,3149112,16.606,16.521619047619048,43.122009479110616,-0.08316227713913449,22.503000000000004,22.570761904761905,37.286736234998855,-0.13921594111218738
2007-08-29,16.631,17.184,16.588,17.17,325045062,22.447,22.929,22.447,22.902,3680714,16.823285714285714,16.535761904761905,57.38790237685367,-0.02521564731456749,22.609999999999996,22.57971428571429,51.95162157027962,-0.0988923102838477
2007-08-30,16.977,17.703,16.943,17.447,399939244,22.76,23.16,22.598,22.999,4851002,16.982,16.543333333333333,60.68832504826633,0.042568357788034916,22.720571428571425,22.582619047619044,58.21857579400525,-0.058434852395159
2007-08-31,17.875,17.887,17.598,17.732,244094374,23.248,23.248,23.008,23.151,5234573,17.091,16.555476190476192,60.24602447593093,0.11792541753750285,22.81085714285714,22.590666666666667,56.150061258886545,-0.013946133509204373
2007-09-04,17.927,18.662,17.908,18.462,365720853,23.186,23.656,23.151,23.504,4999254,17.330714285714286,16.630619047619046,68.66319430536967,0.2338555877966293,22.942857142857143,22.636761904761904,69.37281089741506,0.049228174831746685
2007-09-05,18.585,18.674,17.43,17.514,647417491,23.418,23.443,23.169,23.256,2770488,17.357285714285716,16.639714285714287,64.72112356387619,0.24639511620139842,22.99342857142857,22.654095238095238,70.13195977410768,0.07837923492985155
2007-09-06,17.366,17.621,16.993,17.29,529504287,23.345,23.391,23.178,23.373,2574543,17.407857142857143,16.639666666666667,65.99916549520393,0.23554266562164017,23.078857142857146,22.674809523809525,74.56966513674072,0.1096585072582279
2007-09-07,16.906,16.943,16.648,16.875,398554970,23.008,23.069,22.76,22.892,5329511,17.498571428571427,16.626095238095235,58.93754474872567,0.1912503733939488,23.15385714285714,22.655809523809523,62.234836907293754,0.0945450196834976
2007-09-10,17.543,17.677,17.154,17.507,414352649,23.041,23.114,22.724,22.845,3937292,17.546714285714284,16.688904761904762,62.25917117027865,0.2047848980201863,23.145714285714288,22.659857142857142,60.44055496494634,0.0778772442937985
2007-09-11,17.661,17.709,17.129,17.353,270375496,22.989,23.256,22.982,23.178,2790960,17.533285714285714,16.75304761904762,57.21788491113551,0.20077023898922874,23.171285714285716,22.695095238095238,63.3286710806709,0.09049505851219664
2007-09-12,17.416,17.853,17.386,17.525,285182768,23.114,23.308,23.059,23.114,3136177,17.503714285714285,16.808238095238092,54.22235711435098,0.20905766864886033,23.166,22.712380952380954,58.89387120343374,0.09424411456920723
2007-09-13,17.772,17.801,17.499,17.571,182992127,23.239,23.248,23.086,23.114,2064538,17.37642857142857,16.888666666666666,56.10550802397563,0.21683776118960907,23.110285714285716,22.751761904761903,58.13032861942005,0.09610740219713065
2007-09-14,17.487,17.798,17.441,17.776,169371181,22.92,23.105,22.92,22.999,3257886,17.413857142857143,17.00395238095238,53.668522641441314,0.2368154660441597,23.07357142857143,22.799095238095237,51.576210360069204,0.08729821270679139
2007-09-17,17.8,18.003,17.624,17.723,220975432,22.989,23.096,22.902,22.989,1045261,17.475714285714286,17.13414285714286,56.823304873326464,0.2455408420294134,23.018714285714285,22.852857142857143,53.61486461128108,0.07860385384448065
2007-09-18,17.795,18.295,17.653,18.048,296192315,23.186,23.451,22.803,23.443,3817719,17.643285714285714,17.249285714285712,66.75315030864638,0.27550470250755765,23.09742857142857,22.918095238095237,67.89753794059692,0.10711278802535418
2007-09-19,18.315,18.334,17.853,18.025,286043490,23.577,23.665,23.443,23.532,2331013,17.717285714285715,17.36242857142857,59.52327894111694,0.2940062490074382,23.19557142857143,22.983761904761906,62.3046871592712,0.135327904115492
2007-09-20,17.945,18.156,17.843,17.967,191903497,23.495,23.7,23.495,23.621,2084782,17.805,17.440095238095235,56.088992790340534,0.3005244834559768,23.258857142857146,23.050238095238097,62.18652003502689,0.16299128106228977
2007-09-21,18.068,18.524,17.967,18.461,317434345,23.665,23.802,23.647,23.755,3967325,17.938714285714287,17.511142857142858,58.13797704533786,0.3416139892665875,23.350428571428573,23.10909523809524,61.91791599571786,0.1934968751822943
2007-09-24,18.781,19.189,18.781,18.99,292461723,23.802,23.977,23.691,23.691,7047707,18.14142857142857,17.616190476190475,56.171107810566724,0.4121130153089041,23.432857142857138,23.162000000000003,54.164810352647,0.21008676373577373
2007-09-25,18.804,19.62,18.804,19.615,331618710,23.7,24.005,23.647,23.932,3337343,18.40414285714286,17.725095238095236,76.56131452038979,0.5125084002103293,23.566142857142857,23.211047619047616,65.10276992339638,0.23991545973937178
2007-09-26,19.776,19.849,19.368,19.565,271691797,24.322,24.322,23.96,24.081,4366417,18.667285714285715,17.850285714285715,80.08463339825849,0.5813365974953726,23.722142857142853,23.273238095238096,65.59471325183873,0.27243748128362455
2007-09-27,19.698,19.79,19.507,19.787,182925326,24.163,24.163,24.024,24.064,3041352,18.915714285714284,18.019190476190477,90.57970979149506,0.646346306507926,23.81085714285714,23.354047619047616,82.44739692454952,0.29345687159569067
2007-09-28,19.644,19.798,19.562,19.653,171131375,24.332,24.332,23.923,23.977,2984888,19.148285714285713,18.13742857142857,84.72491870998422,0.6792246106458748,23.87442857142857,23.405238095238094,80.66088779563795,0.29964064609550434
2007-10-01,19.802,20.16,19.586,20.02,233145108,24.155,24.332,24.024,24.235,11407712,19.441571428571425,18.25995238095238,90.37238835446162,0.7265198676126943,23.962142857142858,23.46409523809524,79.84189660204035,0.32165197203017115
2007-10-02,20.079,20.31,19.964,20.292,220543979,24.422,24.422,24.209,24.322,4000166,19.703142857142858,18.38185714285714,90.65530377044547,0.776993133126723,24.043142857142858,23.519857142857145,83.66778084094264,0.34217193426353987
2007-10-03,20.234,20.387,20.107,20.223,192841867,24.2,24.269,24.005,24.041,2310091,19.879285714285714,18.465714285714284,88.70402765853576,0.8021788182659009,24.093142857142855,23.545428571428573,72.33734890953117,0.33193347807300455
2007-10-04,20.229,20.243,19.657,20.008,182716015,24.155,24.155,23.977,24.099,5710270,19.93542857142857,18.584476190476188,82.47962713774307,0.7956185565570983,24.116999999999997,23.58557142857143,77.25470709535895,0.3247559585154818
2007-10-05,20.282,20.692,20.194,20.675,261664740,24.209,24.422,24.192,24.36,2171959,20.094,18.745666666666665,86.44444414562416,0.8346198494455628,24.156857142857145,23.632571428571428,80.21154644206189,0.33625213597309056
2007-10-08,20.894,21.504,20.87,21.504,232735102,24.341,24.5,24.322,24.404,973329,20.339285714285715,18.96609523809524,87.94466376125928,0.9217961347633548,24.20542857142857,23.704571428571427,75.84722912218335,0.3449371509501553
2007-10-09,21.783,21.914,21.345,21.497,307868594,24.574,24.635,24.439,24.582,3045514,20.602714285714285,19.15609523809524,88.25473749767157,0.9790334393882532,24.291857142857143,23.787285714285716,76.95071813279777,0.3620101723601046
2007-10-10,21.464,21.5,21.208,21.358,185672389,24.875,24.875,24.565,24.661,2017600,20.793857142857142,19.346809523809526,86.70707919162174,1.0016320861526218,24.352714285714285,23.857904761904763,76.83178479068894,0.3775629934378699
2007-10-11,21.706,22.01,19.619,20.776,455246229,24.769,24.901,24.235,24.394,5519611,20.863,19.501619047619048,74.5910344074199,0.9614956175360732,24.363,23.918857142857142,65.42732935008081,0.36414639464195275
2007-10-12,20.895,21.422,20.72,21.419,275185100,24.456,24.661,24.422,24.635,2460596,21.03385714285714,19.684857142857144,75.19186868851148,0.9703858986195613,24.447857142857142,23.991285714285716,70.99644083899015,0.3687100691506586
2007-10-15,21.511,21.714,20.938,21.382,300342626,24.376,24.695,24.322,24.456,5706889,21.230142857142855,19.856571428571428,70.87172194845168,0.9633411228460069,24.498857142857144,24.060666666666666,61.98536099368934,0.3538045711828275
2007-10-16,21.184,21.792,21.148,21.715,296293365,24.394,24.537,24.332,24.456,6301599,21.378714285714288,20.046666666666663,73.80425132124452,0.9734075677773077,24.512571428571427,24.130523809523808,59.20471240605497,0.3380945135592235
2007-10-17,22.116,22.159,21.668,22.125,314097892,24.805,24.805,24.37,24.661,7402372,21.46742857142857,20.240809523809524,74.85119025341905,1.0029079725778764,24.549285714285713,24.188523809523808,63.415729938058305,0.3382864112779451
2007-10-18,21.961,22.307,21.907,22.218,229374861,24.617,24.751,24.528,24.723,2696317,21.57042857142857,20.44047619047619,77.50375271605132,1.0220104780760089,24.56942857142857,24.245238095238093,66.954545028471,0.33952751164130035
2007-10-19,22.303,22.365,21.771,21.824,359678702,24.723,24.732,24.081,24.137,3426159,21.637,20.624142857142857,69.2324091749992,0.9938997860523102,24.494571428571426,24.269809523809524,48.061708594595,0.28988418558248696
2007-10-22,21.789,22.398,21.765,22.33,443542508,23.96,24.315,23.932,24.287,3776213,21.858999999999998,20.80838095238095,70.69455706951179,1.0009139186713263,24.479285714285712,24.295142857142856,49.32458483576063,0.25965213028760914
2007-10-23,24.14,24.152,23.405,23.84,499663734,24.537,24.644,24.341,24.556,7232631,22.204857142857144,21.03933333333333,78.4131969995625,1.1154587357526466,24.468,24.336333333333332,59.984489786823225,0.2544657379023043
2007-10-24,23.8,23.974,22.954,23.812,358751843,24.67,24.67,23.876,24.306,6311836,22.552,21.239190476190476,80.7866621672041,1.190256427360488,24.446571428571424,24.354142857142858,53.73511340588539,0.22755941067276453
2007-10-25,23.673,23.807,23.262,23.407,270734530,24.465,24.528,24.118,24.509,3531559,22.793714285714284,21.422142857142855,73.08992545245792,1.2029867392770548,24.45414285714286,24.37452380952381,52.746037324568924,0.22007941742258197
2007-10-26,23.69,23.738,23.42,23.653,196930829,24.67,25.079,24.607,24.839,2943830,23.012,21.606238095238094,70.14813407424079,1.2188753114136581,24.47957142857143,24.41142857142857,57.25241720522376,0.2380357826263122
2007-10-29,23.781,23.895,23.653,23.703,150676483,24.91,24.99,24.814,24.91,2824143,23.22414285714286,21.799095238095237,70.5171129115998,1.2214219099661108,24.506285714285717,24.45585714285714,55.67081577476089,0.25505531909503176
2007-10-30,23.836,24.249,23.656,23.949,261833218,24.76,25.053,24.76,24.953,3074683,23.527714285714286,21.986190476190476,73.62757595644976,1.2291217018808105,24.62285714285714,24.490047619047616,55.11204454777005,0.26891329987143564
2007-10-31,24.041,24.347,23.686,24.327,232166600,25.293,25.353,24.99,25.248,4361565,23.813,22.178333333333335,83.6332636539372,1.2513010636159088,24.760142857142856,24.534142857142857,64.8058249281271,0.3002389167205095
2007-11-01,24.152,24.346,23.051,24.003,224376046,25.425,25.425,24.846,24.971,8101417,23.836285714285715,22.358333333333334,76.04838688212149,1.2285720614013478,24.81942857142857,24.578428571428567,55.75342439022328,0.2992633867108587
2007-11-02,24.223,24.259,23.496,24.059,279360391,25.239,25.239,24.741,25.028,5998588,23.87157142857143,22.551238095238098,76.8829079983208,1.2012308538383571,24.922571428571434,24.622666666666667,60.221586546425215,0.2996356821538875
2007-11-05,23.728,24.198,23.594,23.843,224072318,24.919,25.096,23.783,24.99,5292481,23.933857142857143,22.70209523809524,71.88399814759852,1.148889670091414,24.991285714285713,24.65266666666667,59.41466825394732,0.29348137593798285
2007-11-06,23.953,24.588,23.725,24.56,266027068,25.222,25.222,24.796,25.123,3798820,24.06342857142857,22.847619047619048,73.55387869418564,1.151985441570691,25.031857142857145,24.68690476190476,58.357452671127234,0.2959247955587081
2007-11-07,24.382,24.675,23.836,23.857,276595039,25.028,25.035,24.448,24.448,6564454,24.08542857142857,22.959999999999997,64.18065393692174,1.0852030922559273,24.965857142857143,24.680523809523805,45.928338571810286,0.24062063947171453
2007-11-08,23.885,23.935,21.486,22.469,526696031,23.746,24.36,23.354,23.577,16100245,23.874,23.01290476190476,54.76155311285077,0.9097901052742081,24.76928571428571,24.62890476190476,42.353904808040795,0.1250675754209709
2007-11-09,21.88,22.428,21.157,21.179,425162196,22.855,23.48,22.742,23.086,7200743,23.424285714285713,23.03209523809524,42.38454405274798,0.6590843165532085,24.460428571428572,24.56661904761905,34.9987508143936,-0.0060588146520750286
2007-11-12,21.13,21.479,19.291,19.691,492362604,22.67,23.23,22.67,22.714,8170697,22.808285714285713,22.949809523809524,22.468480382938452,0.33645061522988584,24.138,24.475142857142856,27.569410524605033,-0.13839933320329578
2007-11-13,20.615,21.897,19.691,21.765,484373501,23.114,23.605,23.008,23.488,5037016,22.48057142857143,22.968047619047617,39.317398961439984,0.24528802171184338,23.918,24.42904761904762,41.16630657098741,-0.1787641345388309
2007-11-14,22.733,22.739,20.97,21.274,403585172,24.005,24.005,23.186,23.354,6837609,22.11357142857143,22.94704761904762,38.9676217497107,0.13190094107278583,23.684285714285714,24.37657142857143,37.33830288911726,-0.21904123946508847
2007-11-15,21.28,21.717,20.528,21.04,414487458,23.105,23.4,22.982,23.069,4353899,21.610714285714288,22.895380952380954,36.46815116410627,0.022895097938789633,23.39085714285714,24.300761904761906,30.40301142036273,-0.2708362220772287
2007-11-16,21.193,21.388,20.405,21.309,385660112,23.025,23.443,23.025,23.4,3919818,21.246714285714287,22.852095238095238,37.87725333904382,-0.04131056375238984,23.241142857142854,24.237761904761904,34.191792194580174,-0.2819253255815859
2007-11-19,21.262,21.54,20.758,20.996,321694225,23.391,23.4,22.91,22.938,5361187,21.036285714285714,22.812666666666665,35.147369430433244,-0.11611203016283156,23.149857142857144,24.180666666666667,30.606352179309184,-0.32425524626925295
2007-11-20,21.247,22.0,20.942,21.623,429930531,23.373,23.373,22.707,23.132,5911250,21.09971428571429,22.779,36.73209023412667,-0.12337685962784661,23.15642857142857,24.125666666666667,29.23046713599797,-0.3382487140870083
2007-11-21,21.195,22.072,21.086,21.572,339509885,22.751,23.132,22.608,22.698,7085059,21.368428571428574,22.671,37.74326908052782,-0.13173104955481918,23.15414285714286,24.037190476190474,28.356503447535545,-0.3799786536697276
2007-11-23,22.027,22.033,21.739,21.967,129891462,22.714,23.025,22.714,22.92,992137,21.397285714285715,22.583142857142857,39.801091989351086,-0.10526517500125365,23.073,23.971190476190475,30.539143200231237,-0.39063340800183255
2007-11-26,22.268,22.7,22.072,22.097,363869639,23.186,23.186,22.395,22.438,3167639,21.514857142857146,22.520761904761905,41.41592914652676,-0.07295982969574055,22.94214285714286,23.872571428571426,28.225255905263936,-0.43297962968081194
2007-11-27,22.439,22.511,21.772,22.387,366923874,22.76,22.821,22.413,22.689,3791199,21.707285714285717,22.460476190476193,38.848403926523915,-0.023684019787477695,22.887857142857143,23.770190476190475,29.642020673304103,-0.4411998360711138
2007-11-28,22.669,23.128,22.456,23.08,320237489,23.186,23.48,22.956,23.354,4771880,21.96028571428571,22.430809523809526,46.00842487988103,0.07047433862825514,22.881285714285713,23.69609523809524,40.8344503063535,-0.38956381730487166
2007-11-29,22.959,23.714,22.943,23.6,291924936,23.461,23.586,23.317,23.47,5258292,22.332285714285717,22.414190476190477,56.3790185234849,0.1849234873741601,22.957285714285714,23.62547619047619,48.97371941576209,-0.3354152120913767
2007-11-30,24.016,24.039,23.012,23.335,331057965,24.127,24.127,23.141,23.345,4053642,22.57685714285714,22.36695238095238,63.7499998861607,0.2513446325468891,22.987714285714283,23.534857142857142,52.671755573054554,-0.2991402055897332
2007-12-03,23.282,23.584,22.755,22.908,267838964,23.418,23.443,23.16,23.205,3008536,22.767714285714288,22.314809523809522,73.72768829736128,0.2664569869409412,23.06014285714286,23.450761904761904,55.31960979968047,-0.27847870242645456
2007-12-04,22.679,23.167,22.667,23.027,215691856,23.196,23.308,22.938,23.114,2217517,22.919142857142855,22.265666666666668,63.08043099437683,0.28475348127313893,23.087857142857143,23.359619047619045,45.244150398418604,-0.2663766278406783
2007-12-05,23.435,23.819,23.361,23.755,248378681,23.504,23.691,23.345,23.647,4348793,23.156,22.26147619047619,74.51096600609486,0.35391736166134535,23.26057142857143,23.295666666666666,53.38259045316178,-0.211340795867887
2007-12-06,23.847,24.346,23.834,24.327,250866121,23.818,23.968,23.605,23.886,2555535,23.433142857142855,22.25038095238095,80.44082216592486,0.4497019703796141,23.431571428571427,23.236761904761906,59.53325534808271,-0.1467475851100808
2007-12-07,24.401,24.972,24.081,24.883,297123533,24.118,24.118,23.842,23.913,3146444,23.690714285714286,22.299238095238096,81.42806874076797,0.5639753593140995,23.51142857142857,23.211285714285715,56.44310454905717,-0.09231418539829406
2007-12-10,24.79,25.057,24.675,24.873,201210463,24.173,24.173,23.905,24.032,2839833,23.87257142857143,22.41371428571429,86.01151751733954,0.6462810018204479,23.591714285714286,23.23295238095238,65.03573366946117,-0.03912204391016161
2007-12-11,24.947,25.207,23.996,24.145,308945448,24.322,24.565,23.656,23.656,4125025,23.988285714285716,22.55495238095238,72.99416465683471,0.6453263798317401,23.636142857142858,23.26009523809524,56.85863853507301,-0.026995755919060116
2007-12-12,24.779,24.905,23.787,24.441,341155751,24.269,24.315,23.7,24.064,4288712,24.207285714285714,22.781142857142857,75.03927368641126,0.6608368454550408,23.758857142857142,23.32438095238095,68.00210834158418,0.015359549554528229
2007-12-13,24.346,24.604,24.053,24.565,241126701,24.049,24.091,23.842,23.941,2833207,24.427,22.91447619047619,73.7999265237818,0.6753497533313606,23.877,23.34595238095238,63.81596728188803,0.03855690228107633
2007-12-14,24.369,25.612,24.273,24.381,188026204,24.032,24.056,23.755,23.793,2371616,24.516428571428573,23.06242857142857,70.71843233126667,0.6643459090369497,23.89785714285714,23.366857142857143,70.1576908711075,0.044485803679016556
2007-12-17,24.423,24.672,23.433,23.615,285267629,23.586,23.736,23.265,23.335,2202800,24.41471428571429,23.18504761904762,60.253840874489995,0.5870483568514473,23.819142857142854,23.379523809523807,59.052690351250675,0.012088381085618494
2007-12-18,23.916,23.989,22.872,23.433,340716873,23.559,23.559,23.132,23.335,3810196,24.20757142857143,23.286190476190477,53.222566962732174,0.5052790683089441,23.736571428571427,23.37642857142857,49.67275208562919,-0.013431974291950866
2007-12-19,23.447,23.644,23.167,23.451,230164023,23.523,23.532,23.265,23.488,2146533,24.00442857142857,23.40309523809524,48.502512426324586,0.4368925423191321,23.65885714285714,23.402619047619048,50.30612220942664,-0.021068355578741205
2007-12-20,23.748,24.054,23.477,23.974,215053709,23.818,23.825,23.532,23.825,2168718,23.98,23.51504761904762,56.105484275658924,0.4200553206197739,23.683,23.43561904761905,57.61421294206887,7.201071313289731e-05
2007-12-21,24.336,24.833,24.319,24.833,277136695,23.913,24.049,23.868,24.024,3429627,24.036,23.670333333333332,66.99029109658179,0.47060102646079116,23.677285714285716,23.498761904761906,62.753036163642996,0.03250879899636061
2007-12-24,24.973,25.527,24.944,25.459,133938457,24.244,24.244,24.064,24.2,941500,24.16371428571429,23.83661904761905,69.70187929750058,0.5547767102227183,23.714285714285715,23.559714285714286,66.47451428075144,0.07159165250605426
2007-12-26,25.486,25.735,25.205,25.478,196023777,24.182,24.385,24.072,24.332,2700986,24.32042857142857,23.997619047619047,65.76972342654656,0.6159197478114358,23.791285714285713,23.649904761904764,61.83074236074947,0.1119261770221236
2007-12-27,25.478,25.992,25.331,25.429,221610714,24.192,24.332,23.905,23.996,1893872,24.579571428571427,24.142476190476188,61.153845980535614,0.652895976716426,23.88571428571429,23.712142857142858,51.838235051559046,0.11544836942620407
2007-12-28,25.681,25.811,25.213,25.591,193249555,24.37,24.37,23.818,23.876,1195332,24.887857142857143,24.262047619047618,57.78706537417094,0.6873486235597497,23.963,23.737000000000002,49.40032392492561,0.10731962137326079
2007-12-31,25.58,25.675,25.323,25.368,149767323,23.996,23.996,23.605,23.7,2009673,25.161714285714286,24.346238095238093,55.200672247781135,0.6887192315018424,23.993285714285715,23.74795238095238,44.716740730097264,0.08568804245573247
2008-01-02,25.547,25.646,24.658,24.951,300780650,23.691,23.755,23.086,23.221,8391904,25.30128571428571,24.423190476190474,59.060251612670065,0.6486794601573074,23.907,23.74204761904762,43.297380398717024,0.029552896096348036
2008-01-03,25.034,25.278,24.675,24.964,234652068,23.373,23.373,23.059,23.256,2262028,25.319999999999997,24.52109523809524,56.278511215390346,0.6109539474496835,23.797285714285714,23.74447619047619,35.9331474571504,-0.01197239402677397
2008-01-04,24.527,24.715,22.91,23.057,405631839,22.855,22.892,22.225,22.348,4377918,24.976857142857146,24.522523809523808,37.323469986124984,0.42230912755112016,23.532714285714285,23.708,28.219852229948614,-0.11680306413432717
2008-01-07,23.213,23.51,21.799,22.748,577574252,22.19,22.386,21.913,22.153,6298154,24.586857142857145,24.47457142857143,36.55524444067622,0.24504826720266237,23.22142857142857,23.636857142857146,27.861770953006257,-0.21315982203472572
2008-01-08,23.06,23.368,21.874,21.932,424241367,22.253,22.447,21.513,21.569,5956420,24.087285714285713,24.360523809523812,36.25673681077996,0.03828208582192971,22.874714285714283,23.52652380952381,26.94516961429963,-0.3328107312497437
2008-01-09,21.961,22.986,21.552,22.973,505605195,21.444,21.905,21.379,21.868,5983978,23.713285714285714,24.269571428571428,46.70581485908315,-0.04110773817519231,22.58785714285714,23.429142857142857,32.23540797982665,-0.3989097543526796
2008-01-10,22.748,23.181,22.463,22.796,413104626,21.657,22.153,21.488,21.905,7338779,23.34585714285714,24.170666666666666,45.41380750093917,-0.11695893659829082,22.33142857142857,23.32785714285714,30.27660094097378,-0.4431991912070856
2008-01-11,22.537,22.774,21.771,22.116,343006974,21.877,21.886,21.407,21.586,3694308,22.940857142857144,24.07404761904762,37.27048499290398,-0.22929866258107623,22.097857142857144,23.229285714285716,21.977471762782372,-0.4982954828598878
2008-01-14,22.743,22.976,22.434,22.898,306290012,21.868,22.092,21.824,22.021,4651782,22.645714285714288,24.00057142857143,36.601578657745186,-0.2523192608572664,21.92142857142857,23.131999999999998,26.329472850717934,-0.501082657427073
2008-01-15,22.767,22.952,21.085,21.648,653218753,21.851,21.896,21.488,21.56,4120398,22.44442857142857,23.861666666666668,25.710643676233417,-0.3671950086707234,21.80885714285714,23.018619047619048,20.770593381136408,-0.5343309263053264
2008-01-16,21.144,21.644,20.068,20.443,617221901,21.328,21.488,20.954,21.088,7522229,22.115142857142853,23.674142857142858,22.12379578012036,-0.5491381728132225,21.656714285714283,22.88980952380952,16.598023016397846,-0.5919433201409312
2008-01-17,20.672,21.178,20.287,20.604,490056992,21.176,21.361,20.722,20.9,6325558,21.925428571428572,23.530761904761903,23.613693499880597,-0.6725849461691595,21.56114285714286,22.773857142857143,17.119796040850275,-0.6453325937142296
2008-01-18,20.709,21.228,20.438,20.664,478705168,20.91,21.14,20.537,20.537,5124830,21.595571428571425,23.398904761904763,22.75190793955018,-0.7568513931441068,21.371000000000002,22.640619047619047,16.279539440938535,-0.7087648440213563
2008-01-22,18.941,20.488,18.696,19.93,668204384,18.225,20.343,17.567,20.156,10099683,21.18614285714286,23.231238095238094,21.534757087365293,-0.8727997331598729,21.12114285714286,22.481952380952382,15.63227303746092,-0.7807785461819634
2008-01-23,17.439,17.927,16.154,17.81,939695278,19.559,20.334,18.943,20.334,9406618,20.571,22.937714285714282,18.276321612095202,-1.1228128231077257,20.942285714285713,22.315714285714286,20.267765132080655,-0.8141023464937547
2008-01-24,17.927,18.016,16.906,17.366,558747916,20.464,20.625,20.156,20.625,4653211,19.780714285714286,22.58214285714286,17.491014868657004,-1.341315240324903,20.74285714285714,22.15385714285714,24.261396920434493,-0.8077195422195906
2008-01-25,17.804,17.813,16.598,16.65,432827562,21.121,21.121,20.231,20.306,4402162,19.066714285714284,22.162666666666667,19.475940898269357,-1.554337758197903,20.563714285714287,21.96842857142857,27.421494828858783,-0.8189612819794938
2008-01-28,16.393,17.058,16.195,16.65,410897690,20.222,20.436,20.064,20.395,3252254,18.524857142857144,21.742285714285714,20.066758268119514,-1.7035224914807614,20.464714285714283,21.780952380952378,30.095108600242,-0.8113363056434721
2008-01-29,16.802,17.004,16.528,16.845,306592896,20.697,20.697,20.287,20.574,4789108,17.98785714285714,21.33352380952381,23.408259244358007,-1.7854361999903432,20.418142857142858,21.618000000000002,37.596609193130824,-0.7818371212703106
2008-01-30,16.84,17.349,16.648,16.928,346000509,20.404,20.891,20.404,20.409,5625399,17.45414285714286,20.921,14.883234552298703,-1.822645673039272,20.399857142857144,21.45290476190476,31.18390496864214,-0.7629777931002231
2008-01-31,16.608,17.499,16.57,17.337,374807167,20.093,20.935,20.093,20.669,6799958,17.083714285714283,20.53857142857143,19.119809902966708,-1.7984007226013752,20.473142857142857,21.308571428571426,34.92682914903037,-0.7187663218205209
2008-02-01,17.454,17.49,16.928,17.129,281707026,20.964,21.034,20.65,21.026,3526247,16.986428571428572,20.166095238095238,20.198398436383712,-1.7755033885249425,20.572,21.204047619047618,43.23344596296082,-0.6474580030478698
2008-02-04,17.19,17.403,16.83,16.86,250535180,21.061,21.061,20.59,20.59,2204586,16.914142857142856,19.780190476190477,11.560988010968458,-1.7587889143793092,20.567,21.07709523809524,32.713215641946135,-0.6189918501285803
2008-02-05,16.7,17.159,16.507,16.565,317853612,20.378,20.436,20.009,20.074,4661824,16.901999999999997,19.471047619047617,13.161327701948338,-1.7491831136739897,20.53385714285714,20.968809523809522,32.28421543825016,-0.6307976636518866
2008-02-06,16.759,16.895,15.597,15.623,437605500,20.102,20.258,19.746,19.851,6928410,16.755285714285716,19.131761904761905,13.682941502175836,-1.7968687898886344,20.456142857142854,20.859190476190474,34.32192636742536,-0.6506478290772506
2008-02-07,15.364,15.981,15.017,15.526,580659389,19.559,20.018,19.433,19.976,5352446,16.566857142857142,18.826714285714285,11.366402897271868,-1.8214901169526598,20.370714285714286,20.78333333333333,38.09891794606266,-0.6488136529395447
2008-02-08,15.632,16.097,15.574,16.07,377878653,19.851,20.027,19.718,19.824,5378755,16.444285714285712,18.498,17.446145090101197,-1.776626596937838,20.287142857142857,20.686,40.28874950584518,-0.652108088695595
2008-02-11,16.399,16.646,16.29,16.577,334732316,19.933,20.222,19.897,20.174,3590337,16.335714285714285,18.201857142857143,25.450285494757097,-1.6807862140551357,20.21642857142857,20.603571428571428,50.247252553994095,-0.6193375402002417
2008-02-12,16.744,16.774,15.83,15.991,341619552,20.427,20.427,20.055,20.212,5381300,16.173142857142857,17.910190476190476,32.823418232383816,-1.6332897748843003,20.100142857142856,20.538142857142855,48.25714266411428,-0.5835732923454771
2008-02-13,16.231,16.62,16.087,16.57,269675765,20.418,20.758,20.102,20.678,6475912,16.131714285714285,17.608857142857143,42.67034979790335,-1.531276441917015,20.112714285714283,20.47419047619048,50.72108824215097,-0.5117286731732733
2008-02-14,16.578,16.751,16.265,16.322,265982495,20.821,20.821,20.268,20.268,4099958,16.097,17.355238095238093,46.69488096458519,-1.453684497946444,20.140428571428572,20.412666666666667,49.4954857427146,-0.48231504079421583
2008-02-15,16.173,16.273,15.886,15.962,250737774,20.055,20.287,20.055,20.198,2600980,16.14542857142857,17.14185714285714,43.536264447668614,-1.405044832465837,20.189999999999998,20.370285714285714,47.371230140593234,-0.4593577500038535
2008-02-19,16.142,16.232,15.552,15.644,279953599,20.231,20.436,19.771,20.009,2600779,16.162285714285712,16.90566666666667,38.971533416785796,-1.3762924468902504,20.194714285714287,20.32785714285714,42.480702530016,-0.4512133455384273
2008-02-20,15.649,15.958,15.584,15.856,269429202,19.897,20.102,19.665,20.045,6507326,16.13171428571429,16.676714285714283,40.383925266348236,-1.3211697237539326,20.226285714285716,20.30442857142857,44.983461788928246,-0.43681857456934736
2008-02-21,16.149,16.198,15.476,15.567,261418619,20.241,20.287,19.771,20.009,3877062,15.98742857142857,16.46895238095238,33.77337725104012,-1.2859804708835547,20.202714285714283,20.297428571428572,40.30552274844967,-0.4234344255244089
2008-02-22,15.687,15.689,14.839,15.296,426218780,20.002,20.002,19.584,19.993,3378555,15.888142857142856,16.349238095238096,33.387710627618645,-1.2653737289380018,20.171428571428574,20.281190476190478,33.1374467959764,-0.40939915860288423
2008-02-25,15.186,15.391,14.94,15.335,350160432,19.924,20.174,19.833,20.111,2787992,15.711714285714285,16.252523809523808,35.577832324931066,-1.231697521101026,20.09042857142857,20.256714285714285,41.275045326830394,-0.3843242439651853
2008-02-26,15.066,15.507,14.784,15.258,417111822,20.027,20.409,19.897,20.343,3486304,15.559714285714287,16.186238095238096,37.10791072805075,-1.197419038937003,20.101142857142857,20.25847619047619,55.46525770966529,-0.3417917696027146
2008-02-27,15.143,15.758,15.122,15.748,407279206,20.287,20.49,20.045,20.361,2836755,15.529142857142856,16.143285714285714,51.35369271844234,-1.117828558165339,20.124428571428574,20.256857142857143,61.30319110893411,-0.30313764559106104
2008-02-28,16.282,16.929,16.106,16.636,450691198,20.343,20.473,20.102,20.102,3042621,15.670857142857143,16.133333333333333,60.26257380849184,-0.9718949500602978,20.137714285714285,20.234380952380953,52.63598295527042,-0.29005948409371385
2008-02-29,16.559,16.676,15.984,16.009,347604195,19.993,20.129,19.691,19.691,5054396,15.692714285714285,16.08957142857143,49.4445454940405,-0.896500870205232,20.087142857142858,20.20019047619048,47.48961847306351,-0.3092938648682271
2008-03-03,15.932,16.134,15.112,15.591,444179020,19.718,19.78,19.505,19.682,3284475,15.696142857142858,16.00642857142857,40.8737503568618,-0.8605596296326876,20.04042857142857,20.153190476190478,39.34142090520805,-0.3215567687244061
2008-03-04,15.621,15.993,15.42,15.961,497707051,19.469,19.755,19.32,19.709,4846771,15.791142857142857,15.950809523809523,49.71075960355754,-0.7930779211541115,19.99985714285714,20.090476190476192,39.05093576547106,-0.3253461461761198
2008-03-05,15.827,16.024,15.653,15.942,339718950,19.87,20.018,19.674,19.851,5960979,15.877857142857144,15.907095238095238,43.212278295509755,-0.7326853812218452,19.962714285714288,20.055285714285713,29.042067710801405,-0.31327974792688096
2008-03-06,15.995,16.328,15.47,15.484,410732148,19.943,19.943,19.496,19.576,3393956,15.910142857142857,15.855619047619046,41.33581460324621,-0.7135552102638378,19.853142857142853,20.03157142857143,31.175190186913753,-0.3221931994646319
2008-03-07,15.431,15.749,15.247,15.653,343135737,19.32,19.78,19.284,19.576,5190400,15.89657142857143,15.857047619047618,46.67384270109069,-0.676954019795156,19.741000000000003,20.018476190476193,32.409502005807184,-0.32550495551883074
2008-03-10,15.641,15.811,15.285,15.328,278980325,19.524,19.629,19.302,19.362,10471092,15.709714285714286,15.847619047619045,46.60361120970538,-0.6664892236183224,19.635285714285715,19.989238095238097,31.95761268967847,-0.34146140307674955
2008-03-11,15.843,16.325,15.623,16.308,324881375,19.682,20.045,19.433,20.045,5975054,15.752428571428572,15.858952380952381,54.16974155749512,-0.5725183522704551,19.68585714285714,19.999761904761904,49.999999713114754,-0.29558726480359
2008-03-12,16.264,16.48,16.028,16.14,295393929,20.093,20.156,19.789,19.842,4952261,15.830857142857143,15.838142857142858,55.4066803593709,-0.5057717339520895,19.708714285714283,19.983952380952378,46.797084520460594,-0.2724712047342628
2008-03-13,15.871,16.582,15.752,16.385,352229888,19.542,20.018,19.416,19.763,4402087,15.891428571428573,15.856904761904762,60.326189864485755,-0.4281694348826921,19.71642857142857,19.96257142857143,45.692883655543,-0.25755724080833176
2008-03-14,16.647,16.687,15.906,16.213,322574554,19.897,20.009,19.302,19.515,9265150,15.930142857142856,15.839904761904764,58.12060658274351,-0.37621128678122595,19.66842857142857,19.907190476190475,39.35714266035718,-0.2627208617688339
2008-03-17,15.697,16.468,15.694,16.23,298973888,18.829,19.655,18.767,19.425,6429574,16.036714285714286,15.83552380952381,59.09090893616298,-0.3298599025218856,19.64685714285714,19.86704761904762,32.73137680276935,-0.2709519509912326
2008-03-18,16.561,17.032,16.479,17.009,335975837,19.888,20.296,19.584,20.296,6875119,16.230428571428572,15.885380952380952,61.188997186043316,-0.2276431780734356,19.749714285714287,19.871714285714283,49.07433759981749,-0.2048315570658623
2008-03-19,17.043,17.197,16.605,16.605,281724859,20.222,20.258,19.647,19.691,8336545,16.412857142857145,15.93114285714286,49.69908742073633,-0.17719254577822596,19.796714285714284,19.85657142857143,44.67202472766181,-0.19895567513497525
2008-03-20,16.754,17.069,16.543,17.066,253287048,19.584,20.036,19.584,19.907,7859604,16.521142857142856,15.988761904761905,60.60180524605308,-0.09887148006798441,19.776999999999997,19.85,52.94920788058742,-0.17485399356365505
2008-03-24,17.167,18.038,17.116,17.872,297599035,20.241,20.715,20.156,20.608,4556689,16.768571428571427,16.09852380952381,71.22650269920508,0.027914215061898062,19.88642857142857,19.87852380952381,60.63389966723138,-0.09805804368796345
2008-03-25,17.926,18.326,17.588,18.055,293513679,20.678,20.687,20.418,20.625,3725902,17.00714285714286,16.229904761904763,70.18897011518595,0.1415279167726382,20.00957142857143,19.908619047619048,60.54327788959348,-0.03541668075187587
2008-03-26,18.041,18.663,18.009,18.579,329588666,20.59,20.59,20.182,20.222,7259570,17.345142857142857,16.38438095238095,73.16816007303562,0.2707292167822217,20.11057142857143,19.913904761904764,54.02823002032679,-0.018083229098223796
2008-03-27,18.554,18.61,17.926,17.958,278205997,20.203,20.343,19.95,20.064,7993828,17.592,16.51295238095238,71.13085053026442,0.31933161175517455,20.201857142857143,19.90061904761905,55.436719969671536,-0.016900801402648824
2008-03-28,18.16,18.524,18.133,18.315,199318317,20.198,20.268,19.861,19.943,5015961,17.77857142857143,16.635190476190477,72.02912926044225,0.3822499370273711,20.15142857142857,19.880714285714287,53.981340690878994,-0.02543421786448974
2008-03-31,18.339,18.66,18.251,18.377,213931597,20.018,20.174,19.879,19.916,6537794,18.031714285714287,16.718095238095238,76.37999635415815,0.43213466552236923,20.18357142857143,19.87185714285714,56.264133697942604,-0.033983940529868306
2008-04-01,18.736,19.166,18.392,19.148,287519306,20.378,20.794,20.222,20.49,8626476,18.32914285714286,16.86757142857143,75.49371614777161,0.527797804194833,20.26685714285714,19.909904761904762,55.15882198650042,0.005494013969105538
2008-04-02,19.079,19.363,18.675,18.887,290735661,20.777,20.927,20.528,20.741,4150067,18.47414285714286,17.02452380952381,74.25392882932101,0.575912254104086,20.285857142857143,19.96033333333333,60.30726878140296,0.056384217477202014
2008-04-03,18.839,19.673,18.826,19.415,293199532,20.617,20.803,20.464,20.732,7321768,18.66842857142857,17.189,75.4793136467019,0.649165315952029,20.301142857142857,20.009047619047617,61.29107414167439,0.09489495563907369
2008-04-04,19.492,19.811,19.306,19.603,238196737,20.768,20.847,20.509,20.659,4590824,18.814714285714285,17.363333333333333,78.43005684367311,0.7141565716340139,20.363571428571426,20.04752380952381,63.89698714903841,0.11816240057343208
2008-04-07,20.001,20.448,19.864,19.964,322998125,20.741,20.91,20.632,20.678,2233111,19.101285714285716,17.576666666666668,79.6067235784183,0.7857348309673746,20.451285714285714,20.1,65.48825688088118,0.13656096967500986
2008-04-08,19.654,20.033,19.507,19.574,282722188,20.528,20.608,20.427,20.556,2475193,19.28114285714286,17.763380952380952,71.67483505096374,0.8017493095793569,20.538857142857143,20.146666666666665,53.944174528149766,0.1396873589178398
2008-04-09,19.637,19.708,19.269,19.394,243557848,20.574,20.574,20.241,20.464,2155256,19.42642857142857,17.957,74.4949936689039,0.7908005471291482,20.617142857142856,20.199142857142856,63.88789044397034,0.13320589910617997
2008-04-10,19.352,19.903,19.286,19.792,266538010,20.418,20.768,20.418,20.632,2489438,19.51842857142857,18.12290476190476,74.20959128970972,0.8049597725926141,20.63742857142857,20.227095238095238,63.254113021733964,0.14001152575965037
2008-04-11,19.546,19.629,18.748,18.843,335743874,20.436,20.464,20.045,20.083,8125733,19.51214285714286,18.251619047619048,58.40983876359989,0.7311761484105155,20.54342857142857,20.23857142857143,39.83739815806288,0.09995312469602169
2008-04-14,18.782,19.113,18.51,18.924,235659480,20.083,20.212,19.976,20.002,2466670,19.442,18.37252380952381,57.66178790208692,0.6714975123885196,20.439142857142855,20.24995238095238,38.23196050802895,0.06096773212826534
2008-04-15,19.132,19.172,18.661,19.003,193859954,20.064,20.111,19.833,20.002,5068094,19.356285714285715,18.505380952380953,54.05663973272235,0.6233903472728457,20.345285714285716,20.273142857142858,45.098038934325935,0.02972883217201172
2008-04-16,19.433,19.734,19.289,19.682,221690612,20.296,20.821,20.241,20.821,5229418,19.316,18.669761904761906,66.31339876449894,0.6327606270566015,20.365714285714287,20.33961904761905,63.029259592974284,0.07024845377697275
2008-04-17,19.746,19.977,19.637,19.786,196087503,20.617,20.821,20.446,20.812,3293184,19.346285714285717,18.802,64.61935978837785,0.6411873633309781,20.402285714285714,20.364190476190476,65.5567486867903,0.10047609516232114
2008-04-18,20.368,20.781,20.282,20.623,286176516,21.167,21.293,21.008,21.176,3108633,19.52185714285714,18.993333333333332,69.34205977079077,0.7072517594054197,20.503999999999998,20.43490476190476,70.12779521348581,0.15205073049087048
2008-04-21,20.791,21.576,20.716,21.534,289503500,21.121,21.344,21.069,21.31,5957260,19.770714285714284,19.20609523809524,70.06390834495546,0.8236241294420275,20.60085714285714,20.501714285714286,65.24163534818474,0.20141489514439925
2008-04-22,21.441,21.514,20.244,20.515,400204854,21.275,21.284,20.981,21.203,5715313,20.00957142857143,19.33195238095238,62.142004643498204,0.8241252839784927,20.76085714285714,20.530047619047618,59.073055448930525,0.22925958374594302
2008-04-23,21.009,21.11,20.628,20.86,419493319,21.221,21.48,21.193,21.337,4184197,20.286142857142856,19.46552380952381,61.079588888956565,0.8426475528149986,20.95157142857143,20.56395238095238,61.32534599080684,0.2591520368241227
2008-04-24,21.175,21.768,20.388,21.636,473335824,21.523,21.843,21.293,21.594,3728747,20.662285714285712,19.61109523809524,64.29877607255831,0.9094596146918654,21.179,20.629285714285714,66.3747807603338,0.3001201748560405
2008-04-25,21.86,21.913,21.312,21.736,276783580,21.61,21.684,21.176,21.337,6364072,20.955714285714286,19.791,62.938083983479395,0.9594182430604405,21.252714285714287,20.689904761904764,60.653087342662985,0.30829612146388286
2008-04-28,21.739,22.25,21.661,22.057,219367063,21.737,21.737,21.31,21.337,11498003,21.280142857142856,19.969190476190477,68.3139104652021,1.0132329149382677,21.327714285714283,20.756285714285713,63.14372235475856,0.3111884315245703
2008-04-29,21.914,22.496,21.802,22.418,257241562,21.389,21.61,21.344,21.542,3272057,21.536571428571428,20.161619047619048,71.72413778676179,1.07264631410251,21.38,20.833714285714287,67.47730189861146,0.3262614558567378
2008-04-30,22.564,23.051,22.144,22.275,317442129,21.602,21.763,21.158,21.158,3691433,21.64242857142857,20.310523809523808,68.51603266827374,1.0955639765348621,21.358285714285717,20.865523809523808,57.969696723764905,0.30372024750323234
2008-05-01,22.405,23.051,22.393,23.051,251633136,21.488,22.092,21.462,22.047,8541489,22.004714285714282,20.50880952380952,82.21065505956076,1.1629374844059654,21.478857142857144,20.927714285714288,76.97802168195267,0.3535159361436122
2008-05-02,23.075,23.294,22.865,23.173,277738755,22.234,22.234,21.851,22.039,7301433,22.33514285714286,20.687761904761903,82.32161856800508,1.21220234117785,21.57914285714286,20.98995238095238,78.55340591540576,0.3878628040397061
2008-05-05,23.294,23.73,23.188,23.656,238104028,22.083,22.128,21.851,21.941,1728308,22.623714285714282,20.880761904761904,83.34527717259083,1.275515806270601,21.628714285714285,21.051,76.45293285938848,0.40253499052194996
2008-05-06,23.647,23.962,23.33,23.905,255948722,21.868,22.244,21.746,22.209,3935138,22.93357142857143,21.068428571428573,82.2514126849672,1.3304478281379097,21.753285714285713,21.12390476190476,72.2864479730217,0.4308219173610617
2008-05-07,23.825,24.103,23.523,23.609,195738103,22.101,22.262,21.719,21.817,5292136,23.155285714285718,21.260571428571428,78.3647423806045,1.3347114027845137,21.821857142857144,21.18395238095238,64.36945927904702,0.4168037327779075
2008-05-08,23.533,23.884,23.445,23.699,250554038,21.905,22.013,21.753,21.851,8399220,23.338285714285714,21.46557142857143,75.66755656552976,1.3300209110941381,21.866000000000003,21.25,60.656772703127615,0.4037831752523253
2008-05-09,23.457,23.596,23.226,23.491,187593127,21.763,21.896,21.594,21.782,3289949,23.512,21.641714285714286,68.50066156948208,1.2945964983897795,21.955142857142853,21.304761904761904,57.607994582040014,0.38347609257271387
2008-05-12,23.72,24.186,23.417,24.097,228261727,21.868,22.135,21.801,22.135,1857189,23.66142857142857,21.89190476190476,86.73092674031314,1.3004309727850583,21.967714285714287,21.40247619047619,63.91875719986184,0.3913554312986811
2008-05-13,24.152,24.517,24.057,24.329,229128499,22.03,22.153,21.941,22.135,6183227,23.82657142857143,22.149285714285714,86.41612403740797,1.3086895385046056,21.981428571428573,21.504047619047622,62.41443656695641,0.39306881142531225
2008-05-14,24.497,24.619,23.765,23.853,255441462,22.244,22.502,22.171,22.181,4753479,23.854714285714287,22.38023809523809,74.83755298056784,1.2622745738859642,22.01571428571429,21.607809523809525,59.773559494895146,0.39360130227751
2008-05-15,23.919,24.32,23.59,24.298,243325898,22.2,22.651,22.171,22.608,3141651,23.910857142857143,22.60004761904762,76.64309461875969,1.2470232531860468,22.072714285714287,21.69290476190476,70.0283640150025,0.4235956891015711
2008-05-16,24.369,24.369,23.949,24.028,213366015,22.67,22.67,22.358,22.554,4085010,23.970714285714283,22.80204761904762,70.71683813537192,1.1993246600087772,22.178,21.77585714285714,68.8565227877312,0.4379605712104322
2008-05-19,24.062,24.164,23.218,23.51,263760564,22.651,22.837,22.457,22.67,4738003,23.943714285714286,22.93952380952381,61.11111093700541,1.106964512533608,22.294999999999998,21.846999999999998,67.97323105429405,0.45347766606825246
2008-05-20,23.284,23.84,23.065,23.807,270241158,22.447,22.447,22.083,22.314,3504087,23.988857142857142,23.047761904761906,65.1144433876081,1.0456799011210585,22.371000000000002,21.894809523809524,68.58520869447167,0.4320682370700375
2008-05-21,23.769,24.075,22.57,22.819,322612253,22.181,22.314,21.719,21.728,4747350,23.80628571428571,23.157476190476192,47.803030176279854,0.9069334972950323,22.312857142857144,21.919809523809526,44.3177767650699,0.3636241746119495
2008-05-22,22.948,23.222,22.027,22.673,336519572,21.801,22.021,21.782,21.809,3093147,23.569714285714287,23.24380952380952,45.286576049394405,0.7762469017356644,22.266285714285715,21.942285714285713,46.00694422079958,0.3123175823771298
2008-05-23,23.148,23.304,22.767,23.202,252938866,21.782,21.868,21.61,21.763,3401786,23.476714285714284,23.318380952380956,45.75700922605645,0.707210430551136,22.20657142857143,21.950333333333333,46.85289934372686,0.2648914194310201
2008-05-27,23.41,23.875,23.285,23.875,220113009,21.728,22.153,21.728,22.118,2889935,23.416285714285713,23.420238095238098,49.74021463519863,0.6987492587621098,22.136571428571425,21.98752380952381,48.4391078291089,0.25303455194411484
2008-05-28,24.01,24.069,23.526,23.95,207308665,22.244,22.269,22.013,22.244,5628758,23.40514285714286,23.510380952380952,53.07041225590026,0.6901400870326775,22.092285714285712,22.030714285714286,58.05964484226688,0.25091268081398255
2008-05-29,23.939,24.103,23.755,23.908,180316589,22.253,22.528,22.153,22.403,2824338,23.462,23.581333333333333,51.89827416410974,0.6721797378197856,22.05414285714286,22.071714285714286,59.949531060096085,0.25907460308167174
2008-05-30,24.012,24.273,23.995,24.171,169927452,22.511,22.624,22.447,22.536,3081440,23.514,23.67161904761905,56.11510777237204,0.6714281281764123,22.085857142857144,22.137333333333334,63.28400250670331,0.273126541005567
2008-06-02,24.14,24.287,23.631,23.831,189380334,22.475,22.484,22.03,22.216,3991901,23.65857142857143,23.708761904761904,47.48772182379519,0.636065150499391,22.155571428571427,22.145380952380954,51.44385001061892,0.2554962753789276
2008-06-03,23.935,24.103,23.353,23.738,209303027,22.253,22.438,21.922,22.092,5700148,23.810714285714287,23.735666666666667,44.26770114068905,0.5936917047353525,22.196,22.147904761904762,49.2659608433856,0.2288800128466164
2008-06-04,23.564,23.959,23.465,23.717,202738767,22.013,22.331,21.987,22.135,5560919,23.884285714285713,23.73857142857143,48.55319134473515,0.5520522050087102,22.249142857142857,22.15714285714286,49.21394371531265,0.20884869590139488
2008-06-05,23.853,24.313,23.781,24.258,210204143,22.269,22.679,22.225,22.59,4443919,23.939,23.755380952380953,49.58298567678028,0.5562941672740607,22.31657142857143,22.175285714285717,49.69532813279126,0.22707089834144867
2008-06-06,24.075,24.327,23.762,23.774,269046995,22.484,22.484,21.977,21.977,7154526,23.913857142857143,23.763238095238098,47.465069727642536,0.5146684207039023,22.278428571428574,22.182904761904762,41.787645720174524,0.18985956522933733
2008-06-09,23.682,23.685,22.505,23.257,526264929,22.135,22.135,21.7,21.932,4590727,23.820857142857143,23.742190476190476,47.47454568483856,0.43494832386740967,22.211142857142853,22.186761904761905,39.27948850961274,0.15495200150640898
2008-06-10,23.095,23.919,22.926,23.774,318040510,21.628,22.013,21.602,21.834,4818627,23.76414285714286,23.755666666666666,49.684451961066706,0.40877504772636897,22.110857142857146,22.189238095238096,42.4623113710828,0.11801927207669394
2008-06-11,23.607,23.819,22.996,23.156,267941514,21.728,21.753,21.275,21.275,6436590,23.667714285714283,23.710857142857144,53.467791572638596,0.3343113692942019,21.976428571428574,22.148285714285713,42.8254670257977,0.04314583138871697
2008-06-12,23.236,23.387,21.926,22.189,364403085,21.425,21.647,21.231,21.513,5652820,23.446428571428573,23.60895238095238,45.739436506980276,0.19502146318017566,21.893714285714285,22.118666666666666,45.53409757469001,0.0029783683837365516
2008-06-13,21.961,22.303,21.171,22.074,375180778,21.569,21.868,21.472,21.746,3634808,23.211714285714287,23.524238095238097,39.28978341244643,0.07449493886656455,21.838142857142856,22.097952380952382,49.75721202610651,-0.009938913097474966
2008-06-16,21.932,22.781,21.653,22.647,293123381,21.691,21.941,21.586,21.801,2771127,22.98157142857143,23.445619047619047,38.11459532837697,0.02492578233747622,21.725428571428573,22.05952380952381,45.048422170984736,-0.015558561971953822
2008-06-17,22.817,23.304,22.719,23.233,250860097,21.913,21.932,21.657,21.709,4555538,22.904285714285713,23.407761904761905,43.685044810359244,0.03255193283648339,21.687142857142856,22.01928571428571,41.553520498342515,-0.027123146566239598
2008-06-18,23.181,23.333,22.712,22.894,226169454,21.569,21.594,21.354,21.48,4981932,22.852428571428568,23.37842857142857,41.51322387325321,0.011113139833295094,21.62257142857143,21.96261904761905,35.742971732962175,-0.05414242912226186
2008-06-19,22.857,23.353,22.642,23.167,220848579,21.354,21.772,21.185,21.56,7116620,22.765714285714285,23.347952380952382,41.61096246949309,0.015967496997937758,21.583428571428573,21.926714285714286,34.67336668171255,-0.06831260857074284
2008-06-20,22.929,23.181,22.411,22.446,247567738,21.462,21.462,20.954,21.113,7264340,22.664285714285715,23.330190476190477,39.12018844498311,-0.037926867012643584,21.560285714285715,21.89742857142857,33.343400644274325,-0.11429422940848966
2008-06-23,22.383,22.523,21.97,22.174,180076401,21.113,21.167,20.839,20.918,4700887,22.662142857142857,23.306428571428572,38.05012216798569,-0.10141758677007928,21.475285714285715,21.855,32.64340613335078,-0.16457277303454632
2008-06-24,22.033,22.509,21.978,22.187,173441356,20.839,21.113,20.625,20.891,6170770,22.678285714285717,23.258095238095237,38.295593553222446,-0.14896823516385282,21.35314285714286,21.813476190476187,31.521093154695322,-0.20424316735086379
2008-06-25,22.346,22.904,22.268,22.716,179458876,20.945,21.397,20.945,21.069,5773004,22.688142857142857,23.20290476190476,38.18209679114819,-0.14232594276394295,21.248571428571427,21.76352380952381,25.380381885618192,-0.21879697295651823
2008-06-26,22.302,22.39,21.515,21.546,242173913,20.873,20.918,20.277,20.669,6016479,22.447142857142858,23.08842857142857,34.54923710351051,-0.2288332527894994,21.099999999999998,21.688523809523808,27.260083316536438,-0.2596149463175692
2008-06-27,21.314,21.842,21.022,21.78,289785857,20.436,20.5,20.129,20.395,10579086,22.288000000000004,22.98709523809524,39.33881903410663,-0.2753351822649108,20.945,21.592904761904762,25.249597309663642,-0.3104938149472538
2008-06-30,21.774,22.027,21.336,21.444,190779913,20.268,20.49,20.212,20.37,5360546,22.041857142857143,22.857238095238092,32.730506899165874,-0.33543401382240035,20.775,21.489761904761902,25.857519669523313,-0.34881208735002645
2008-07-01,21.009,22.376,21.002,22.37,309727561,20.129,20.361,19.924,20.222,10404046,22.031000000000002,22.787666666666667,44.428692851998655,-0.3048284372498067,20.647714285714283,21.394809523809524,29.912247074104755,-0.3866647271259893
2008-07-02,22.418,22.724,21.537,21.537,233567418,20.352,20.427,19.916,19.959,7313371,21.94,22.682857142857145,45.28901724941529,-0.34382602327128353,20.510714285714283,21.293238095238095,20.63492052574105,-0.4328949750743796
2008-07-03,21.717,22.047,21.228,21.785,145977693,20.045,20.111,19.763,19.87,4824678,21.882571428571428,22.590857142857143,47.95122633328835,-0.3506779664702009,20.364857142857144,21.185380952380953,12.509991936394911,-0.4712816938365165
2008-07-07,22.154,22.685,22.012,22.432,228559086,20.093,20.352,19.763,20.093,7708295,21.841999999999995,22.50390476190476,48.49165137099998,-0.3004374323215444,20.225428571428573,21.066476190476187,18.01498117894762,-0.478196853050882
2008-07-08,22.462,23.012,22.123,22.993,247711824,20.045,20.315,19.95,20.296,7507305,22.048714285714283,22.466714285714286,48.31033502163549,-0.21289926531252235,20.172142857142855,20.986428571428572,24.595469131845846,-0.461971443853578
2008-07-09,23.084,23.168,22.302,22.315,249550627,20.277,20.277,19.647,19.691,6684783,22.125142857142855,22.421857142857142,46.10939381191623,-0.19597449896285823,20.071571428571428,20.879714285714286,21.666138643228976,-0.49225670509382624
2008-07-10,22.399,22.71,21.947,22.621,234103082,19.771,19.966,19.559,19.943,7334209,22.293285714285712,22.36695238095238,46.34733734963034,-0.15607077035314632,20.01057142857143,20.789666666666665,25.713427347555466,-0.4902721467482216
2008-07-11,22.458,22.682,21.9,22.103,259219811,19.746,20.036,19.486,19.755,14985877,22.255142857142857,22.31680952380952,47.6413147205366,-0.16435051836145576,19.943857142857144,20.717285714285715,27.882736029199265,-0.4981272973692086
2008-07-14,22.954,22.962,22.164,22.268,246917000,19.933,20.045,19.496,19.602,13310436,22.359571428571428,22.32057142857143,50.65605796912551,-0.15580216687667203,19.892857142857142,20.626285714285714,28.269484677750114,-0.5108100815039514
2008-07-15,22.065,22.249,21.309,21.723,289877701,19.371,19.888,19.184,19.559,12506924,22.350714285714282,22.303857142857144,46.985446899974484,-0.1908050007062343,19.84842857142857,20.522142857142857,28.120893431769915,-0.5183557376607553
2008-07-16,21.779,22.146,21.59,22.133,208531685,19.655,19.984,19.441,19.842,7715649,22.308,22.279380952380954,46.15283085045008,-0.18334790469570805,19.81257142857143,20.428857142857144,30.517624507066742,-0.4957848900609747
2008-07-17,22.294,22.408,21.948,22.002,210793201,20.093,20.287,19.861,20.045,14633832,22.166428571428575,22.220761904761908,53.48730487170048,-0.18586615819520347,19.776714285714288,20.349619047619047,39.430894121940234,-0.4562574751031896
2008-07-18,21.542,21.724,21.13,21.148,240622373,20.165,20.268,19.718,20.268,10876243,21.999714285714287,22.137619047619047,45.58535894967936,-0.25384637209714,19.85914285714286,20.29190476190476,47.81109939008778,-0.40230001352540157
2008-07-21,21.373,21.451,20.633,21.295,355311216,20.027,20.036,19.718,19.87,5596172,21.810285714285715,22.04847619047619,48.93097995622993,-0.29248789156905985,19.848714285714287,20.21142857142857,42.36408045415482,-0.3871903212519179
2008-07-22,19.07,20.844,18.767,20.749,523327034,19.469,19.763,19.339,19.763,8743079,21.61685714285714,21.967666666666666,37.69919554897725,-0.3629849465220545,19.849857142857143,20.147142857142857,42.90132984824664,-0.37947543048207066
2008-07-23,21.148,21.56,20.689,21.29,295362486,19.916,20.25,19.814,20.121,9217667,21.47714285714286,21.92557142857143,48.038748503645785,-0.37092440614024724,19.924000000000003,20.109190476190477,52.43389401019394,-0.34054808950305215
2008-07-24,21.04,21.164,20.292,20.366,234088625,20.198,20.203,19.602,19.602,7131473,21.283285714285714,21.838857142857144,39.82503935787314,-0.44662712343495414,19.930142857142858,20.047809523809526,46.43427337677491,-0.3475702800237279
2008-07-25,20.538,20.874,20.319,20.761,176473261,19.879,19.943,19.682,19.879,11371386,21.087285714285713,21.745761904761906,37.56881408630212,-0.4693386298802693,19.93542857142857,19.991142857142858,47.1930743282521,-0.32701421527469776
2008-07-28,20.769,20.805,19.724,19.773,217660487,19.888,19.888,19.441,19.46,5772167,20.768857142857144,21.661333333333335,27.476217069856304,-0.5605987716265375,19.851857142857146,19.93357142857143,39.622641371718736,-0.3406068800408484
2008-07-29,19.883,20.42,19.676,20.117,190706395,19.567,19.897,19.559,19.851,4861746,20.62157142857143,21.582142857142856,33.871441080980304,-0.5982686972496651,19.792285714285715,19.907666666666668,52.09753520467606,-0.31618396064064314
2008-07-30,20.195,20.555,19.989,20.473,201962288,19.933,20.018,19.701,19.984,8505090,20.504142857142856,21.535904761904764,34.353146783079254,-0.5925654344501226,19.80857142857143,19.889285714285716,50.55480359735663,-0.28283627210041473
2008-07-31,20.194,20.772,20.103,20.356,177591108,19.824,20.129,19.737,19.87,6666301,20.448,21.44,36.48460459372049,-0.5906775170493432,19.823857142857143,19.87252380952381,51.58795892785658,-0.26257997740820826
2008-08-01,20.482,20.489,19.946,20.062,151903672,19.984,19.984,19.524,19.647,9886920,20.272571428571432,21.369761904761905,33.267597016725375,-0.6059200032219572,19.75614285714286,19.857666666666667,50.609590704813236,-0.26150647042818065
2008-08-04,20.052,20.221,19.584,19.622,164769142,19.718,19.799,19.559,19.746,5090524,20.166285714285717,21.266761904761907,33.806073612874215,-0.6460567658560912,19.776714285714288,19.851761904761904,52.495329400871434,-0.24978783709137176
2008-08-05,19.914,20.592,19.827,20.572,191884653,19.799,20.191,19.709,20.121,5476932,20.139285714285716,21.178190476190476,38.89284181805894,-0.5943570013574089,19.811285714285713,19.85309523809524,53.633758595761236,-0.20784545670394294
2008-08-06,20.486,21.44,20.232,21.028,220670153,20.074,20.404,20.002,20.404,6892760,20.318571428571428,21.084619047619046,43.375952039273216,-0.5107021203244528,19.946142857142856,19.858238095238097,54.58024986881256,-0.15004050960035542
2008-08-07,20.86,21.28,20.682,20.948,187434681,20.25,20.509,20.111,20.37,10021174,20.437285714285714,21.01952380952381,48.47978098529692,-0.4457223460641693,20.020285714285713,19.890571428571427,51.367292032401586,-0.10575412073458068
2008-08-08,20.991,21.724,20.971,21.711,199068558,20.315,20.812,20.287,20.758,6626449,20.614142857142856,20.976190476190474,52.89129820121235,-0.32886671271421264,20.130857142857142,19.929380952380953,61.93548363787719,-0.03890006540402169
2008-08-11,21.785,22.603,21.727,22.227,248378005,20.812,21.148,20.687,20.891,6307164,20.881428571428568,20.98209523809524,60.31546610211943,-0.19240299185354104,20.276714285714288,19.983476190476193,65.05605955398158,0.024531460172962483
2008-08-12,22.219,22.961,22.219,22.633,233132531,20.945,21.052,20.831,20.935,5413519,21.248714285714282,20.99947619047619,59.553279152973985,-0.05090688016095157,20.460714285714285,20.04695238095238,61.858974106635884,0.07745893508173296
2008-08-13,22.8,23.051,22.525,22.962,234899860,20.918,21.008,20.669,20.856,5391211,21.72585714285714,21.05847619047619,70.17407507267068,0.08677704643763917,20.619285714285716,20.108714285714285,70.95588202092837,0.11174161274436756
2008-08-14,22.815,23.109,22.773,22.963,198233593,20.821,21.113,20.697,21.016,7046106,22.06742857142857,21.098,68.2284766630466,0.19373992857114786,20.747142857142855,20.16461904761905,69.77391270370961,0.15009138455703663
2008-08-15,22.932,23.019,22.418,22.504,197505890,21.052,21.185,20.91,21.098,5271310,22.278285714285712,21.121904761904762,74.77771710272404,0.23871950940428377,20.846285714285717,20.214761904761904,82.269503092288,0.1849683694865405
2008-08-18,22.456,22.769,22.26,22.461,153762598,21.121,21.121,20.659,20.831,5443398,22.494428571428575,21.184428571428572,72.49520134070386,0.2678092720581198,20.912142857142857,20.241571428571426,70.29825974143515,0.18888659563374333
2008-08-19,22.324,22.676,22.002,22.222,171720613,20.678,20.732,20.418,20.464,6110567,22.56742857142857,21.228571428571428,67.17062616524865,0.26848291206259844,20.870142857142856,20.26985714285714,59.06344379649232,0.16052752386150715
2008-08-20,22.386,22.661,22.233,22.517,141359624,20.582,20.732,20.427,20.509,6231255,22.608857142857143,21.312761904761903,70.49895636748522,0.2894838219001521,20.815571428571428,20.305380952380954,62.38852234453691,0.14006924798455245
2008-08-21,22.358,22.468,22.011,22.321,150505318,20.418,20.556,20.287,20.427,4568107,22.564285714285717,21.361857142857144,71.83452522604229,0.28700323762017277,20.743,20.319952380952383,65.99671824284088,0.1159031429757178
2008-08-22,22.533,22.73,22.483,22.641,122599625,20.65,20.873,20.6,20.715,3298125,22.51842857142857,21.470190476190478,79.87334234747148,0.3073161332683867,20.722857142857144,20.37295238095238,68.4430906135504,0.11862311035653761
2008-08-25,22.527,22.567,21.983,22.098,135053284,20.65,20.741,20.404,20.446,7520984,22.394857142857145,21.533857142857144,66.42272902929014,0.27641237762789217,20.641428571428573,20.39995238095238,56.445854506052456,0.09794361915511374
2008-08-26,22.113,22.395,22.106,22.236,124228804,20.446,20.473,20.241,20.37,6875745,22.356571428571424,21.651142857142855,63.95563750106776,0.26005858186821484,20.53742857142857,20.443285714285715,49.265341102111186,0.07456289392145976
2008-08-27,22.174,22.507,22.049,22.369,132908992,20.446,20.678,20.352,20.565,4262932,22.34342857142857,21.758380952380953,66.21775829101836,0.2548918349696834,20.499428571428574,20.477285714285717,53.93939363428223,0.07095049786749641
2008-08-28,22.449,22.57,22.125,22.249,120173705,20.64,20.831,20.64,20.687,5987134,22.34728571428571,21.84295238095238,57.196361476525134,0.2383664140666184,20.53128571428572,20.510761904761903,48.39293767428654,0.07704391408883637
2008-08-29,22.136,22.218,21.648,21.708,167105545,20.537,20.608,20.222,20.222,10036368,22.231714285714283,21.907333333333334,43.10390629724825,0.1795460254495005,20.49028571428571,20.52752380952381,36.835891178393396,0.04384594771992667
2008-09-02,22.098,22.218,21.13,21.282,217702749,20.687,20.741,20.055,20.111,6432663,22.083285714285715,21.96542857142857,32.143801097009444,0.09743266085831692,20.44514285714286,20.54961904761905,34.202453804127956,0.008481775234656652
2008-09-03,21.385,21.6,21.002,21.379,204907079,20.045,20.121,19.728,19.842,7490442,21.903,22.049095238095237,27.710503974106715,0.03972637622581132,20.32042857142857,20.554190476190474,31.879914064932493,-0.040780545376136956
2008-09-04,21.226,21.504,20.593,20.646,207165081,19.691,19.709,19.097,19.133,10015114,21.69557142857143,22.052619047619046,22.95120235318305,-0.06441075704724142,20.132857142857144,20.507142857142856,21.870331548794596,-0.13547004961107234
2008-09-05,20.277,20.798,20.189,20.513,219297935,18.989,19.274,18.892,19.133,8103810,21.449428571428573,22.02809523809524,24.842051971749086,-0.1558753400156192,19.956142857142854,20.44661904761905,19.908116300547178,-0.208113164899288
2008-09-08,21.073,21.115,19.396,20.223,291658981,19.638,19.638,18.961,19.362,14248427,21.142857142857142,21.993571428571425,23.38249278607158,-0.2488931717997822,19.784285714285716,20.398619047619047,27.238921480835174,-0.24438782029718809
2008-09-09,20.088,20.485,19.181,19.424,346969505,19.292,19.515,18.943,19.024,9182224,20.739285714285717,21.884666666666668,20.63392101409002,-0.382671892749773,19.546714285714284,20.31604761904762,27.48592858511479,-0.2969860509331781
2008-09-10,19.529,19.848,19.057,19.415,271372446,19.184,19.184,18.935,18.935,8377353,20.411714285714286,21.7507619047619,15.364001738477867,-0.4838412964256946,19.36285714285714,20.22290476190476,25.72486108570385,-0.34191074956897793
2008-09-11,19.415,19.594,18.696,19.549,270335199,18.81,19.246,18.635,19.246,10974266,20.164142857142856,21.60390476190476,18.6141303757704,-0.5469017546170747,19.239285714285717,20.14247619047619,32.987611506244136,-0.34840262742245187
2008-09-12,19.308,19.326,18.762,19.073,221108652,19.007,19.339,18.82,19.339,8080789,19.834714285714288,21.418714285714287,10.979877481688973,-0.6280471078483032,19.16742857142857,20.070238095238096,28.998778874852576,-0.34209965277862153
2008-09-15,18.182,18.911,17.974,17.974,256372856,18.599,19.061,18.402,18.402,22719286,19.453,21.181142857142856,9.789391548936962,-0.7721348107178052,19.063,19.945761904761905,24.087221009832376,-0.4080092919861187
2008-09-16,17.113,18.248,16.923,17.914,334214072,18.182,18.748,18.028,18.748,30850689,19.081714285714288,20.96257142857143,7.20792077209687,-0.8810111042968423,19.008,19.833857142857145,30.754627330193443,-0.4273970800605298
2008-09-17,17.715,17.736,16.369,16.369,334510649,18.225,18.369,16.749,17.708,24894528,18.53114285714286,20.672476190476193,3.5747446533509333,-1.0795208943738999,18.771714285714285,19.685142857142857,21.76319424694904,-0.5206792834799607
2008-09-18,16.717,17.927,15.453,17.172,467053093,17.895,18.465,17.345,18.465,25630645,18.20942857142857,20.432,14.47165847409336,-1.158689295210639,18.691857142857142,19.589952380952383,30.48823315299697,-0.5274424994526754
2008-09-19,18.029,18.467,17.454,18.046,398994981,19.763,19.763,18.535,18.535,12616020,18.013857142857145,20.21909523809524,25.51484349328595,-1.137790585949272,18.634714285714285,19.495952380952378,34.08190215566209,-0.5211465290671669
2008-09-22,17.901,17.958,16.732,16.781,238697990,18.713,18.802,18.004,18.056,9958440,17.61842857142857,19.955285714285715,22.940964251391904,-1.2093623597650236,18.464714285714287,19.38304761904762,31.868713526352224,-0.5484856231632236
2008-09-23,16.853,17.391,16.22,16.243,356621023,18.145,18.499,17.834,18.047,18815379,17.214142857142857,19.65061904761905,20.678237007365226,-1.2945725830136574,18.28014285714286,19.256,33.401146575251346,-0.5643725416354819
2008-09-24,16.315,16.769,16.026,16.484,291932018,18.081,18.217,17.895,18.09,7968677,17.001285714285714,19.383285714285712,24.824582585586256,-1.3273546942994692,18.23557142857143,19.143809523809523,39.00021081079879,-0.5669577621862771
2008-09-25,16.654,17.26,16.46,16.897,279601969,18.199,18.687,18.1,18.402,16711688,16.855999999999998,19.12904761904762,28.84390353337062,-1.304966266454457,18.18614285714286,19.05009523809524,42.76667314491721,-0.537633273874949
2008-09-26,16.006,16.622,15.752,16.422,313910215,17.931,18.599,17.904,18.491,18763796,16.86357142857143,18.845857142857145,28.232733891277263,-1.3104458028556074,18.298000000000002,18.95133333333333,41.13576214616312,-0.5014316574045345
2008-09-29,15.302,15.326,12.882,13.48,730561989,18.065,18.172,16.857,16.892,23082586,16.336142857142857,18.428285714285714,22.668751120345547,-1.5344944903168418,18.073285714285714,18.770619047619046,32.73404592512526,-0.59490980225074
2008-09-30,13.866,14.728,13.611,14.553,453452613,17.052,17.717,17.052,17.645,11639050,15.837142857142856,18.08757142857143,29.63645498283546,-1.6069486529680468,17.946142857142856,18.647904761904762,40.56741729044401,-0.6012996900675596
2008-10-01,14.326,14.388,13.754,13.976,361512816,17.495,17.577,17.139,17.487,15155800,15.436428571428573,17.73966666666667,27.49374037760178,-1.6914304196837406,17.864857142857144,18.52295238095238,36.84367980316955,-0.6120575829147263
2008-10-02,13.837,13.93,12.807,12.818,448680865,17.121,17.229,16.597,16.803,12213404,14.94714285714286,17.332,26.05833266747173,-1.8307203460885315,17.687142857142856,18.378238095238096,32.572842158326054,-0.6680752188159005
2008-10-03,13.321,13.638,12.121,12.428,639757618,16.943,17.354,16.491,16.563,14683426,14.367714285714285,16.94066666666667,27.553828688218104,-1.9500988314929852,17.469,18.255857142857145,36.023711733647666,-0.7234955863303121
2008-10-06,11.782,12.65,11.211,12.568,587522817,16.136,16.242,15.167,15.647,22916848,13.749285714285714,16.56233333333333,28.502493131813168,-2.0102375442002582,17.07542857142857,18.08985714285714,28.311651923854654,-0.831742363313623
2008-10-07,12.872,12.997,11.392,11.419,523860280,16.047,16.065,14.847,14.847,16719764,13.034571428571429,16.143095238095242,29.440106295716774,-2.126104198951536,16.55485714285714,17.874857142857145,29.29512224487891,-0.9708902100861465
2008-10-08,11.013,12.337,10.971,11.499,615651966,14.49,15.425,14.481,14.713,27338258,12.751571428571427,15.765714285714285,24.931506818467412,-2.186272042999386,16.243571428571425,17.66957142857143,20.155901959563693,-1.0795343611462584
2008-10-09,11.974,12.267,11.09,11.363,451023268,15.007,15.229,13.601,14.222,26034576,12.295857142857143,15.382285714285715,18.40786610024486,-2.2193463134870246,15.754571428571428,17.44514285714286,17.847025458497328,-1.1915201278042247
2008-10-10,10.973,12.807,10.886,12.396,618829489,13.568,14.74,13.281,14.137,35466421,12.070142857142857,15.041666666666666,28.80618652457356,-2.1375629491854635,15.276,17.201857142857143,18.960874344138716,-1.2724603139003055
2008-10-13,13.42,14.155,12.935,14.118,429130693,14.916,15.787,14.625,15.787,18486919,12.255857142857142,14.805714285714286,40.784109587043325,-1.9117604506678827,15.130857142857142,17.032714285714285,35.7933114783623,-1.1897500857544934
2008-10-14,14.904,14.907,13.207,13.33,552442840,16.348,16.402,15.052,15.257,27464985,12.384714285714287,14.58457142857143,36.94104003666987,-1.7759236162091767,14.944285714285714,16.88295238095238,33.21881288176006,-1.153669421700032
2008-10-15,13.298,13.702,12.538,12.547,441257577,15.131,15.158,14.081,14.11,20130119,12.381714285714287,14.328999999999999,32.524505828752766,-1.7117218385995443,14.724714285714285,16.662095238095237,26.86502798877636,-1.2037524407832905
2008-10-16,12.776,13.245,11.75,13.049,550850676,14.146,14.847,13.468,14.847,22406134,12.614571428571427,14.170904761904762,36.4787941545175,-1.6018689149612335,14.724714285714285,16.52585714285714,31.64046750877,-1.1704812740732127
2008-10-17,12.734,13.068,10.999,12.473,491122629,14.598,15.371,14.342,14.703,17584005,12.753714285714285,13.947142857142856,45.01830408328324,-1.5434956110855058,14.723285714285714,16.346714285714285,37.076396207454295,-1.1425624822169045
2008-10-20,12.777,12.811,11.992,12.605,431324163,14.935,15.29,14.563,15.29,21222939,12.931142857142857,13.68804761904762,39.373772577871165,-1.469641932993861,14.875857142857143,16.192190476190472,35.81837883879835,-1.060841918999376
2008-10-21,12.413,12.54,11.674,11.717,571544296,15.052,15.148,14.402,14.49,11253969,12.834142857142856,13.446904761904761,38.08167135874819,-1.4658689153095956,14.926285714285713,16.02238095238095,33.24762431912055,-1.0485441339258212
2008-10-22,12.468,12.965,11.901,12.403,626569693,14.35,14.35,13.38,13.737,12817434,12.589142857142859,13.26404761904762,47.695724523293705,-1.3914841417357717,14.63342857142857,15.817142857142859,32.99312175927405,-1.0870282722992357
2008-10-23,12.362,12.71,11.768,12.579,466807754,13.804,14.118,13.158,14.044,20843066,12.481857142857143,13.078095238095237,50.85883281628669,-1.3033082178048758,14.460142857142857,15.624476190476189,36.1303820608055,-1.0803018476938018
2008-10-24,11.567,12.54,11.54,12.344,443250825,12.747,13.804,12.706,13.389,15900981,12.452857142857143,12.861285714285717,48.73959029007942,-1.2381184401632357,14.357142857142858,15.385761904761905,37.19954642621388,-1.1149714369893307
2008-10-27,12.175,12.503,11.764,11.793,337146846,13.245,13.813,12.979,13.114,9845005,12.273428571428571,12.640857142857142,52.25627404300339,-1.2168886321515426,14.10957142857143,15.129714285714286,39.55394809478538,-1.1513653153605912
2008-10-28,12.221,12.872,11.829,12.794,455823303,13.54,14.935,13.299,14.935,13598134,12.319285714285716,12.608190476190476,57.031165077811224,-1.1065360631150138,14.142714285714286,15.036523809523809,51.11200153119936,-1.0214931082114589
2008-10-29,12.902,14.029,12.798,13.387,544514103,14.713,14.997,14.333,14.358,18625959,12.431,12.552666666666667,60.4696874770768,-0.9601625567403556,14.009571428571428,14.879999999999999,50.67540716036395,-0.9541289218899287
2008-10-30,13.879,14.365,13.783,14.222,456651818,14.802,15.035,14.471,14.891,21545654,12.788857142857143,12.564380952380954,59.64300793884642,-0.767930749105048,14.066857142857144,14.756380952380953,53.5850132417088,-0.8479589306478186
2008-10-31,13.751,14.187,13.466,13.78,459331042,14.563,15.131,14.536,14.802,26383069,12.98557142857143,12.610190476190477,47.93600382619638,-0.6438296947001199,14.219,14.661095238095239,44.50027910407549,-0.7622136790404923
2008-11-03,13.564,13.973,13.429,13.698,295013372,14.839,14.971,14.685,14.802,7619774,13.145428571428571,12.670666666666667,52.459235400370325,-0.5458037438734653,14.327285714285713,14.577238095238096,47.29970318549604,-0.6863481550855735
2008-11-04,14.084,14.315,13.66,14.215,390048641,15.077,15.513,14.971,15.425,13750615,13.412714285714285,12.749095238095238,61.557649547975736,-0.42154063432126243,14.618142857142857,14.566666666666666,58.32173132305984,-0.5693897171711999
2008-11-05,13.947,14.051,13.189,13.228,350386539,15.122,15.239,14.462,14.49,10168956,13.617714285714285,12.835238095238093,51.16218663598616,-0.39811465807014734,14.814714285714286,14.549666666666667,47.796024117897964,-0.5458537362733704
2008-11-06,12.938,13.161,12.553,12.691,367694616,14.323,14.422,13.583,13.692,13399651,13.603,12.892000000000001,51.42260496999263,-0.4180616606304408,14.637142857142857,14.501047619047618,44.22483712793926,-0.5848514294585669
2008-11-07,12.697,12.787,12.257,12.58,305554493,13.877,14.165,13.813,14.081,10366682,13.487714285714286,12.949952380952382,49.83640875569824,-0.4377801194952795,14.59757142857143,14.494333333333332,42.93395668017821,-0.5777088650941646
2008-11-10,12.846,12.859,12.102,12.278,313353655,14.422,14.422,13.764,13.933,7075420,13.209999999999999,12.944333333333335,53.9759035073476,-0.47233127536379804,14.460714285714285,14.484619047619049,46.47602168155582,-0.5773355298788161
2008-11-11,12.145,12.442,11.815,12.137,341407188,13.849,13.895,13.45,13.627,17176794,12.975285714285715,12.850000000000001,47.95698914417852,-0.5052664399290041,14.292857142857144,14.381761904761905,49.262338963294965,-0.5948739649109065
2008-11-12,11.844,11.94,11.527,11.541,328012870,13.398,13.459,12.954,12.988,8344635,12.667142857142858,12.764809523809525,42.51082242494206,-0.5728564812273387,14.033714285714286,14.273714285714286,43.22033890535634,-0.6528100725296575
2008-11-13,11.526,12.352,11.017,12.352,517036639,12.954,13.83,12.33,13.795,16556768,12.401,12.755523809523808,50.053290607414596,-0.5545882061052101,13.800857142857142,14.258714285714285,52.5566749703031,-0.6263861104357478
2008-11-14,11.991,12.036,11.526,11.555,391611734,13.486,13.84,13.069,13.168,12463206,12.162000000000003,12.684380952380954,48.46491219317482,-0.5975337090026294,13.611999999999998,14.178761904761906,50.325614965682746,-0.6485623667959519
2008-11-17,11.331,11.596,11.175,11.287,324174165,12.945,13.229,12.739,12.792,10771105,11.961428571428572,12.62790476190476,39.26485246478017,-0.6457498869535687,13.483428571428572,14.087761904761903,34.35081050373719,-0.6885402044935933
2008-11-18,11.474,11.654,11.122,11.514,337326468,12.847,13.041,12.447,12.97,9106623,11.809142857142858,12.575952380952382,35.92364339351704,-0.6580588595709305,13.324714285714284,13.977285714285715,39.23697261952271,-0.6978158299889703
2008-11-19,11.484,11.729,11.04,11.05,326763102,12.954,13.114,12.224,12.249,9281145,11.633714285714287,12.544190476190476,24.75326323678037,-0.6972176402874268,13.084142857142856,13.87057142857143,30.093429713485847,-0.7546464103059858
2008-11-20,10.896,11.071,10.245,10.307,478380668,12.064,12.661,11.628,11.727,21385177,11.372285714285713,12.444380952380952,23.621449137065113,-0.7792227517856798,12.812714285714284,13.774857142857142,28.250106041094725,-0.8322128602944634
2008-11-21,10.496,10.773,10.137,10.576,437504267,11.866,12.348,11.504,12.348,22664630,11.234428571428571,12.349,26.94239285418115,-0.813133049947723,12.721285714285713,13.694095238095239,34.04421320200014,-0.8339619266923375
2008-11-24,10.899,12.14,10.864,11.903,402164449,12.597,13.253,12.49,12.954,13428839,11.170285714285715,12.328000000000001,34.7493403052123,-0.7245769240068984,12.601142857142857,13.673380952380953,33.89808412947046,-0.7774865578964558
2008-11-25,12.117,12.129,11.29,11.628,344471972,13.236,13.389,12.706,13.132,14467358,11.180714285714286,12.320142857142859,38.35177627592822,-0.6688753789078827,12.596,13.674238095238097,40.182186153477346,-0.7101797982085554
2008-11-26,11.539,12.198,11.507,12.167,250924090,12.792,13.583,12.765,13.54,9851756,11.306428571428572,12.290285714285714,46.186317227567905,-0.5746149047829245,12.702857142857143,13.607809523809525,48.835427415921544,-0.6168063563082509
2008-11-28,12.128,12.136,11.764,11.867,84001102,13.309,13.627,13.309,13.559,2091798,11.356857142857143,12.217904761904762,44.94970950144553,-0.5181474118954732,12.787,13.569761904761906,45.76023381406055,-0.5351057239782886
2008-12-01,11.695,11.816,11.388,11.389,257554120,13.309,13.317,12.57,12.579,7084199,11.405285714285712,12.083,43.85625423441773,-0.506132738984844,12.834142857142856,13.459666666666667,40.31196328500752,-0.5431738243012134
2008-12-02,11.526,11.864,11.078,11.841,320308356,12.81,13.077,12.579,13.022,9003818,11.624428571428572,11.990666666666666,48.03869590875406,-0.4548946591946379,13.019142857142857,13.374904761904762,45.75438587500892,-0.507965939092097
2008-12-03,11.444,12.325,11.371,12.281,373319724,12.747,13.424,12.713,13.398,10865783,11.867999999999999,11.923190476190475,55.00676579565701,-0.37446716466732966,13.169142857142857,13.308047619047619,52.98746710261957,-0.4445983260183777
2008-12-04,12.083,12.194,11.406,11.706,304352143,13.123,13.389,12.67,12.856,11318677,11.839857142857142,11.803714285714285,45.485043243389626,-0.3530556841725172,13.155142857142858,13.185714285714285,42.88312860385572,-0.43312115536496876
2008-12-05,11.563,12.101,11.379,12.037,291040322,12.72,13.398,12.466,13.362,11700244,11.898285714285715,11.747,53.603468787313325,-0.30585232271165275,13.188,13.132,51.49783806038146,-0.3788285441081385
2008-12-08,12.438,12.909,12.267,12.77,330201108,13.682,14.173,13.575,13.986,10581526,11.984428571428571,11.750761904761905,60.3662797644166,-0.20691120108035754,13.251714285714286,13.145999999999999,58.87864354189456,-0.2821966857831786
2008-12-09,12.548,13.269,12.448,12.814,335616400,13.772,14.295,13.737,13.895,9188026,12.119714285714286,11.761904761904763,59.32568137294698,-0.12352529437686144,13.299714285714286,13.137142857142859,56.96850974874805,-0.21053130748546778
2008-12-10,12.53,12.742,12.361,12.576,261554018,13.959,14.118,13.701,13.781,7855005,12.289285714285715,11.776095238095238,61.31376025231426,-0.07577251511484207,13.471428571428573,13.12990476190476,62.70315076652668,-0.16107801899027585
2008-12-11,12.439,12.964,12.145,12.167,290183330,13.673,13.943,13.398,13.486,19888223,12.335857142857142,11.77752380952381,64.50858020232134,-0.07012264515041267,13.537714285714287,13.123190476190478,65.15595365979954,-0.1440296816337554
2008-12-12,11.897,12.678,11.849,12.584,290360303,13.095,13.821,13.077,13.644,8831235,12.379142857142856,11.827190476190477,65.309545453746,-0.03163203312528573,13.572857142857144,13.154428571428573,62.13483129777386,-0.11642736966914491
2008-12-15,12.292,12.322,11.91,12.135,248296843,13.772,13.772,13.29,13.496,6265528,12.440428571428571,11.816857142857142,52.042253392853596,-0.03693275552012487,13.664285714285715,13.140190476190478,55.551003527711174,-0.1052810868516385
2008-12-16,12.037,12.358,11.878,12.221,304842113,13.611,14.198,13.568,14.198,11052230,12.466714285714286,11.848571428571429,55.399744896085146,-0.0338044581882162,13.783714285714286,13.189238095238094,59.85941530928011,-0.03934845972280421
2008-12-17,11.655,11.666,11.274,11.419,360827582,13.959,14.127,13.728,13.924,9631881,12.273714285714286,11.854857142857142,43.50017368630477,-0.09494548497161404,13.774857142857144,13.24314285714286,53.64188149639865,-0.009100977388557752
2008-12-18,11.462,11.632,11.325,11.453,238829666,13.969,13.993,13.468,13.532,9947104,12.079285714285714,11.851952380952381,46.22813399285825,-0.13905374829226247,13.723,13.269904761904762,49.76085018659843,-0.016569747897184683
2008-12-19,11.525,11.647,11.371,11.526,223540440,13.71,13.877,13.575,13.575,19483474,11.929285714285713,11.874619047619047,51.34762921131875,-0.16620348453160538,13.693571428571428,13.333047619047617,60.57773983685463,-0.01880232025696671
2008-12-22,11.526,11.53,10.845,10.979,235579006,13.592,13.644,13.158,13.389,8895232,11.759571428571428,11.90661904761905,41.67632279191415,-0.22921591623443405,13.679714285714287,13.412190476190476,54.122668892896556,-0.0351748220174013
2008-12-23,11.139,11.254,11.0,11.062,177070536,13.505,13.575,13.194,13.204,6286459,11.542142857142855,11.929761904761904,37.35739462289908,-0.2693514007168858,13.616857142857143,13.45295238095238,47.72300453799952,-0.06235926274688808
2008-12-24,11.025,11.045,10.828,10.892,75705547,13.327,13.354,13.262,13.29,1870860,11.364571428571429,11.881619047619049,40.78351436345806,-0.31128830279610753,13.587428571428573,13.468952380952379,55.704521351245184,-0.07608656801646418
2008-12-26,11.084,11.196,10.916,10.988,85982781,13.346,13.398,13.271,13.271,2388749,11.188428571428572,11.851142857142857,37.45515414389567,-0.332939285304942,13.455,13.475571428571428,48.628278359723886,-0.0874901653870257
2008-12-29,11.093,11.221,10.896,11.091,191306231,13.398,13.398,13.087,13.281,3383662,11.141571428571428,11.799904761904761,26.358772072930776,-0.3378916016830331,13.363142857142856,13.463238095238095,36.95893432577685,-0.09462984805185926
2008-12-30,11.196,11.277,10.849,11.05,269510759,13.317,13.575,13.317,13.532,4806303,11.084,11.761,25.140924365283837,-0.3411916603646379,13.363142857142858,13.46195238095238,43.660495769735604,-0.07912242167186356
2008-12-31,11.014,11.238,10.93,10.931,169432011,13.583,13.858,13.522,13.701,4655299,10.998999999999999,11.739190476190474,26.01341488358476,-0.3493818298688627,13.381142857142859,13.515380952380951,48.629197847563816,-0.052589567138570104
2009-01-02,10.959,11.659,10.907,11.622,208043955,13.781,14.286,13.673,14.214,5039232,11.090857142857143,11.728761904761905,42.65696561649219,-0.29669456290073093,13.498999999999999,13.572142857142856,61.60714258211099,0.009720670084250926
2009-01-05,11.923,12.318,11.872,12.112,329453938,14.127,14.258,13.976,14.173,7048203,11.240857142857141,11.720714285714285,43.763213368740765,-0.21294591142540575,13.637428571428572,13.60904761904762,58.76117892591704,0.05515779987324976
2009-01-06,12.289,12.442,11.831,11.912,359535607,14.333,14.625,14.258,14.5,9478862,11.386571428571427,11.73052380952381,46.84582725435883,-0.16085855301681384,13.810285714285714,13.687333333333335,65.69731053165657,0.11621358190311248
2009-01-07,11.732,11.844,11.558,11.656,209985787,14.277,14.277,13.933,14.035,6986323,11.482,11.712380952380952,42.37516853083608,-0.13863787559678364,13.91942857142857,13.719380952380954,47.24755127947796,0.12563092016693034
2009-01-08,11.584,11.928,11.531,11.871,184843882,13.943,14.165,13.858,14.137,6423682,11.593428571428571,11.669571428571427,57.24823579170131,-0.10249759698454675,14.041714285714287,13.72657142857143,53.81857269506635,0.139714237380268
2009-01-09,11.936,11.96,11.543,11.598,152459734,14.137,14.173,13.772,13.821,4434985,11.671714285714287,11.611666666666666,52.15966615125551,-0.09479227787826972,14.082999999999998,13.723047619047618,55.326206865253646,0.12394801311857861
2009-01-12,11.583,11.654,11.213,11.353,171579281,13.868,13.868,13.468,13.575,5769962,11.732000000000001,11.553428571428572,47.548880514116085,-0.10721925261975329,14.065,13.713238095238095,49.99999975994513,0.09055911361875246
2009-01-13,11.311,11.493,11.058,11.233,222068162,13.619,13.701,13.407,13.513,9734512,11.676428571428573,11.508952380952381,54.094132573398525,-0.12530626413949442,13.964857142857143,13.71452380952381,52.22063011064156,0.058421837787051345
2009-01-14,11.044,11.174,10.849,10.928,282121166,13.362,13.433,13.032,13.104,9576114,11.507285714285715,11.43009523809524,47.984355995252436,-0.16237949237701876,13.812142857142858,13.688809523809523,48.34217484191296,-4.949612994664676e-05
2009-01-15,10.309,10.773,10.252,10.679,510782667,13.095,13.309,12.773,13.194,8607563,11.33114285714286,11.360761904761906,46.87040827029513,-0.2094382382340303,13.62557142857143,13.674428571428573,48.41059580207011,-0.03868031904349145
2009-01-16,10.792,10.806,10.295,10.543,292005908,13.441,13.477,13.004,13.281,8375999,11.172142857142857,11.280857142857142,43.53761237016364,-0.25476986831306725,13.517857142857142,13.630761904761906,50.16191687102757,-0.06156566099520511
2009-01-20,10.496,10.5,10.014,10.014,253140675,13.253,13.317,12.713,12.739,18962700,10.906857142857145,11.213952380952382,36.081674720821034,-0.3295821725822492,13.318142857142858,13.574333333333332,42.513811990278086,-0.12203063647309698
2009-01-21,10.18,10.614,10.156,10.608,298112397,13.05,13.362,12.847,13.354,6595128,10.76542857142857,11.173714285714286,45.00226127769524,-0.33705526370389016,13.251428571428573,13.565857142857142,47.76606408917547,-0.11895298892474315
2009-01-22,11.271,11.526,10.989,11.314,386943024,13.069,13.271,12.838,13.05,8428363,10.759857142857143,11.163619047619047,53.82311823646963,-0.2827500756800596,13.176428571428572,13.540857142857144,42.09759636092101,-0.13943684923387067
2009-01-23,11.134,11.509,11.078,11.314,211775201,12.81,13.477,12.792,13.236,8365911,10.77142857142857,11.179571428571428,46.433533892989935,-0.23698105286161564,13.136857142857142,13.533571428571427,37.10443024275791,-0.13905882697767247
2009-01-26,11.382,11.651,11.307,11.479,193041670,13.317,13.644,13.281,13.398,8259449,10.850142857142856,11.199428571428573,42.07362870297249,-0.18525909990857237,13.178857142857142,13.542809523809524,40.097112046675285,-0.12425486279429698
2009-01-27,11.539,11.725,11.493,11.619,169941977,13.441,13.627,13.346,13.477,6907164,10.98442857142857,11.234047619047619,46.2751078952831,-0.1314568963139262,13.219285714285714,13.551714285714286,36.043656069683166,-0.10493831122277086
2009-01-28,11.801,12.167,11.718,12.063,240218267,13.682,14.026,13.611,13.858,8028968,11.201571428571429,11.285238095238094,54.93812162845579,-0.052387284992603256,13.301714285714286,13.579666666666666,47.528623103769704,-0.05821522026248438
2009-01-29,11.92,12.081,11.858,11.91,164466842,13.737,13.737,13.389,13.45,5708422,11.47242857142857,11.324238095238096,50.480413720934756,-0.0020462814218511483,13.403285714285715,13.587714285714284,41.16285037914073,-0.05349239719943988
2009-01-30,11.861,11.989,11.527,11.543,181673776,13.522,13.522,13.05,13.05,5709061,11.606,11.347714285714286,49.33782790976892,0.008141641961749713,13.359857142857143,13.564761904761905,40.29211771239245,-0.08109141164065115
2009-02-02,11.399,11.782,11.385,11.719,155622254,12.979,13.433,12.945,13.253,5546537,11.663857142857141,11.385238095238094,54.48090089061395,0.030070737012016124,13.388857142857145,13.54342857142857,45.90122183232763,-0.08559672025823062
2009-02-03,11.755,11.96,11.56,11.907,162584114,13.317,13.583,13.149,13.522,7117120,11.748571428571429,11.398809523809524,58.116570131591516,0.06190611647291355,13.429714285714287,13.510476190476192,50.10882691619744,-0.06669236979897519
2009-02-04,11.951,12.327,11.921,11.98,224281427,13.559,13.905,13.486,13.513,6504881,11.820142857142857,11.392523809523809,63.418367120444586,0.09196624435284306,13.446142857142858,13.47904761904762,55.47523406247571,-0.05183919072350207
2009-02-05,11.882,12.452,11.861,12.355,204875865,13.362,13.895,13.327,13.728,10089222,11.925285714285716,11.413619047619047,70.7118138927421,0.14438410814078928,13.482,13.442285714285715,56.91709823916078,-0.022460327450996687
2009-02-06,12.428,12.807,12.42,12.77,188065177,13.83,14.323,13.788,14.198,8624067,12.026285714285715,11.466666666666665,75.7456644946961,0.21691224520381525,13.53057142857143,13.450047619047618,60.80603326625396,0.03830613610952405
2009-02-09,12.807,13.19,12.743,13.127,197915319,14.23,14.35,14.127,14.23,5182034,12.20014285714286,11.52647619047619,87.47893059843364,0.29974298227366347,13.642,13.45447619047619,69.97053282089809,0.08803135814572194
2009-02-10,12.954,13.127,12.427,12.53,233751877,14.181,14.295,13.575,13.654,9926745,12.341142857142858,11.570857142857143,73.12319513384868,0.3135990528295416,13.728285714285715,13.44652380952381,54.06063866896348,0.08003794112968521
2009-02-11,12.347,12.59,12.263,12.397,187137663,13.644,13.804,13.513,13.682,6387379,12.438,11.620571428571427,65.11303351616452,0.31027148357469514,13.78957142857143,13.45161904761905,59.245172372898644,0.0750967974147887
2009-02-12,12.271,12.773,12.271,12.713,225165155,13.559,13.772,13.336,13.746,6508396,12.553142857142857,11.69104761904762,67.94049731952627,0.3293365334909861,13.821571428571428,13.462714285714284,57.73665024019626,0.07547514011776357
2009-02-13,12.692,12.798,12.565,12.699,169016433,13.728,13.959,13.682,13.682,4406195,12.655857142857144,11.775380952380951,66.27534660409421,0.339403606405563,13.845714285714285,13.490238095238096,54.44027493365734,0.06980603380108974
2009-02-17,12.42,12.424,12.074,12.106,184181312,13.336,13.37,13.114,13.114,7016659,12.620285714285714,11.843333333333332,55.796238804773296,0.2961182235733304,13.758000000000001,13.48642857142857,45.077298445597464,0.019258374620775953
2009-02-18,12.185,12.274,11.873,12.085,190124683,13.299,13.336,13.013,13.123,7495309,12.522428571428573,11.916761904761906,50.29115915720586,0.25715539402017384,13.60442857142857,13.47890476190476,38.914026984978456,-0.019846012197085372
2009-02-19,11.951,12.069,11.54,11.606,251460545,13.253,13.253,12.792,12.801,7686475,12.305142857142856,11.992571428571429,46.296296138365456,0.18548758859795633,13.400285714285713,13.481857142857145,39.950448882221664,-0.07594379660199557
2009-02-20,11.461,11.833,11.399,11.679,209116481,12.67,13.013,12.634,12.928,13818228,12.183571428571428,12.043571428571429,51.784776712601875,0.13304714174467414,13.29657142857143,13.46157142857143,47.93640031423897,-0.10889854168730118
2009-02-23,11.732,11.782,11.08,11.134,209811560,12.979,12.996,12.293,12.33,15972334,12.003142857142858,12.035,43.00071773103374,0.046969331341166765,13.103428571428571,13.427285714285714,36.22799149292991,-0.1811804810938824
2009-02-24,11.174,11.641,11.14,11.556,210814219,12.438,12.838,12.358,12.661,9213233,11.837857142857143,12.04652380952381,46.02311338220629,0.012658006023990254,12.948428571428574,13.399904761904763,37.38646336847041,-0.20934233696976356
2009-02-25,11.508,11.9,11.431,11.674,227961051,12.713,13.004,12.457,12.773,20733265,11.691428571428572,12.055809523809524,46.56796755227644,-0.004955231828772,12.81857142857143,13.370142857142856,39.47667788604281,-0.22008632847400378
2009-02-26,11.796,11.9,11.393,11.422,172113392,12.838,13.059,12.626,12.644,7953678,11.593714285714286,12.04642857142857,39.238754198536896,-0.03880087137918409,12.751428571428571,13.33047619047619,34.198250589278274,-0.23628647761864663
2009-02-27,11.271,11.691,11.228,11.438,196215342,12.49,12.81,12.473,12.552,7842910,11.501285714285714,12.016666666666667,33.07926817502293,-0.06359958189441706,12.669857142857143,13.268285714285716,23.034075910066477,-0.2536252101095382
2009-03-02,11.27,11.679,11.228,11.264,212888353,12.394,12.607,12.154,12.249,8262197,11.452428571428571,11.985904761904761,25.17985602117824,-0.09618433136481919,12.591,13.21109523809524,20.192596965785015,-0.28849031151853133
2009-03-03,11.411,11.62,11.256,11.315,201029452,12.33,12.402,12.072,12.135,8374175,11.400428571428572,11.975047619047618,31.057062539819484,-0.1165491996807777,12.477714285714285,13.16752380952381,23.453337878942065,-0.3216126523772189
2009-03-04,11.545,11.88,11.456,11.676,206612596,12.376,12.687,12.302,12.457,7213546,11.477857142857143,11.973,39.50509445325434,-0.102378664034525,12.495857142857144,13.12961904761905,30.586370704212612,-0.3182114931938287
2009-03-05,11.556,11.765,11.326,11.377,196656849,12.302,12.481,12.046,12.072,7822497,11.452285714285713,11.947761904761904,30.456407130956805,-0.11396153594661129,12.411714285714284,13.060571428571428,25.92059828455453,-0.34263267624736926
2009-03-06,11.31,11.32,10.543,10.924,281668441,12.277,12.321,11.709,12.135,26244358,11.345142857142857,11.89747619047619,26.989888416422502,-0.1578744807672301,12.320571428571428,12.99495238095238,27.74100708248227,-0.35283579486484484
2009-03-09,10.764,11.218,10.575,10.642,194747028,11.886,12.154,11.628,11.754,10604449,11.233714285714285,11.815904761904761,29.357021880711144,-0.2129757967290562,12.19342857142857,12.900952380952381,29.31873466835087,-0.3872019328715304
2009-03-10,10.856,11.421,10.803,11.349,235466311,11.866,12.481,11.833,12.429,27865590,11.221,11.748238095238097,41.304347689446864,-0.19732040841733678,12.175857142857142,12.816714285714287,41.22407673820511,-0.35586825828563917
2009-03-11,11.513,12.046,11.472,11.868,236044586,12.616,12.838,12.481,12.706,16006625,11.307285714285713,11.688285714285715,53.06647922684207,-0.1414044157694967,12.241142857142858,12.744142857142858,48.784855287033,-0.3051667382165153
2009-03-12,11.898,12.37,11.782,12.34,214312799,12.773,13.114,12.616,13.069,9099019,11.453714285714286,11.679238095238096,57.07557251144122,-0.05833172163492506,12.374571428571429,12.716285714285716,51.70084421620944,-0.23300837647328088
2009-03-13,12.334,12.446,12.168,12.285,167664420,13.104,13.158,12.891,13.069,7576578,11.540714285714285,11.673904761904762,63.76464939184283,0.0030310070646386578,12.462,12.687095238095239,60.41725377901281,-0.1738186813585152
2009-03-16,12.362,12.471,12.06,12.219,222349209,13.176,13.245,12.909,12.954,5513008,11.661000000000001,11.650380952380951,58.666666451939,0.04580772035273384,12.588,12.649380952380952,54.39807842642657,-0.13463793810496938
2009-03-17,12.195,12.766,12.175,12.762,219600784,12.988,13.433,12.919,13.424,6386327,11.92357142857143,11.653380952380953,62.799999793129416,0.12211645332371646,12.772142857142857,12.637095238095236,58.8235291885255,-0.06491356161737727
2009-03-18,12.79,13.252,12.77,13.0,222004745,13.346,13.83,13.29,13.611,11974049,12.260428571428573,11.69595238095238,68.62606209613669,0.19949661216623937,13.037428571428574,12.660761904761907,62.90365602331166,0.0053709334839258105
2009-03-19,13.057,13.214,12.839,13.014,139491556,13.858,13.905,13.549,13.644,7008629,12.498285714285714,11.740190476190477,68.61124209717583,0.25896543619196244,13.211,12.685571428571428,64.80477198826821,0.06300840476290759
2009-03-20,13.08,13.204,12.88,13.01,194000264,13.636,13.756,13.29,13.37,5923330,12.661428571428571,11.80704761904762,71.48129896635379,0.3022875583067943,13.305857142857144,12.712666666666667,65.31839275363278,0.08559037337449915
2009-03-23,13.148,13.849,13.031,13.79,185846682,13.701,14.165,13.568,14.165,6102176,12.868571428571428,11.907571428571428,75.818902344781,0.3950067416354326,13.462428571428571,12.77157142857143,73.38709653746095,0.16572621347332905
2009-03-24,13.59,14.017,13.497,13.638,178689921,14.035,14.173,13.924,13.933,6726362,13.061857142857141,12.026809523809524,71.400523342145,0.4510231189825351,13.585857142857142,12.847904761904761,67.36470566044565,0.20811496325476853
2009-03-25,13.769,13.874,13.302,13.637,180333974,14.071,14.222,13.636,14.009,10664985,13.26442857142857,12.125904761904762,76.36490875662419,0.489690957428472,13.736571428571429,12.912095238095239,74.57498070437713,0.24501651977008798
2009-03-26,13.822,14.082,13.779,14.069,171794055,14.207,14.412,14.063,14.375,9434303,13.451142857142857,12.23995238095238,86.86987075822319,0.5488672871803768,13.872428571428571,12.988380952380954,76.3901976744904,0.30033236581747325
2009-03-27,13.894,13.897,13.626,13.682,137454186,14.249,14.258,14.035,14.063,7080252,13.548571428571426,12.347571428571428,84.78260842403742,0.5581038157645715,13.937,13.055952380952382,77.65269435038618,0.3153595116857364
2009-03-30,13.332,13.449,13.139,13.379,140166551,13.84,13.84,13.496,13.627,7190788,13.600714285714286,12.440000000000001,75.59253629392448,0.5348093146181174,13.934571428571429,13.107142857142858,65.21849570298299,0.28875844919864235
2009-03-31,13.512,13.763,13.447,13.463,158814361,13.84,14.156,13.795,13.886,5668123,13.665428571428572,12.544714285714287,72.5856694941378,0.5171647987384951,14.008285714285714,13.185095238095238,65.05870318764119,0.28528743500848286
2009-04-01,13.326,13.96,13.305,13.918,164106299,13.728,14.295,13.692,14.277,6820325,13.683714285714286,12.668666666666669,72.45304467434757,0.5337434281919151,14.024285714285714,13.287095238095239,65.30663940337229,0.31050772377678193
2009-04-02,14.09,14.697,14.059,14.435,225918240,14.536,14.961,14.452,14.65,8237115,13.797571428571429,12.800047619047618,77.03722306878241,0.5818920019438316,14.126714285714286,13.39152380952381,68.30284766005096,0.35648364547528644
2009-04-03,14.587,14.873,14.537,14.854,176589216,14.694,14.916,14.617,14.856,16973763,13.971428571428572,12.965619047619047,80.43428017415572,0.6464084970264583,14.247714285714284,13.524095238095237,71.56462562315085,0.4048752234957629
2009-04-06,14.721,15.208,14.507,15.169,183127138,14.713,14.785,14.452,14.703,17240438,14.12857142857143,13.167761904761907,79.34650058257719,0.7147173350880429,14.294571428571428,13.646380952380953,65.62423627687777,0.4259697621329366
2009-04-07,14.91,14.941,14.622,14.728,149361805,14.528,14.58,14.286,14.295,7068788,14.278,13.362333333333332,70.07434921444217,0.7249112414315864,14.327714285714285,13.76738095238095,57.927677141634796,0.4050954575081249
2009-04-08,14.758,14.955,14.675,14.896,126895071,14.528,14.685,14.412,14.509,6002565,14.494714285714284,13.531238095238095,71.10812000997899,0.7380385328240315,14.453714285714286,13.866428571428571,59.62180181652832,0.4011956979586788
2009-04-09,15.169,15.369,15.106,15.312,147799978,14.856,15.052,14.777,14.874,16991640,14.758857142857142,13.695238095238096,73.63449670823758,0.7730979373870692,14.594857142857142,13.969666666666667,66.39773202582465,0.42268510916115076
2009-04-13,15.369,15.492,15.24,15.397,108481314,14.916,15.016,14.749,14.874,6497462,14.970142857142857,13.840809523809522,69.24550874983542,0.7985365257212198,14.680142857142858,14.055619047619045,59.35109447878786,0.4347046181185146
2009-04-14,15.309,15.391,15.016,15.151,126616397,14.847,14.864,14.634,14.713,6113029,15.07242857142857,13.977285714285715,67.72077747760812,0.7897429806756566,14.689142857142857,14.133904761904763,60.483870740114455,0.42632440869059884
2009-04-15,14.983,15.144,14.824,15.065,115071612,14.598,14.703,14.462,14.667,6381606,15.102571428571427,14.112809523809522,66.39871361286585,0.7669931322134538,14.662142857142857,14.21547619047619,58.9159889363621,0.41123080405401957
2009-04-16,15.265,15.773,15.213,15.554,165149905,14.864,15.176,14.749,15.105,16621070,15.157571428571428,14.245761904761903,66.83291749361575,0.7794370613987542,14.71957142857143,14.29552380952381,59.70228579589793,0.429659110346682
2009-04-17,15.5,15.912,15.401,15.807,138694239,15.112,15.158,14.926,15.077,10102874,15.311714285714286,14.37942857142857,74.84217885251564,0.800486441114888,14.831285714285714,14.365333333333332,64.57734304080424,0.43696722370592767
2009-04-20,15.596,15.751,15.259,15.431,130056791,14.839,14.847,14.563,14.598,6046625,15.388142857142856,14.494523809523809,73.58620665972252,0.7778614657800649,14.844,14.410761904761904,63.78869613943716,0.3995024438739314
2009-04-21,15.233,15.64,15.187,15.596,130890809,14.545,14.874,14.5,14.847,8221510,15.428714285714287,14.617666666666667,74.06905866915665,0.7644332205373381,14.840142857142856,14.48109523809524,63.68555941566567,0.3854602096024369
2009-04-22,15.701,16.052,15.521,15.562,257317120,14.794,15.21,14.758,14.916,10261630,15.452285714285713,14.702047619047619,70.49875287107665,0.7424887751701057,14.846142857142857,14.516857142857143,60.01881441195881,0.3755700236677626
2009-04-23,16.219,16.29,15.816,16.059,263002275,15.026,15.044,14.676,14.988,7672864,15.582000000000003,14.817333333333336,70.35087694613725,0.7564811467465464,14.885428571428573,14.567095238095238,55.85180028326688,0.3692848919677427
2009-04-24,15.945,16.024,15.749,15.866,150644934,15.112,15.334,14.988,15.201,5844327,15.696428571428571,14.923476190476192,63.44314535382462,0.7434269518648797,14.961714285714285,14.623857142857142,55.958548952186646,0.377143721639035
2009-04-27,15.735,16.006,15.71,15.974,133998857,15.086,15.353,15.061,15.131,4920651,15.756428571428572,15.014190476190477,61.31571524924933,0.7333425889021488,14.965428571428571,14.659857142857142,57.61024153394617,0.3734189446391767
2009-04-28,15.794,16.164,15.785,15.866,126864351,15.052,15.239,14.935,15.122,7959089,15.764857142857142,15.118190476190474,67.64888308092912,0.7084691696133767,14.971857142857143,14.710285714285714,67.13634440948658,0.3655272367943958
2009-04-29,15.988,16.244,15.857,16.024,127674324,15.239,15.513,15.167,15.29,6214355,15.849571428571428,15.244142857142855,67.54822621478677,0.693511713821735,15.070714285714287,14.78947619047619,66.49767599029677,0.3685804316533918
2009-04-30,16.185,16.264,15.997,16.112,138856146,15.54,15.71,15.282,15.334,14301486,15.923285714285713,15.370285714285714,63.860013550228565,0.6809095850525377,15.140285714285714,14.85842857142857,61.241446306265736,0.3702821605981512
2009-05-01,16.112,16.386,16.109,16.295,110839216,15.387,15.54,15.21,15.54,3949467,16.028,15.48347619047619,65.04691658490049,0.6778747595490078,15.229428571428572,14.918571428571427,64.78685572512609,0.38382873272754203
2009-05-04,16.417,16.936,16.351,16.913,170001745,15.647,15.852,15.557,15.824,5122888,16.150000000000002,15.601476190476191,76.25148955079825,0.7170711240741738,15.348857142857142,14.97447619047619,73.38947325159891,0.4127232979830193
2009-05-05,16.873,17.014,16.791,16.993,111002870,15.736,15.779,15.601,15.727,5111348,16.311,15.703333333333335,78.77611907377137,0.7459905421599942,15.424000000000001,15.015952380952383,71.84666075603742,0.4229201989896403
2009-05-06,17.095,17.097,16.677,16.967,132025508,15.905,15.905,15.574,15.815,8153795,16.452857142857145,15.78895238095238,74.47176964232595,0.7580728151086031,15.521714285714285,15.068904761904761,67.10019222572123,0.43310956360748065
2009-05-07,16.916,16.955,16.379,16.529,147928018,15.852,15.897,15.14,15.21,20614485,16.547571428571427,15.874714285714287,61.75130180191462,0.7239598059930259,15.534285714285714,15.112476190476192,52.506596028988966,0.3878948542498648
2009-05-08,16.532,16.805,16.171,16.544,130488888,15.406,15.443,15.061,15.192,7719826,16.621857142857145,15.953190476190477,70.52748027023802,0.6901794164467159,15.520285714285714,15.145000000000001,63.54926966711233,0.34661387279589206
2009-05-11,16.3,16.769,16.278,16.592,112808484,15.052,15.397,15.026,15.239,6407002,16.690428571428573,16.014142857142858,69.19814920247718,0.6596770666147442,15.506714285714285,15.162380952380952,59.84924581010584,0.3140704956134819
2009-05-12,16.61,16.61,15.784,15.935,169302193,15.343,15.371,15.077,15.158,6527451,16.639,16.039761904761903,55.79732645907289,0.5758512704032022,15.452142857142857,15.175904761904762,56.043955652040246,0.278532858269843
2009-05-13,15.77,15.88,15.286,15.301,165438241,15.069,15.105,14.777,14.777,14859518,16.408714285714286,16.046904761904763,38.70005946875345,0.4530378828254591,15.302571428571428,15.17895238095238,45.43487640151957,0.21712265398899078
2009-05-14,15.338,15.819,15.329,15.746,124307466,14.882,15.112,14.839,14.935,7595652,16.23057142857143,16.079333333333334,48.33610630152373,0.3871523183947456,15.18942857142857,15.191714285714287,44.10460965537921,0.17913890244143715
2009-05-15,15.641,15.961,15.576,15.676,102253291,15.069,15.167,14.935,14.935,7894520,16.046142857142858,16.08514285714286,45.82399085158748,0.3255365363661813,15.063714285714285,15.183619047619047,45.516925600532055,0.1473380839646783
2009-05-18,15.858,16.226,15.57,16.219,127559713,15.112,15.343,15.026,15.343,4882101,16.001857142857144,16.104761904761904,54.409192914881686,0.31686848450487126,15.082714285714287,15.196285714285715,54.27466121476005,0.1532908548565075
2009-05-19,16.243,16.559,16.103,16.322,103622672,15.275,15.557,15.248,15.434,8008317,15.970142857142857,16.147190476190477,53.774062625927826,0.3146827631376947,15.117285714285714,15.236095238095237,52.870813101997065,0.16346706162524782
2009-05-20,16.363,16.547,16.045,16.118,108188460,15.54,15.611,15.257,15.275,9786982,15.902428571428572,16.172047619047618,50.07381872513941,0.2931106707487352,15.122428571428571,15.256476190476192,48.875333326628045,0.1568932400152825
2009-05-21,16.006,16.235,15.739,15.903,113614655,15.158,15.21,14.864,15.007,7259362,15.897857142857145,16.188285714285715,45.214843595457054,0.25571816906794,15.100857142857143,15.260809523809526,40.07448768676247,0.12857593544889667
2009-05-22,15.89,15.903,15.594,15.687,83099873,15.069,15.148,14.847,15.061,6113146,15.953000000000001,16.170571428571428,33.40552234226381,0.20627711311782448,15.141428571428573,15.264285714285714,34.46028493586803,0.10923245254988956
2009-05-26,15.987,16.755,15.952,16.748,176495854,14.9,15.488,14.847,15.452,6460333,16.09614285714286,16.21257142857143,47.37967900249938,0.24982868337778896,15.215285714285715,15.276238095238094,44.998180927619295,0.12402337104724914
2009-05-27,16.875,17.285,16.763,17.037,180237132,15.46,15.647,15.29,15.3,8677961,16.29057142857143,16.263190476190477,50.70878883962677,0.30415736454012254,15.267428571428571,15.284285714285712,40.846071606169595,0.12207296963011238
2009-05-28,17.097,17.34,16.909,17.297,135575655,15.488,15.592,15.21,15.521,6949135,16.44457142857143,16.331333333333333,58.06722671997035,0.3639971305272489,15.292857142857143,15.303285714285716,56.40181111995662,0.13678336202830899
2009-05-29,17.342,17.403,17.142,17.391,127185699,15.566,15.717,15.416,15.692,6070768,16.597285714285714,16.396428571428572,58.75180805486146,0.4142305981179888,15.329714285714285,15.322428571428572,59.68241640760889,0.16039083912628982
2009-06-01,17.462,17.926,17.417,17.848,125687897,15.905,16.18,15.852,16.136,8927979,16.844428571428573,16.479095238095237,61.96646324932728,0.4853225673344639,15.452714285714285,15.360619047619046,65.05538740826603,0.21247771332981813
2009-06-02,17.8,18.104,17.715,17.866,126436357,16.028,16.27,15.977,16.099,7729910,17.12485714285714,16.55390476190476,70.94814471831762,0.5369265595429873,15.608714285714285,15.387238095238095,66.03066408026262,0.24791355251116087
2009-06-03,17.938,18.074,17.81,18.051,156896778,16.047,16.047,15.806,15.923,6460916,17.46257142857143,16.60809523809524,83.05288433587971,0.5859960513354991,15.731857142857141,15.39195238095238,70.98901062496482,0.2588115626673577
2009-06-04,17.94,18.464,17.932,18.407,152417259,16.037,16.188,16.01,16.144,10541754,17.699571428571428,16.67542857142857,82.68238733540815,0.6461616525822187,15.830714285714285,15.411809523809522,71.64339384067043,0.2820300998248637
2009-06-05,18.635,18.748,18.341,18.526,176213719,16.296,16.365,16.136,16.305,10859130,17.912285714285712,16.749666666666666,84.58737835334387,0.6954291560936703,15.974285714285713,15.435142857142855,73.18889606477845,0.3098505480271836
2009-06-08,18.428,18.471,17.858,18.421,259379840,16.144,16.296,15.931,16.207,7557693,18.072857142857142,16.839761904761904,79.90222674670525,0.7177278650431695,16.072285714285716,15.482619047619048,66.33888013285015,0.3202984712851009
2009-06-09,18.416,18.512,17.997,18.28,188369794,16.314,16.402,16.171,16.279,6875829,18.199857142857145,16.922428571428572,76.31720401386002,0.7157712653307478,16.156142857142857,15.534380952380952,66.0952377427302,0.3305776308599935
2009-06-10,18.182,18.228,17.709,17.958,191809218,16.375,16.429,16.092,16.324,6017861,18.215571428571426,16.98747619047619,73.9708178646192,0.6803947696548533,16.183,15.58604761904762,70.8880919982345,0.3384535806026019
2009-06-11,17.882,18.128,17.742,17.922,146172301,16.333,16.563,16.279,16.384,6937746,18.22357142857143,17.082095238095242,77.58950503245337,0.6420525605679863,16.223714285714287,15.644428571428572,79.89578761678642,0.3455535004225645
2009-06-12,17.783,17.814,17.423,17.54,156683309,16.341,16.392,16.171,16.341,6417820,18.15057142857143,17.188714285714283,74.22222195055917,0.5742225954934561,16.283428571428573,15.718904761904763,77.92321069331382,0.34374798460718026
2009-06-15,17.414,17.535,17.273,17.428,150459127,16.214,16.296,16.01,16.171,7620430,18.010714285714283,17.268809523809523,61.821974664288035,0.5056011402869913,16.287285714285712,15.777761904761906,67.35876342683599,0.3248547971779505
2009-06-16,17.496,17.73,17.43,17.459,142500382,16.214,16.251,15.931,15.967,7649738,17.858285714285714,17.353714285714286,58.059587160873114,0.4485489900222426,16.239,15.826904761904762,65.70890206315377,0.29007688911028673
2009-06-17,17.507,17.604,17.226,17.363,159098967,16.01,16.18,15.897,16.056,8685014,17.707142857142856,17.408190476190477,51.34474298336331,0.39108022283450694,16.217428571428574,15.860857142857142,63.43545912200082,0.26662323590501735
2009-06-18,17.417,17.673,17.364,17.4,118664677,16.056,16.118,15.948,15.984,7616695,17.58142857142857,17.459523809523812,50.18773437520723,0.3445496477120997,16.175285714285714,15.887047619047621,57.71670147566924,0.23946583540624644
2009-06-19,17.681,17.868,17.531,17.865,200782896,16.056,16.153,15.967,16.109,12877528,17.568142857142856,17.542714285714286,50.35343006031266,0.3412615942946893,16.144571428571428,15.926761904761904,49.14176688621449,0.22543122435557095
2009-06-22,18.007,18.128,17.457,17.592,176560169,15.958,16.0,15.656,15.71,8641473,17.520999999999997,17.62314285714286,44.8496238240997,0.3130186852719916,16.04828571428572,15.960238095238097,39.948320124404944,0.1800373698360307
2009-06-23,17.461,17.538,17.017,17.16,196616724,15.736,15.771,15.583,15.717,6502351,17.466714285714286,17.693285714285715,34.67492243362612,0.25286234703173704,15.95914285714286,15.991476190476192,44.16761006888646,0.14297908074139443
2009-06-24,17.346,17.611,17.268,17.443,135042807,15.86,16.065,15.815,15.94,7515811,17.468857142857143,17.726380952380953,32.99223695769537,0.22542518918502452,15.926142857142858,16.014714285714287,44.23076888052563,0.13010459121435503
2009-06-25,17.391,17.951,17.317,17.911,164035027,15.86,16.223,15.779,16.171,9778546,17.533428571428573,17.768,40.33930236734207,0.23869322575315266,15.955285714285713,16.056190476190476,46.3547330527931,0.13696241746850646
2009-06-26,17.897,18.384,17.897,18.241,122261905,16.118,16.223,16.075,16.144,10073175,17.65885714285714,17.81295238095238,47.35915473502695,0.27269304670250705,15.967857142857143,16.085857142857144,48.217317105239076,0.13862068684177764
2009-06-29,18.37,18.435,18.126,18.179,158245731,16.18,16.365,16.153,16.314,5997018,17.770142857142854,17.85047619047619,48.483027732423395,0.29127760104513456,16.015,16.11547619047619,50.93833741922964,0.15190143137249557
2009-06-30,18.271,18.414,18.157,18.24,121020836,16.348,16.384,16.075,16.188,8716321,17.823714285714285,17.869142857142858,54.59582765177916,0.30738484332445637,16.026285714285713,16.11795238095238,46.505652286187434,0.15052422060456827
2009-07-01,18.379,18.526,18.251,18.292,115459047,16.296,16.42,16.223,16.26,12413407,17.923714285714286,17.88942857142857,55.99870272892939,0.32064966455954647,16.104857142857142,16.12561904761905,46.83350324020993,0.1534734233293591
2009-07-02,18.1,18.292,17.902,17.93,103058843,16.099,16.109,15.852,15.852,10431627,18.033714285714286,17.883666666666663,56.36422950747416,0.2985107106604339,16.124142857142857,16.122238095238096,39.47481680901964,0.12148805881653857
2009-07-06,17.761,17.8,17.447,17.749,138825367,15.779,15.897,15.674,15.806,6594146,18.077428571428573,17.852333333333334,55.12288516702186,0.26332479850972845,16.105,16.10614285714286,41.70077281318292,0.0913743053228302
2009-07-07,17.732,17.889,17.313,17.342,128453557,15.832,15.869,15.416,15.416,5051927,17.996142857142857,17.79595238095238,48.332858171370745,0.200289399548236,15.997142857142858,16.063809523809525,38.448637090867585,0.03562849497507692
2009-07-08,17.406,17.677,17.213,17.573,160314544,15.478,15.513,15.248,15.425,9685821,17.900714285714287,17.75557142857143,52.881448754022976,0.16704754110777031,15.894428571428572,16.02657142857143,36.31236420461043,-0.007735071479430644
2009-07-09,17.649,17.671,17.407,17.461,95613983,15.504,15.601,15.443,15.521,15782879,17.798142857142857,17.716571428571427,50.820112742274375,0.1301652014053225,15.781142857142857,15.99047619047619,40.06011139508741,-0.03396310706083305
2009-07-10,17.468,17.797,17.456,17.737,123875873,15.469,15.62,15.406,15.583,11279522,17.726285714285716,17.70604761904762,48.186968647417125,0.12180251130904551,15.694714285714285,15.955190476190477,38.39364495255471,-0.04917922488602322
2009-07-13,17.869,18.228,17.615,18.228,134454415,15.566,15.878,15.387,15.878,9265146,17.717142857142857,17.720619047619046,58.48452486158396,0.1530305744950482,15.640142857142857,15.931095238095239,53.88529104792131,-0.03700747418056238
2009-07-14,18.193,18.336,18.081,18.219,96688569,15.852,15.905,15.736,15.897,7822183,17.75842857142857,17.752952380952383,65.92481175249699,0.17503511887730028,15.646571428571429,15.90995238095238,54.139834057977126,-0.025533795147161698
2009-07-15,18.552,18.826,18.481,18.81,134892203,16.171,16.5,16.136,16.491,9343215,17.91,17.818761904761907,68.81365236350359,0.23742574346308132,15.744428571428571,15.925190476190474,60.82514701314258,0.03113115332797811
2009-07-16,18.681,18.955,18.642,18.89,109475298,16.446,16.749,16.392,16.73,9579978,18.13114285714286,17.886904761904763,65.08474548191475,0.28998334684552773,15.932142857142859,15.96152380952381,60.94790409194255,0.09423752431758281
2009-07-17,19.103,19.466,19.037,19.433,167694654,16.73,16.892,16.661,16.892,20750827,18.39685714285714,17.98547619047619,67.23539591055646,0.37117254212413187,16.141714285714286,16.00133333333333,63.91369014330666,0.15552898279299754
2009-07-20,19.611,19.855,19.323,19.584,204041432,16.981,17.061,16.892,17.044,23287682,18.700142857142858,18.089476190476187,69.8054691352476,0.44259800803045835,16.359285714285715,16.051809523809524,63.67041165116636,0.21390230230743512
2009-07-21,19.648,19.648,19.176,19.402,237744145,17.105,17.139,16.915,17.139,17791067,18.938,18.162666666666667,65.839694405192,0.4789957604296511,16.58157142857143,16.100857142857144,68.01818834700467,0.26477709905170954
2009-07-22,20.171,20.328,19.991,20.072,243625531,17.131,17.292,17.098,17.238,8168883,19.201428571428572,18.280761904761903,70.76528208336114,0.5555011703101655,16.775857142857145,16.173619047619045,68.34208516249464,0.30951630334934066
2009-07-23,20.042,20.29,19.92,20.211,146542134,17.229,17.663,17.193,17.577,15089367,19.485999999999997,18.42604761904762,78.0703910674414,0.6201991276774024,17.015857142857143,16.262190476190476,83.21139731807489,0.3680838702110236
2009-07-24,20.098,20.489,20.041,20.489,122251087,17.336,17.495,17.21,17.468,12045509,19.72585714285714,18.57109523809524,82.9326920285919,0.6859972523648104,17.15542857142857,16.33495238095238,81.24060107617728,0.40108029586948035
2009-07-27,20.489,20.603,20.14,20.503,120531469,17.495,17.495,17.275,17.468,6458539,19.956285714285713,18.694523809523808,91.95646368797702,0.7308476662667438,17.26085714285714,16.396714285714285,95.19823729833679,0.42236148069169843
2009-07-28,20.358,20.503,20.182,20.489,101259881,17.345,17.531,17.238,17.505,6622498,20.107142857142858,18.801571428571428,91.0704221760603,0.756541321987438,17.34842857142857,16.46152380952381,95.25674441532003,0.43717310434794854
2009-07-29,20.35,20.55,20.265,20.493,106532023,17.414,17.487,17.292,17.487,6668535,20.237,18.911761904761903,94.04415998936139,0.7683692138257321,17.411714285714286,16.51738095238095,94.27927868472517,0.44235972568150217
2009-07-30,20.708,21.092,20.682,20.849,130613874,17.663,17.834,17.54,17.577,12916427,20.443714285714286,19.035999999999998,94.17944312364791,0.7972785967323652,17.474285714285713,16.58352380952381,94.3505332202368,0.44856166859888447
2009-07-31,20.874,21.13,20.861,20.924,117828265,17.586,17.682,17.487,17.513,7574460,20.565428571428573,19.16133333333333,93.39987079600836,0.8168255081636886,17.513571428571428,16.643190476190476,90.53049019958996,0.4432035136925734
2009-08-03,21.148,21.339,21.114,21.314,109642291,17.736,17.755,17.586,17.755,8797592,20.723000000000003,19.32247619047619,94.37912207590837,0.8539425982234015,17.538999999999998,16.733809523809526,91.4732137140066,0.4532596200914156
2009-08-04,21.134,21.204,21.03,21.201,110197725,17.645,17.726,17.613,17.699,6550649,20.824714285714286,19.486857142857144,89.73080715977697,0.8642771548431405,17.572,16.82395238095238,85.48766087142937,0.4515057476678166
2009-08-05,21.257,21.438,21.03,21.144,117799553,17.781,17.781,17.468,17.54,5638367,20.916285714285717,19.66790476190476,87.74279932069686,0.8579777088347491,17.582285714285714,16.925095238095235,74.96917321234983,0.43230250576707263
2009-08-06,21.201,21.321,20.884,20.991,95198560,17.594,17.63,17.354,17.414,11482628,20.988,19.830666666666666,80.00770372877204,0.8310595934853282,17.569285714285716,17.019809523809524,66.45649373871952,0.40227942444008136
2009-08-07,21.104,21.334,21.104,21.195,107914153,17.663,17.699,17.513,17.594,13207288,21.088285714285714,20.00847619047619,80.40770059429683,0.8167726416476313,17.58457142857143,17.11852380952381,67.03841329706458,0.38853166072873435
2009-08-10,21.181,21.334,20.959,21.092,83680714,17.505,17.567,17.373,17.513,14019674,21.122999999999998,20.168238095238095,82.87937698042359,0.7880546863144176,17.57542857142857,17.210428571428572,61.68749946023444,0.366871371089033
2009-08-11,20.952,21.05,20.73,20.852,98995451,17.432,17.45,17.256,17.265,5423762,21.112714285714283,20.293190476190475,68.22429861909339,0.737428884428688,17.54,17.276476190476192,50.77186923338701,0.32593671258397805
2009-08-12,20.808,21.348,20.804,21.171,123799117,17.292,17.736,17.265,17.613,6004925,21.092285714285715,20.433761904761905,70.68965474583831,0.7148083401087746,17.519714285714286,17.35819047619048,51.02389037864928,0.3179117042101147
2009-08-13,21.338,21.598,21.319,21.566,122622508,17.673,17.726,17.513,17.69,6834374,21.14442857142857,20.565,72.0968399633337,0.7204496989452096,17.518428571428572,17.415285714285716,56.43105400345615,0.31414382922534756
2009-08-14,21.492,21.544,21.198,21.357,85240018,17.673,17.699,17.398,17.523,3887369,21.174857142857142,20.68247619047619,66.223403903067,0.699986949327652,17.516,17.45304761904762,51.452720168865234,0.29428986643984345
2009-08-17,20.951,20.951,20.416,20.436,145880412,17.248,17.292,17.07,17.105,5693515,21.09557142857143,20.730238095238093,49.25120070937642,0.6025077358172872,17.471857142857143,17.463190476190476,41.20492498818432,0.2420363073749634
2009-08-18,20.714,21.034,20.671,21.002,118441894,17.184,17.373,17.157,17.364,4180806,21.068,20.797761904761906,56.20580327069465,0.5644199447670886,17.439,17.47842857142857,47.55467170347305,0.21899962939108164
2009-08-19,20.839,21.169,20.803,21.078,114933050,17.131,17.478,17.105,17.407,6434423,21.066,20.87757142857143,52.996597555102746,0.5342096247731511,17.42385714285714,17.49119047619048,46.555915457138205,0.2018854272169186
2009-08-20,21.115,21.349,21.079,21.3,95255093,17.423,17.63,17.373,17.604,4399455,21.13,20.93604761904762,54.73790303267879,0.5221621133844749,17.472285714285714,17.50861904761905,51.749326903310006,0.2018912753458011
2009-08-21,21.492,21.692,21.36,21.674,115811581,17.708,17.887,17.604,17.859,7461734,21.201857142857143,21.005714285714287,54.55465567718491,0.5366073724003613,17.507428571428573,17.52204761904762,51.989288168381826,0.21993698228044423
2009-08-24,21.771,21.861,21.548,21.651,113303873,17.913,18.02,17.807,17.807,4770208,21.214,21.061047619047617,55.82599669042881,0.5399749414595263,17.52414285714286,17.538190476190476,52.068965237944184,0.2274208041548178
2009-08-25,21.699,21.891,21.661,21.695,90300371,17.904,18.02,17.842,17.851,5189383,21.262285714285714,21.117809523809523,57.15770309165816,0.5399697611901004,17.571,17.556428571428572,56.23246461432684,0.2342024787953676
2009-08-26,21.636,21.711,21.354,21.441,84584279,17.842,17.986,17.817,17.931,6394509,21.40585714285714,21.163142857142855,55.6962023342413,0.513550092760326,17.689,17.576714285714285,60.55532835942233,0.24322854891208934
2009-08-27,21.589,21.714,21.108,21.702,124932801,17.887,17.977,17.663,17.968,10589992,21.505857142857142,21.220714285714287,56.32642855288996,0.5078190124491293,17.77528571428571,17.59961904761905,58.109279785980036,0.25047998790482495
2009-08-28,22.033,22.09,21.58,21.776,126455321,18.191,18.285,17.904,18.028,12427952,21.60557142857143,21.264857142857142,58.59728486164859,0.5034448724623033,17.864,17.62109523809524,61.26914623292417,0.2580931667406752
2009-08-31,21.524,21.623,21.319,21.542,86708769,17.826,17.851,17.708,17.798,11051766,21.640142857142855,21.294285714285714,58.68580039738139,0.4756139095385805,17.891714285714286,17.634666666666664,61.75562379153995,0.242769096976847
2009-09-01,21.515,21.771,21.122,21.169,130624266,17.726,17.994,17.414,17.432,15353982,21.568000000000005,21.287380952380953,49.97516127678783,0.4186339367688454,17.830714285714286,17.619285714285713,46.03938702645451,0.19879987882026384
2009-09-02,21.066,21.467,21.018,21.152,101504685,17.407,17.549,17.364,17.468,5565785,21.496714285714287,21.285047619047617,44.32565772462744,0.3678646254903448,17.782285714285713,17.608285714285714,45.05347565474658,0.16495733036344973
2009-09-03,21.322,21.399,21.13,21.326,81937776,17.567,17.567,17.345,17.549,6004766,21.444,21.293714285714287,49.57099344201665,0.33777625197595995,17.73914285714286,17.608714285714285,50.60240931027166,0.14302419604129213
2009-09-04,21.413,21.86,21.398,21.809,104123044,17.549,17.859,17.523,17.859,11535064,21.49657142857143,21.332666666666665,71.62204692828075,0.34888335247635993,17.72885714285714,17.62990476190476,68.39024343538367,0.14893955580551577
2009-09-08,22.081,22.171,22.027,22.146,87605228,17.95,17.994,17.851,17.994,3514685,21.560000000000002,21.377952380952383,69.41615717181733,0.38049280896554905,17.732571428571426,17.64895238095238,66.35513970458354,0.1626460108252843
2009-09-09,22.12,22.343,21.731,21.919,226094802,17.959,18.172,17.921,18.127,7938781,21.580428571428573,21.417333333333332,63.57765550852853,0.38281369015832567,17.746714285714287,17.678190476190476,67.85714238591262,0.1821408572273775
2009-09-10,22.03,22.187,21.874,22.1,136781932,18.136,18.377,18.081,18.377,17690978,21.66014285714286,21.476761904761904,63.08900494658179,0.39470824163234397,17.829428571428572,17.731142857142856,68.68052152656963,0.21528193794437556
2009-09-11,22.15,22.177,21.882,22.046,97171761,18.369,18.429,18.235,18.395,13230050,21.78542857142857,21.518428571428572,56.79824532340077,0.39522154274011,17.967,17.76838095238095,64.62882046681023,0.24022971414208527
2009-09-14,21.88,22.269,21.802,22.246,89671831,18.235,18.377,18.225,18.331,5089105,21.941714285714287,21.550809523809523,60.21283870821152,0.40707416847707734,18.090285714285717,17.798904761904762,64.20824246262724,0.25193261897912933
2009-09-15,22.287,22.494,22.23,22.432,115716905,18.386,18.509,18.313,18.457,5143332,22.09971428571429,21.602,62.06219284161348,0.4265589986872129,18.22,17.843380952380954,65.73208674961103,0.2682818165696439
2009-09-16,22.795,23.404,22.779,23.289,209360761,18.535,18.66,18.411,18.599,12191668,22.311142857142862,21.737857142857145,75.2597044686616,0.5053284924565524,18.325714285714287,17.914523809523807,66.80080435854563,0.2893613096497383
2009-09-17,23.304,23.92,23.301,23.634,225547841,18.544,18.66,18.474,18.527,6441315,22.523714285714284,21.863190476190475,75.8150718702803,0.5888051215640822,18.401857142857143,17.96990476190476,63.81611423953261,0.29683542748001557
2009-09-18,23.807,23.889,23.66,23.693,167689392,18.535,18.607,18.429,18.571,7367043,22.777142857142856,21.987714285714283,75.71773515963287,0.6522035617872,18.465285714285717,18.025333333333332,63.52765277060936,0.3028184493985506
2009-09-21,23.621,23.713,23.257,23.567,121920175,18.447,18.571,18.377,18.491,6757892,22.98671428571428,22.095666666666666,77.9773415054758,0.6843909031382189,18.48157142857143,18.067571428571426,68.65912710757794,0.29767331330169355
2009-09-22,23.704,23.74,23.417,23.625,99456536,18.635,18.643,18.482,18.59,6401871,23.212285714285713,22.18857142857143,87.16706984856562,0.7064363597165055,18.509428571428572,18.10238095238095,86.41509357873498,0.2981473711938811
2009-09-23,23.736,24.19,23.694,23.755,165055181,18.669,18.884,18.527,18.59,7340638,23.427857142857142,22.288761904761902,88.08896656914081,0.7260282546457439,18.54642857142857,18.139666666666667,86.1003853247069,0.2951210932325594
2009-09-24,23.981,24.039,23.407,23.54,153114007,18.669,18.696,18.34,18.411,6278789,23.586142857142857,22.376619047619048,82.01272378595189,0.715953206460437,18.53985714285714,18.166333333333334,76.089587732897,0.27510767211491327
2009-09-25,23.324,23.755,23.234,23.357,124114601,18.35,18.474,18.268,18.295,10373963,23.59585714285714,22.467857142857145,74.50918269691932,0.6853023486917706,18.49642857142857,18.183666666666667,64.95198840238147,0.2470389499046206
2009-09-28,23.541,23.907,23.477,23.839,94029276,18.402,18.739,18.402,18.599,5695013,23.62514285714286,22.56961904761905,75.62821645207532,0.6919285729619986,18.506714285714285,18.213714285714286,68.59250094634606,0.24648323934208705
2009-09-29,23.905,23.998,23.603,23.74,96179740,18.599,18.687,18.465,18.499,12494936,23.631857142857143,22.663142857142855,78.67716500740771,0.6813373974134649,18.49642857142857,18.23614285714286,61.66875730027439,0.2352617197920459
2009-09-30,23.824,23.877,23.389,23.736,150370039,18.544,18.66,18.268,18.553,16769239,23.656,22.767619047619046,77.28485621014407,0.6649558507881075,18.505285714285716,18.27209523809524,56.29470616013891,0.22809657803868433
2009-10-01,23.753,23.849,23.141,23.161,146027646,18.465,18.465,18.004,18.004,18225064,23.589714285714283,22.86247619047619,65.84256864967438,0.5986745153888862,18.42157142857143,18.299333333333333,39.865214848049305,0.17608859999216264
2009-10-02,23.227,23.813,23.225,23.679,154140665,17.859,18.1,17.859,18.004,8048251,23.578857142857142,22.982809523809525,68.6734425432817,0.5812441299292246,18.337857142857143,18.324857142857145,41.23324365830278,0.1333349009529563
2009-10-05,23.846,23.929,23.597,23.822,117824527,18.047,18.191,17.921,18.154,6997979,23.619142857142858,23.101666666666667,68.3183972175916,0.5723713877038037,18.301142857142857,18.35366666666667,41.979883225135836,0.11028473901679092
2009-10-06,24.042,24.335,23.984,24.335,168409190,18.243,18.499,18.225,18.482,9276240,23.758857142857142,23.22195238095238,65.15942002544004,0.5998201351032151,18.32785714285714,18.383333333333333,47.18072257323848,0.11713393135720906
2009-10-07,24.31,24.403,24.207,24.362,129589592,18.438,18.499,18.359,18.447,5839222,23.833571428571425,23.32747619047619,61.621966518931174,0.6166438530360487,18.306142857142856,18.40490476190476,48.03729113222661,0.11837322528366911
2009-10-08,24.435,24.517,24.188,24.238,121959746,18.599,18.652,18.457,18.561,5623357,23.90471428571428,23.437904761904765,58.523615633615684,0.612905810356235,18.314999999999998,18.42557142857143,49.76280801865304,0.12708921653335992
2009-10-09,24.19,24.421,24.155,24.392,81700686,18.491,18.687,18.465,18.687,10362932,23.998428571428573,23.547047619047618,62.79069740183886,0.6152773631244024,18.334142857142858,18.440333333333335,54.549674668665105,0.1425209564978367
2009-10-12,24.456,24.526,24.285,24.436,80314974,18.758,18.802,18.599,18.696,4497980,24.180571428571426,23.660857142857143,62.628464379695295,0.6136336809555942,18.433,18.454666666666668,52.567829100799656,0.15370512933042946
2009-10-13,24.406,24.482,24.294,24.336,96434231,18.705,18.81,18.626,18.767,5408164,24.27442857142857,23.76038095238095,59.13234805788971,0.5973757113822487,18.542,18.47542857142857,54.14519870818137,0.16637985016131296
2009-10-14,24.614,24.629,24.359,24.497,104675281,19.034,19.034,18.884,18.989,10327341,24.37085714285714,23.858714285714285,65.30220629541708,0.5906735903617388,18.661285714285714,18.500761904761905,63.26905377145694,0.19212352203552285
2009-10-15,24.28,24.449,24.272,24.403,103995553,18.902,18.961,18.82,18.953,6435731,24.380571428571432,23.911761904761903,67.21527289630882,0.5711927423785816,18.728571428571428,18.517619047619046,65.68160108696732,0.20723182880836077
2009-10-16,24.235,24.378,24.056,24.083,119451697,18.875,18.884,18.669,18.777,8116401,24.340714285714288,23.933142857142858,54.24200251759804,0.5238935852136741,18.775714285714287,18.52952380952381,54.517766110026045,0.2026673189715993
2009-10-19,24.056,24.333,23.762,24.314,252962555,18.829,18.989,18.758,18.98,10305996,24.351571428571425,23.962714285714288,59.5412231271353,0.4992928941561168,18.835571428571427,18.549,61.6015432405106,0.21297526916819365
2009-10-20,25.672,25.836,25.336,25.453,315927685,19.106,19.115,18.829,18.918,7969234,24.503142857142855,24.05252380952381,70.72169901276759,0.5651892998043948,18.868571428571432,18.569333333333333,58.76982180548891,0.2136783609841224
2009-10-21,25.564,26.73,25.513,26.244,332235445,18.926,19.229,18.875,18.926,10189386,24.761428571428574,24.177238095238096,85.3636152339778,0.6734763492461582,18.90142857142857,18.58533333333333,79.93506420838246,0.21243231199678192
2009-10-22,26.191,26.617,25.934,26.28,220430696,18.935,19.071,18.795,19.015,11619200,25.039142857142856,24.297476190476193,83.54397700035705,0.7535134808686692,18.936857142857143,18.605571428571427,81.03130685424287,0.21613489684149556
2009-10-23,26.347,26.355,26.026,26.117,117132170,19.265,19.292,18.884,18.961,18558760,25.27057142857143,24.420190476190474,79.44572719726963,0.7946307380558935,18.93285714285714,18.631761904761905,76.32093863764297,0.21226501434841794
2009-10-26,26.089,26.478,25.626,25.931,134722762,19.007,19.193,18.795,18.839,11934597,25.488857142857142,24.5427619047619,72.35294089273354,0.8029518855609155,18.916571428571427,18.657666666666664,63.451393452660426,0.19708188687551242
2009-10-27,25.823,25.973,25.159,25.275,210785035,18.848,18.953,18.669,18.739,10523904,25.659142857142854,24.611142857142855,60.87163590088045,0.7479903699530475,18.911142857142856,18.664333333333335,60.48850513876507,0.17496311877707527
2009-10-28,25.274,25.36,24.473,24.639,227883167,18.616,18.777,18.457,18.465,14685784,25.705571428571428,24.653952380952383,54.25599644245722,0.6456702039360209,18.83757142857143,18.662714285714287,46.90721607171326,0.13378216805861953
2009-10-29,24.958,25.204,24.607,25.145,158941910,18.643,18.848,18.544,18.82,12065511,25.661571428571428,24.721047619047617,57.436302428578244,0.5985114390630102,18.823571428571427,18.675428571428572,53.73385696110385,0.1283123956375114
2009-10-30,25.123,25.204,23.827,24.14,200003753,18.802,18.802,18.304,18.322,12750522,25.360999999999997,24.767666666666667,47.54316058007898,0.47457210545523054,18.737285714285715,18.690571428571428,41.762114279881196,0.08283821615501807
2009-11-02,24.31,24.701,23.765,24.244,189191189,18.34,18.561,18.191,18.429,18841932,25.070142857142855,24.79457142857143,49.236894378016515,0.38035670612770645,18.65357142857143,18.710809523809523,42.671292021943586,0.05480188503733885
2009-11-03,24.075,24.271,23.81,24.171,144773618,18.277,18.359,18.191,18.359,16910004,24.79214285714286,24.811190476190475,47.25589214451473,0.2963833111431491,18.56757142857143,18.72057142857143,35.37604433831727,0.026627530058672022
2009-11-04,24.422,24.826,24.359,24.436,135888499,18.438,18.687,18.438,18.465,8930768,24.578571428571426,24.816,50.27000479401407,0.24835420326473212,18.514142857142854,18.719761904761906,39.02877673273251,0.012705998037681354
2009-11-05,24.676,24.973,24.564,24.849,106500168,18.722,18.91,18.679,18.865,7581105,24.517714285714284,24.839190476190474,56.17343636582398,0.24084018195526014,18.532142857142855,18.73966666666667,51.7973853246881,0.03356284904074869
2009-11-06,24.715,24.997,24.639,24.887,81430908,18.767,18.935,18.731,18.892,5581527,24.55314285714286,24.870095238095235,54.76626172571491,0.23523984979592782,18.593142857142855,18.75542857142857,48.063379985524925,0.051675050264911704
2009-11-09,25.221,25.857,25.134,25.797,146741649,19.042,19.388,18.989,19.329,8365874,24.646285714285714,24.937,52.974749093454435,0.30076392175319455,18.665857142857142,18.785999999999998,57.763505550174166,0.10013703070817215
2009-11-10,25.751,26.252,25.742,25.994,111677570,19.284,19.38,19.22,19.32,6037702,24.91114285714286,25.011190476190478,47.590593549292926,0.36438803600172776,18.80842857142857,18.815714285714286,57.439576735591395,0.13624670734368394
2009-11-11,26.204,26.255,25.848,26.026,123772293,19.433,19.486,19.31,19.433,5862181,25.165714285714284,25.091666666666665,47.550154192572876,0.4126361251024093,18.951857142857143,18.847428571428573,57.82185598446632,0.17199934052143462
2009-11-12,26.041,26.237,25.794,25.867,99884842,19.433,19.515,19.274,19.292,7155489,25.407999999999998,25.15690476190476,47.58687245825942,0.43305116784394215,19.08514285714286,18.861857142857144,55.99854991519409,0.18680269311914444
2009-11-13,25.993,26.232,25.876,26.181,95364107,19.38,19.524,19.246,19.469,6114834,25.657285714285713,25.241571428571426,52.354935807654655,0.46915923645518376,19.228571428571428,18.88642857142857,61.19402954629844,0.21039161389376915
2009-11-16,26.309,26.635,26.256,26.462,134307133,19.559,19.718,19.505,19.682,9002742,25.887714285714285,25.354857142857142,62.03121814951612,0.514518444210939,19.345285714285716,18.92952380952381,66.1086433462518,0.2434667898409124
2009-11-17,26.389,26.565,26.255,26.509,110417860,19.602,19.771,19.584,19.771,5626266,26.119428571428568,25.45938095238095,71.52394083763005,0.5479421147408239,19.470857142857145,18.967190476190474,73.81473339408969,0.27370555401783747
2009-11-18,26.414,26.509,26.126,26.374,104191012,19.746,19.746,19.552,19.665,4736338,26.20185714285714,25.503238095238096,65.46690135501217,0.557115165842692,19.518857142857144,19.002761904761904,66.94745249207207,0.2858219014041161
2009-11-19,26.19,26.202,25.587,25.677,150676027,19.533,19.542,19.265,19.38,11893514,26.15657142857143,25.476238095238095,70.96862182986064,0.5023519988616165,19.527428571428572,19.02438095238095,73.20175393648051,0.26932249378477024
2009-11-20,25.399,25.663,25.325,25.601,113388616,19.255,19.329,19.21,19.284,6244323,26.095857142857145,25.44390476190476,68.65548502579685,0.4476588965389894,19.50614285714286,19.037190476190478,68.84089864972566,0.24566828560682197
2009-11-23,26.011,26.38,25.991,26.364,132146129,19.477,19.655,19.46,19.621,8139393,26.166857142857143,25.455666666666666,75.34088258498444,0.46057274632565637,19.553142857142856,19.068619047619045,74.88170305664671,0.2512193386228816
2009-11-24,26.281,26.364,25.984,26.18,88470890,19.612,19.621,19.469,19.584,7887977,26.166714285714285,25.467523809523808,70.53697574481448,0.45076367996107436,19.56957142857143,19.104095238095237,72.6793672405711,0.2497539888363427
2009-11-25,26.316,26.334,26.093,26.149,79886756,19.621,19.655,19.567,19.621,3945466,26.121999999999996,25.50914285714286,66.82194592766376,0.4354686714992404,19.56085714285714,19.14609523809524,67.96577901543685,0.24871129041285656
2009-11-27,25.498,25.992,25.404,25.688,82342167,19.148,19.433,19.08,19.302,5913789,26.00471428571429,25.55909523809524,59.3421971470047,0.38174786804339433,19.49385714285714,19.18595238095238,58.555926202093936,0.2196127513014332
2009-11-30,25.731,25.829,25.454,25.6,118212877,19.292,19.38,19.167,19.339,7854948,25.89414285714286,25.580761904761907,47.15728696675268,0.32828857339230666,19.447285714285716,19.210666666666665,50.25050064954554,0.1972636081081376
2009-12-01,25.9,25.967,25.207,25.224,129007274,19.486,19.691,19.477,19.647,9591598,25.82942857142857,25.632380952380956,39.434687005464994,0.25266902831362614,19.48542857142857,19.273761904761905,57.12418265806597,0.20207537787853624
2009-12-02,25.491,25.793,25.068,25.129,198970575,19.647,19.799,19.584,19.621,5862832,25.762,25.67452380952381,37.90126772845491,0.18296517928259348,19.53357142857143,19.33052380952381,54.257246032789176,0.20146835558607634
2009-12-03,25.339,25.482,25.135,25.164,124850514,19.709,19.799,19.584,19.629,7253246,25.59057142857143,25.721809523809526,40.18978493925288,0.12906085107557175,19.534714285714283,19.391,58.12048153557265,0.19933500928188508
2009-12-04,25.574,25.598,24.366,24.756,230456323,19.833,19.959,19.559,19.755,12397121,25.38714285714286,25.737047619047623,30.622790201599386,0.05281032782419359,19.559142857142856,19.45242857142857,57.06521699658442,0.20544324212866627
2009-12-07,24.756,24.816,24.163,24.197,198876720,19.771,19.833,19.674,19.718,7465022,25.108285714285717,25.706,21.36536022778384,-0.05212453031091968,19.573,19.49304761904762,50.97402558785915,0.20493609416385183
2009-12-08,24.209,24.632,24.166,24.316,192047034,19.629,19.709,19.469,19.542,9928166,24.912285714285712,25.67880952380953,22.771293687907118,-0.12425156126793624,19.607285714285716,19.524,44.08268701955679,0.18816341591034913
2009-12-09,24.491,25.377,24.371,25.331,190088789,19.576,19.728,19.45,19.728,8413275,24.87385714285714,25.656619047619046,39.3723251373115,-0.09837671017992378,19.662857142857145,19.543,51.56327507598724,0.18771572308027729
2009-12-10,25.573,25.574,25.115,25.156,136360533,19.799,19.907,19.78,19.814,12292698,24.86414285714286,25.616714285714288,44.05929290380157,-0.09094340280122637,19.686714285714285,19.566523809523808,61.94933872946553,0.1920861549304469
2009-12-11,25.323,25.357,24.772,24.928,119634386,19.888,19.916,19.709,19.771,4609593,24.83542857142857,25.564428571428568,42.583204629454535,-0.1022712286122065,19.708142857142857,19.582619047619048,63.81168412174512,0.18989106700758285
2009-12-14,25.032,25.284,24.66,25.225,137253182,19.924,19.959,19.824,19.933,13179228,24.844142857142856,25.533857142857144,36.01080803140475,-0.0862885140354841,19.751571428571427,19.613142857142854,59.8236770544513,0.19893034493687622
2009-12-15,25.069,25.295,24.749,24.867,116853268,19.888,19.966,19.737,19.806,5718463,24.860000000000003,25.47128571428571,34.53474664699968,-0.101341503879528,19.758857142857146,19.629190476190473,56.61501740607264,0.19361433368561975
2009-12-16,24.973,25.166,24.913,24.976,98395839,19.907,19.966,19.833,19.87,5042618,24.971285714285717,25.40052380952381,36.433032498250626,-0.10328511126298423,19.780571428571427,19.638142857142856,57.302052315408474,0.19234834955787505
2009-12-17,24.956,24.973,24.46,24.57,107910666,19.799,19.799,19.612,19.629,5766017,25.007571428571428,25.308190476190475,36.90253033818289,-0.13601830666297943,19.793,19.631380952380955,60.0491697352869,0.16993940644288585
2009-12-18,24.728,25.036,24.666,25.028,169420485,19.755,19.879,19.665,19.851,8228047,24.964285714285715,25.244095238095237,43.83354881119667,-0.1235782938662453,19.81057142857143,19.640238095238097,64.12803482461791,0.16815531247595317
2009-12-21,25.1,25.58,25.059,25.387,169794290,19.976,20.111,19.924,20.027,6982641,24.997285714285713,25.230285714285714,51.7636873566995,-0.0837853688105028,19.841,19.67104761904762,61.30952329861124,0.1788811042400269
2009-12-22,25.586,25.723,25.44,25.659,97240661,20.093,20.191,20.074,20.191,4279382,25.101714285714284,25.233047619047618,55.5231344774231,-0.029955750959871352,19.901,19.714238095238095,65.67656715100563,0.19832859232595368
2009-12-23,25.763,25.918,25.717,25.881,96121858,20.231,20.287,20.156,20.268,6177192,25.19542857142857,25.21004761904762,57.19157456355425,0.03026922884857086,19.948857142857143,19.745047619047618,66.93163702329477,0.21744752353485808
2009-12-24,26.052,26.811,26.041,26.771,139689157,20.334,20.464,20.287,20.455,1874606,25.46742857142857,25.23819047619048,68.42875416901363,0.1481062446090462,20.041571428571427,19.78652380952381,67.96714530208425,0.244866087604116
2009-12-28,27.039,27.398,26.843,27.099,179408229,20.49,20.546,20.404,20.519,10274009,25.770714285714284,25.283428571428573,77.71199368067842,0.2649061145682907,20.134285714285713,19.829285714285714,70.27848051448171,0.26866278495063867
2009-12-29,27.232,27.242,26.732,26.779,123601979,20.556,20.556,20.455,20.49,4329955,26.08628571428571,25.33538095238095,72.65035846659832,0.3278700455669217,20.25728571428571,19.885857142857144,75.92997753664133,0.2819318465759686
2009-12-30,26.735,27.148,26.675,27.103,114583249,20.455,20.574,20.427,20.565,6392990,26.382714285714286,25.406952380952383,68.6683520941094,0.39931050380725,20.35928571428571,19.944238095238095,74.37390737260652,0.2950978424752897
2009-12-31,27.292,27.321,26.965,26.988,98076551,20.582,20.608,20.334,20.387,6483250,26.611428571428572,25.490952380952383,69.54758835389113,0.44155803657323744,20.410714285714285,19.97947619047619,65.83747876079346,0.28785071285253494
2010-01-04,27.341,27.47,27.199,27.406,137045797,20.574,20.705,20.537,20.687,9504561,26.860999999999997,25.59938095238095,75.41017205583623,0.5029706843349295,20.481571428571424,20.030238095238094,72.16844094367951,0.3028240362210042
2010-01-05,27.508,27.609,27.31,27.454,167718021,20.715,20.715,20.537,20.659,22483600,27.08571428571429,25.70842857142857,74.08688112443994,0.5491832068338596,20.53742857142857,20.079285714285714,68.78881937730665,0.3088706680769704
2010-01-06,27.454,27.563,26.99,27.017,153403690,20.659,20.669,20.409,20.427,11275449,27.120857142857144,25.81609523809524,72.84317870382392,0.5442707021611284,20.53342857142857,20.111285714285714,65.24300396985657,0.2915810415472926
2010-01-07,27.108,27.148,26.772,26.968,132861904,20.446,20.446,20.277,20.352,8203625,27.10214285714286,25.948047619047617,71.43779573824168,0.5303105266806547,20.50957142857143,20.14147619047619,61.76757770276067,0.26872927100070854
2010-01-08,26.946,27.148,26.774,27.147,124730848,20.324,20.5,20.25,20.481,13370633,27.15471428571428,26.082857142857144,79.15818033305845,0.5276088447323559,20.508285714285712,20.186190476190475,72.00413171071389,0.2580536186237481
2010-01-11,27.274,27.277,26.694,26.907,128596375,20.574,20.582,20.306,20.404,17144115,27.126714285714286,26.157904761904764,72.36372268195855,0.5003342067987084,20.485285714285713,20.21838095238095,65.43830211271005,0.24060627139252588
2010-01-12,26.806,26.861,26.434,26.601,165445130,20.287,20.315,20.102,20.182,10959220,27.071428571428573,26.22671428571429,64.63355812322325,0.4488531177418764,20.456,20.235904761904763,54.218834643950004,0.20648534383082762
2010-01-13,26.652,27.013,26.137,26.978,168558442,20.268,20.404,20.093,20.378,11308767,27.010285714285715,26.324333333333335,65.50670093649335,0.43347786998803883,20.411857142857144,20.26480952380952,55.00267481538927,0.19303464168042694
2010-01-14,26.897,26.952,26.769,26.819,120618898,20.361,20.5,20.334,20.427,8446002,26.919571428571427,26.400238095238095,61.19331721796979,0.40380805627790295,20.378714285714288,20.288333333333334,54.318304855808606,0.18420534920725729
2010-01-15,27.073,27.098,26.363,26.37,165632148,20.464,20.481,20.083,20.147,15222797,26.827142857142857,26.471809523809526,44.65190700850183,0.3401430107069636,20.338714285714286,20.30457142857143,42.037228237579576,0.15285242377435182
2010-01-19,26.687,27.558,26.54,27.539,203292657,20.191,20.49,20.191,20.49,8416921,26.90871428571429,26.593857142857143,54.79302815531539,0.3796402768755236,20.35842857142857,20.334095238095237,49.34478052832041,0.15390808135513012
2010-01-20,27.523,27.603,26.829,27.114,170447716,20.334,20.334,19.976,20.165,16534024,26.903999999999996,26.715,53.567624973387275,0.3723559096072968,20.313285714285712,20.35961904761905,43.523315819319926,0.12705529933032622
2010-01-21,27.187,27.316,26.536,26.645,169277070,20.222,20.324,19.888,19.95,14404148,26.86657142857143,26.791999999999998,45.26859491038008,0.3249923066523337,20.248428571428573,20.364333333333335,38.39184577671354,0.08741787410484747
2010-01-22,26.482,26.572,25.247,25.323,244552522,19.916,19.916,19.229,19.255,37909567,26.684,26.788952380952384,36.23284264804701,0.17872176523004413,20.116000000000003,20.327571428571428,32.12255197418962,-7.489920975345399e-05
2010-01-25,25.975,26.214,25.637,26.006,289960128,19.433,19.542,19.31,19.416,37502628,26.545142857142856,26.805476190476195,38.91001258796894,0.11656995340084109,19.978571428571428,20.290666666666667,29.005615987420384,-0.055779209935327145
2010-01-26,26.362,27.369,25.943,26.371,518775663,19.38,19.602,19.274,19.362,18138391,26.481142857142856,26.82880952380952,41.831347022833164,0.09566389053293634,19.826428571428572,20.24752380952381,28.758597968352362,-0.10309422021963499
2010-01-27,26.486,26.968,25.551,26.62,479989843,19.371,19.567,19.229,19.524,19892777,26.51685714285714,26.82161904761905,46.91818030478894,0.09805755762466006,19.737428571428573,20.203190476190475,34.864230476668126,-0.1260664451407365
2010-01-28,26.294,26.316,25.445,25.521,326739489,19.425,19.45,18.884,18.961,26032787,26.228571428571428,26.746476190476187,40.34174335004881,0.011145957111057925,19.519,20.129,29.96254669562792,-0.18753965332517808
2010-01-29,25.782,25.894,24.362,24.595,347019110,19.139,19.167,18.544,18.635,30255572,25.868714285714283,26.642476190476188,34.510803534456045,-0.13094314251767614,19.300428571428572,20.040666666666667,24.836423024070427,-0.2595709172494516
2010-02-01,24.663,25.1,24.498,24.937,208526168,18.722,18.892,18.713,18.848,21614032,25.624714285714283,26.539333333333335,38.18944837714004,-0.21349223034625453,19.143,19.958904761904762,29.547844265596794,-0.29605614206477426
2010-02-02,25.091,25.141,24.765,25.081,194614229,18.91,19.088,18.802,19.034,15405381,25.590142857142858,26.44852380952381,40.70677420275192,-0.26424730223079607,19.111428571428572,19.89447619047619,34.76645422326692,-0.3064299661558145
2010-02-03,25.005,25.639,24.897,25.513,171291523,18.961,19.125,18.943,19.08,16629718,25.519714285714286,26.358380952380955,41.10287858916066,-0.26653976821178205,19.06342857142857,19.81795238095238,32.061912534862685,-0.3073960110572749
2010-02-04,25.209,25.404,24.534,24.594,210843961,18.961,18.998,18.527,18.544,18547631,25.26585714285714,26.22219047619048,37.62926714924835,-0.3386089108668351,18.946571428571428,19.717238095238095,27.064555327916267,-0.3474076301560558
2010-02-05,24.676,25.1,24.441,25.032,236896963,18.571,18.767,18.411,18.731,26156755,25.039000000000005,26.12766666666667,42.55177014075654,-0.35627437692572883,18.833285714285715,19.63647619047619,32.35294106357402,-0.35987932454790794
2010-02-08,25.06,25.341,24.845,24.86,132939624,18.758,18.865,18.626,18.652,25809448,24.94457142857143,26.027285714285718,33.22479643517255,-0.37977553264792974,18.789142857142856,19.55552380952381,25.480256041429186,-0.3718514005010931
2010-02-09,25.161,25.294,24.938,25.125,176376562,18.857,18.989,18.687,18.81,17875458,25.020285714285713,25.931,37.29073475756291,-0.3727205916023877,18.81414285714286,19.475952380952382,31.08070359253564,-0.3643896206866266
2010-02-10,25.076,25.177,24.877,24.989,102981576,18.857,18.884,18.643,18.758,11724595,25.027714285714286,25.839666666666663,38.948211352739605,-0.3737946908789276,18.801285714285715,19.39757142857143,32.562902148659845,-0.35853905677857867
2010-02-11,24.944,25.58,24.853,25.441,153276052,18.758,19.024,18.626,18.953,17070431,25.07914285714286,25.78442857142857,50.89096938802874,-0.3343194730371408,18.789714285714286,19.33904761904762,44.82522254024911,-0.33431381090442613
2010-02-12,25.379,25.823,25.036,25.661,179472736,18.82,19.024,18.705,18.989,17034126,25.100285714285715,25.721714285714288,47.199220545415,-0.282031829736173,18.776714285714288,19.272904761904762,42.35588951200055,-0.30865227854257427
2010-02-16,25.862,26.087,25.806,26.048,151049757,19.106,19.274,19.052,19.274,11511072,25.308,25.685,47.387154074838996,-0.20697989461734068,18.881,19.218,48.544973320228344,-0.2622946417514669
2010-02-17,26.156,26.162,25.724,25.939,121252456,19.362,19.362,19.229,19.329,10014817,25.437571428571427,25.664476190476194,44.363515871364136,-0.15451493240608727,18.966428571428573,19.17904761904762,46.657524630371825,-0.21859797883248788
2010-02-18,25.821,26.111,25.732,25.988,117498584,19.32,19.486,19.274,19.45,6483645,25.598714285714287,25.59061904761905,54.67842100470889,-0.10774021919321441,19.08042857142857,19.129523809523807,59.878787540079635,-0.17221913490642393
2010-02-19,25.849,26.022,25.754,25.827,115810902,19.347,19.496,19.32,19.398,7612714,25.699,25.529333333333334,64.57643139988883,-0.08270886018947365,19.164428571428573,19.093,67.33303001242052,-0.13806797074889232
2010-02-22,25.927,25.933,25.509,25.666,108886263,19.496,19.505,19.329,19.362,7915843,25.795714285714286,25.482714285714284,59.01112464124704,-0.07499815031258805,19.250714285714285,19.064999999999998,62.69762802481878,-0.11260973135767571
2010-02-23,25.6,25.782,25.063,25.237,160372350,19.347,19.355,19.042,19.125,11794805,25.766571428571428,25.47861904761905,51.80138551380613,-0.10232453829722132,19.27528571428571,19.058809523809522,52.19277073219338,-0.1102864984288594
2010-02-24,25.42,25.794,25.335,25.698,128335773,19.21,19.371,19.193,19.31,8480161,25.77185714285714,25.463952380952378,52.1220461735011,-0.08579308115358941,19.321142857142856,19.053761904761902,55.19421825983785,-0.0924516407390037
2010-02-25,25.276,25.978,25.213,25.868,185411336,19.061,19.292,18.935,19.255,13113017,25.746142857142853,25.44,67.64542910054402,-0.05830213232420789,19.31842857142857,19.048666666666666,70.51355973041555,-0.08181234607328491
2010-02-26,25.928,26.275,25.868,26.203,141391337,19.255,19.339,19.167,19.284,10913140,25.78385714285714,25.420142857142856,66.69518080019033,-0.00937558116358872,19.312,19.0372380952381,67.5555549550617,-0.07023099160785762
2010-03-01,26.348,26.829,26.311,26.765,153182943,19.38,19.552,19.347,19.533,7224314,25.894857142857145,25.479380952380954,74.44187810054243,0.07389593990143695,19.323857142857143,19.06447619047619,75.24355240492284,-0.04049367980038099
2010-03-02,26.887,27.001,26.604,26.748,157845894,19.621,19.655,19.441,19.505,7887191,26.02642857142857,25.581904761904763,72.23896930355016,0.1369389157797194,19.339142857142857,19.10590476190476,71.51702724381522,-0.01896736793070275
2010-03-03,26.788,26.875,26.628,26.808,103577606,19.559,19.612,19.46,19.515,9371967,26.18957142857143,25.671,75.45479959239654,0.18955732804014147,19.360999999999997,19.137666666666668,74.06230067586,-0.001088150734446458
2010-03-04,26.814,27.012,26.72,26.985,99979302,19.542,19.612,19.398,19.594,4077004,26.439285714285717,25.761666666666667,73.4081258254355,0.24274204046024295,19.427999999999997,19.164333333333335,71.99725394100099,0.019234177846485068
2010-03-05,27.533,28.136,27.486,28.039,250646277,19.737,19.861,19.665,19.833,7927681,26.773714285714284,25.881952380952377,78.77541115613366,0.3657244557129111,19.502714285714287,19.20019047619048,75.42168611090136,0.054002564309080014
2010-03-08,28.171,28.187,27.949,28.055,119742939,19.87,19.976,19.842,19.943,6593101,27.086142857142857,26.046761904761905,76.68173329605312,0.4591867530679892,19.601,19.266809523809524,72.52525184151276,0.08940226806969775
2010-03-09,27.938,28.814,27.906,28.559,256471788,19.916,20.156,19.879,20.027,13500248,27.422714285714285,26.214714285714287,81.52069269940094,0.5673844304479729,19.70714285714286,19.32852380952381,73.05151847904801,0.12281910414346342
2010-03-10,28.65,28.876,28.583,28.794,166125926,20.036,20.198,20.018,20.165,19019536,27.71257142857143,26.402047619047618,82.3122982145619,0.664435209814652,19.797428571428572,19.40057142857143,73.35075047229878,0.1586092850657188
2010-03-11,28.668,28.878,28.6,28.878,112917672,20.111,20.241,20.074,20.241,6135754,28.01685714285714,26.5807619047619,85.7678777958381,0.7396010886937923,19.90257142857143,19.468714285714288,77.10610863055588,0.1909051899470775
2010-03-12,29.076,29.162,28.908,29.019,115842250,20.296,20.409,20.174,20.222,8390437,28.332714285714285,26.772666666666666,89.49352149519213,0.8013110953518776,20.00357142857143,19.53842857142857,77.95838680662077,0.21251702209119472
2010-03-15,28.878,28.878,28.207,28.666,137414405,20.156,20.231,20.055,20.203,9878354,28.572857142857142,26.926238095238098,91.12496971078212,0.8123680966326958,20.09057142857143,19.597952380952382,90.83333236994936,0.2255118532913869
2010-03-16,28.708,28.811,28.495,28.742,124556803,20.203,20.37,20.191,20.361,7440535,28.67328571428572,27.072952380952376,90.22198698120835,0.8178359113497713,20.166,19.663285714285717,90.64191703867982,0.24572704180103955
2010-03-17,28.788,29.0,28.593,28.7,125612274,20.387,20.537,20.343,20.418,11035257,28.765428571428572,27.199238095238094,88.73085305190595,0.8094493170528949,20.233857142857143,19.717761904761907,94.90347387749122,0.2633118528350842
2010-03-18,28.675,28.814,28.507,28.769,95279565,20.409,20.49,20.387,20.446,5064728,28.795428571428573,27.334,87.84660730682819,0.799158403378101,20.293714285714287,19.77095238095238,94.89953529474984,0.2763220397952644
2010-03-19,28.834,28.845,28.33,28.463,155870050,20.464,20.473,20.174,20.258,10171951,28.748142857142856,27.451857142857143,77.08998051076594,0.757578247041689,20.307,19.809428571428572,79.399836892459,0.2683690861054302
2010-03-22,28.237,28.941,28.194,28.783,127168635,20.165,20.5,20.147,20.409,9483324,28.734571428571428,27.59261904761905,79.60430575663075,0.7418948966693826,20.331,19.85757142857143,83.33333247295957,0.2711253863643286
2010-03-23,28.899,29.299,28.698,29.244,167881707,20.481,20.625,20.395,20.608,6724751,28.766714285714283,27.763,81.73527849288857,0.7579276575267535,20.386142857142858,19.91690476190476,85.3721675111906,0.2860697767510523
2010-03-24,29.178,29.481,29.135,29.371,166720433,20.509,20.574,20.446,20.509,6610811,28.867428571428572,27.959857142857146,81.4941918846572,0.7719826393092895,20.429857142857145,19.982809523809525,79.23322612826496,0.28662085438451257
2010-03-25,29.565,29.579,28.975,29.027,151255488,20.64,20.785,20.5,20.546,9372304,28.908142857142852,28.118380952380953,66.04938241562988,0.7467552587764139,20.456285714285713,20.041666666666668,76.15553846942211,0.28673784279380854
2010-03-26,29.326,29.703,29.269,29.57,178628136,20.6,20.625,20.404,20.446,9651777,29.03242857142857,28.294666666666664,71.01248238719154,0.7617964249255671,20.460285714285714,20.098380952380953,68.58832153714965,0.27558462467808553
2010-03-29,29.826,29.951,29.661,29.759,146987188,20.537,20.625,20.481,20.509,8714489,29.17385714285714,28.464000000000002,68.2370817764988,0.7799762966956969,20.469285714285714,20.156714285714287,68.0930923773999,0.2687314238788403
2010-03-30,30.309,30.415,29.999,30.204,146507281,20.565,20.669,20.473,20.6,5978283,29.422571428571427,28.627761904761904,70.14285686228578,0.820829742707101,20.51814285714286,20.20752380952381,66.92606930975492,0.2675588999036016
2010-03-31,30.204,30.301,30.025,30.094,119860348,20.537,20.608,20.446,20.537,5262245,29.609857142857145,28.787095238095237,67.24333495706,0.8347083144515643,20.53642857142857,20.256666666666668,61.63521944741103,0.25856551046540943
2010-04-01,30.437,30.575,29.807,30.219,167998179,20.59,20.705,20.361,20.5,10244616,29.74914285714286,28.949523809523807,67.09401682640572,0.8460410038302619,20.520999999999997,20.303571428571427,60.775193138873775,0.24562122517377816
2010-04-05,30.093,30.544,30.064,30.543,190081552,20.574,20.75,20.387,20.741,5455023,29.916571428571427,29.11895238095238,76.96064318372629,0.871124552445135,20.554142857142857,20.358190476190476,67.79100466331076,0.2519056600572682
2010-04-06,30.513,30.766,30.35,30.674,124314844,20.669,20.812,20.59,20.758,5705015,30.151857142857146,29.244428571428575,77.31900421875964,0.891299702471656,20.58442857142857,20.402238095238097,64.47848220080317,0.25531476818470367
2010-04-07,30.7,30.98,30.566,30.812,175046812,20.697,20.785,20.574,20.678,6423090,30.329285714285714,29.375714285714285,79.07488956303742,0.9079577293873449,20.61757142857143,20.437238095238094,59.3256808962988,0.24869438545623268
2010-04-08,30.787,30.933,30.481,30.729,159664127,20.608,20.741,20.509,20.715,9510716,30.467857142857145,29.479047619047616,76.87877096097023,0.904040710823999,20.647,20.47,59.58659954795976,0.24362491881191772
2010-04-09,30.923,30.976,30.793,30.963,93094513,20.758,20.882,20.687,20.873,6174996,30.576285714285714,29.58233333333333,84.97481779808412,0.9093360300598512,20.686,20.503714285714288,72.39621193478018,0.24948075071381837
2010-04-12,31.108,31.128,30.966,31.027,92855667,20.891,20.989,20.873,20.918,4679828,30.70957142857143,29.68466666666667,83.81555118341842,0.9082273937909591,20.74042857142857,20.53595238095238,70.08681848365006,0.2548153113125835
2010-04-13,31.02,31.095,30.877,31.046,85021830,20.891,21.016,20.821,20.981,6681363,30.827714285714283,29.78119047619048,81.32823326196272,0.8985243039074575,20.809142857142856,20.572095238095237,66.48983118403402,0.2611165731912415
2010-04-14,31.396,31.479,31.257,31.464,112521787,21.148,21.293,21.113,21.284,16851554,30.959285714285716,29.91442857142857,83.04388974972706,0.9140273040966527,20.886714285714284,20.62357142857143,79.02621639972516,0.2872487120056775
2010-04-15,31.498,31.891,31.439,31.876,104752497,21.301,21.389,21.239,21.379,10678409,31.131,30.063666666666666,94.0340026842423,0.9486233606084546,20.975428571428573,20.672047619047618,79.8994966844273,0.312027467920057
2010-04-16,31.886,32.159,31.318,31.681,209178636,21.258,21.354,20.989,21.098,17102595,31.255142857142857,30.205619047619045,86.56044294705704,0.9493624549056392,21.03542857142857,20.704428571428572,70.71156226813086,0.3054692001273871
2010-04-19,31.573,31.746,30.96,31.64,157948326,21.061,21.176,20.91,21.14,9861218,31.385285714285715,30.342333333333332,84.33734896651222,0.9358519167634824,21.09614285714286,20.73747619047619,70.31551771769651,0.3002002529949266
2010-04-20,31.916,31.917,31.114,31.324,200685233,21.212,21.301,21.088,21.258,7811057,31.436857142857146,30.478571428571428,71.45593831402945,0.8893937809909822,21.151142857142855,20.785095238095238,70.82278418258284,0.30206418042112304
2010-04-21,33.073,33.329,32.748,33.196,273412455,21.379,21.407,21.193,21.301,10574474,31.746714285714287,30.688714285714283,85.47575452958355,0.9921927483374162,21.205857142857145,20.827571428571428,74.4871788187048,0.3035123950094949
2010-04-22,33.064,34.16,32.81,34.126,220735303,21.098,21.37,20.945,21.354,11260873,32.18671428571429,30.92119047619047,87.73420876409521,1.1356142441406085,21.259142857142855,20.863095238095237,77.09390794459723,0.30541612558432263
2010-04-23,34.194,34.856,34.192,34.682,221913211,21.343,21.432,21.218,21.404,14476923,32.64642857142857,31.174095238095237,88.26030666747192,1.2793933164178632,21.276285714285713,20.90571428571429,73.93501730318393,0.3074157307288843
2010-04-26,34.829,34.892,34.345,34.514,0,21.453,21.48,21.354,21.379,11037880,33.02328571428571,31.435380952380953,85.2552329795128,1.364059047502117,21.276285714285713,20.94538095238095,72.29002080971989,0.3034847577711588
2010-04-27,34.192,34.302,33.362,33.557,197418134,21.293,21.389,20.927,20.964,31775696,33.29128571428571,31.625238095238096,71.90742202606481,1.3385058847048548,21.25714285714286,20.97004761904762,58.27546249082371,0.26384100678979294
2010-04-28,33.679,33.808,32.837,33.502,211280491,21.098,21.098,20.839,21.026,14353699,33.55728571428572,31.803476190476193,72.23023873477261,1.298844507758794,21.240857142857145,20.994666666666667,58.87050723092575,0.23472022175550933
2010-04-29,33.687,34.578,33.553,34.401,155654752,21.121,21.275,21.079,21.239,10183840,33.996857142857145,32.00333333333334,74.90582424678622,1.3246842322852856,21.238142857142858,21.02509523809524,60.12168095038516,0.2262213705547964
2010-04-30,34.543,34.648,33.425,33.437,151080134,21.221,21.258,20.785,20.794,11864376,34.031285714285715,32.16252380952381,65.44475763698708,1.2529326291959535,21.165714285714284,21.037333333333333,47.19202868628247,0.18148612963623378
2010-05-03,33.861,34.306,33.665,34.109,126452987,20.856,21.158,20.856,21.079,7743877,34.02885714285715,32.34776190476191,68.11354216988886,1.2360453888359828,21.12642857142857,21.064904761904764,52.01646060566647,0.16710397644207475
2010-05-04,33.611,33.716,32.879,33.126,201559659,20.831,20.856,20.352,20.473,16694138,33.80657142857143,32.47076190476191,59.212860218516596,1.1303127032110964,20.993428571428574,21.052142857142854,35.16282455459957,0.10558970853847782
2010-05-05,32.385,33.059,31.853,32.783,245853211,20.268,20.528,20.25,20.387,15146052,33.559285714285714,32.57119047619047,55.066472933646445,1.0072308246934583,20.851714285714284,21.03447619047619,31.791482949676706,0.04933106891556349
2010-05-06,32.526,33.072,25.516,31.537,356678860,20.241,20.436,18.35,19.771,28710994,33.270714285714284,32.605714285714285,49.280143902227344,0.7999247281375474,20.681285714285714,20.991285714285716,28.30990506821233,-0.04444799140341971
2010-05-07,31.247,31.576,28.84,30.206,467412793,19.682,19.833,18.892,19.339,28371110,32.79985714285714,32.58080952380952,43.650371890621216,0.5222128322246533,20.440285714285714,20.925761904761902,23.890982796615333,-0.15187662280543535
2010-05-10,32.164,32.611,31.829,32.525,273913801,20.174,20.315,20.027,20.222,26307999,32.53185714285714,32.65519047619048,54.51673555748518,0.4836725965980335,20.294999999999998,20.894761904761907,37.707641070738795,-0.16387481979783303
2010-05-11,32.272,33.281,32.081,32.853,236583753,20.009,20.446,19.993,20.093,14471094,32.44842857142857,32.74214285714286,48.540549682617005,0.47413055903759727,20.194857142857142,20.85547619047619,35.95348825503521,-0.18169819556341338
2010-05-12,33.249,33.698,33.129,33.564,182270065,20.231,20.617,20.231,20.617,13287089,32.37057142857143,32.862047619047615,47.56330205810908,0.5179693551479474,20.12885714285714,20.838142857142856,42.27625223394102,-0.1517911743476894
2010-05-13,33.712,33.938,32.836,33.085,167009626,20.546,20.687,20.268,20.315,12867897,32.364714285714285,32.939238095238096,43.02924481864606,0.5082023793922588,20.106285714285715,20.792,39.1598645135899,-0.1507211016077612
2010-05-14,32.685,32.847,31.951,32.503,211277784,20.139,20.182,19.709,19.924,18557112,32.324714285714286,32.969095238095235,41.528351117920884,0.4483313598754961,20.040142857142857,20.722714285714282,36.500278249952906,-0.17935598932881192
2010-05-17,32.549,32.807,31.723,32.555,212416438,19.976,20.045,19.621,20.018,16859329,32.470142857142854,33.010714285714286,45.43049975957433,0.40046282481392126,20.07542857142857,20.671285714285712,40.666929642988,-0.19224821202389109
2010-05-18,32.918,33.111,32.05,32.318,217450772,20.156,20.182,19.629,19.718,25331568,32.771857142857144,33.043,44.6886774963537,0.33948932498147855,20.12957142857143,20.603571428571428,37.67433084669422,-0.22408971741720407
2010-05-19,31.948,32.39,31.356,31.804,285695555,19.665,19.824,19.406,19.567,30058714,32.66885714285714,33.06585714285714,37.933277527082424,0.24684639120983576,20.036,20.523047619047617,34.05797092356761,-0.2585286208744435
2010-05-20,30.914,31.228,30.248,30.448,356516332,19.255,19.302,18.884,18.943,22309871,32.32528571428571,32.935,36.60001788645207,0.06327889163137002,19.871714285714287,20.410761904761905,32.93380039441766,-0.3323422504107505
2010-05-21,29.665,31.311,29.626,31.032,341125358,18.616,19.201,18.544,19.088,23646406,31.96357142857143,32.78766666666667,36.09579751420323,-0.03467603130481933,19.653285714285715,20.302857142857142,31.156539762220078,-0.37481911400288936
2010-05-24,31.664,32.129,31.539,31.599,210033965,19.097,19.255,18.971,18.998,14579820,31.75128571428571,32.64085714285714,42.83031264911032,-0.06579540361887837,19.465142857142858,20.188285714285715,34.529053810906944,-0.4110067522702039
2010-05-25,30.722,31.599,30.373,31.402,291611812,18.509,18.98,18.377,18.943,20571518,31.594,32.492666666666665,43.425687840811236,-0.10514197276956594,19.325,20.072285714285716,34.7550674648288,-0.43906251726857803
2010-05-26,32.042,32.289,31.214,31.263,236801306,19.125,19.31,18.705,18.758,27359537,31.40942857142857,32.383428571428574,48.54193266500778,-0.14585917683042027,19.145,19.967238095238095,38.23461079319756,-0.47079780303917573
2010-05-27,32.107,32.512,31.901,32.444,184445735,19.184,19.416,19.125,19.398,21511932,31.427428571428575,32.33304761904761,62.1025307301065,-0.08188708113074483,19.099285714285713,19.889714285714287,50.653667026556334,-0.43924228273933963
2010-05-28,33.19,33.22,32.444,32.896,227189876,19.406,19.416,19.106,19.238,13628933,31.583428571428573,32.261380952380954,52.51389067147387,0.005223672834880233,19.052285714285713,19.794428571428575,37.018469520248395,-0.4222772194532638
2010-06-01,33.257,34.058,33.164,33.402,243767892,19.148,19.45,19.024,19.052,14885529,32.005428571428574,32.25971428571428,53.63239370770762,0.1137779823767815,19.067857142857143,19.71147619047619,36.46997647242537,-0.41901083403593375
2010-06-02,33.903,33.91,33.34,33.803,191547624,19.157,19.477,19.024,19.477,11675773,32.40128571428571,32.24514285714285,51.64895808981847,0.22951964389962143,19.123428571428573,19.635190476190477,34.79188887751164,-0.377773514019097
2010-06-03,33.962,34.007,33.349,33.697,181103236,19.542,19.709,19.425,19.674,14156393,32.701,32.27233333333333,54.45155647915019,0.3091289839086855,19.22,19.59714285714286,41.20230563358981,-0.32544486142449003
2010-06-04,33.1,33.539,32.609,32.779,210950520,19.255,19.515,18.971,19.042,20803373,32.89771428571429,32.27214285714285,51.91400822097143,0.29474736729005,19.234142857142853,19.53309523809524,38.64572591631306,-0.3311538104010836
2010-06-07,33.087,33.187,32.086,32.133,246864784,19.139,19.193,18.731,18.767,11859430,33.022000000000006,32.30052380952381,47.29625824421482,0.22858801105276427,19.23542857142857,19.485285714285716,34.61254600625445,-0.35379012301350343
2010-06-08,32.449,32.502,31.458,31.927,278816796,18.795,18.857,18.518,18.802,14988914,32.948142857142855,32.38247619047619,47.48488348581136,0.15771571757850467,19.15028571428571,19.459714285714284,37.94736828124654,-0.3647013067068414
2010-06-09,32.216,32.26,31.054,31.144,237748884,18.943,19.115,18.616,18.705,14975589,32.69785714285714,32.31671428571429,45.89654306857104,0.03793012334564594,19.074142857142856,19.38747619047619,38.49439387642243,-0.3768317063901456
2010-06-10,31.35,32.139,31.016,32.083,215879053,18.91,19.175,18.875,19.157,15987075,32.50942857142857,32.280047619047615,60.72131136392153,0.01855474184302608,19.089142857142857,19.342904761904762,52.993844224422524,-0.3459842223085161
2010-06-11,31.782,32.509,31.677,32.466,151893082,18.961,19.362,18.961,19.329,12064601,32.318428571428576,32.227761904761905,59.65786626680899,0.03371585614333128,19.068,19.28157142857143,53.346292489073,-0.30415232768834244
2010-06-14,32.795,33.187,32.528,32.562,167863475,19.533,19.594,19.265,19.292,14649715,32.156285714285715,32.20285714285714,56.92506820121516,0.05286811542541159,19.01342857142857,19.232857142857142,54.14317904227607,-0.27086349483563055
2010-06-15,32.731,33.276,32.719,33.256,162738889,19.406,19.814,19.38,19.799,12965820,32.22442857142857,32.23871428571429,62.44295290279177,0.12263278448772041,19.12157142857143,19.226904761904763,60.69999978754997,-0.20125129251700358
2010-06-16,33.425,34.29,33.377,34.223,218210272,19.718,19.916,19.665,19.851,8721725,32.523,32.31814285714286,67.8787145505796,0.2530337897702921,19.27642857142857,19.21895238095238,64.13240214692175,-0.1402702075948099
2010-06-17,34.666,34.95,34.514,34.816,243048874,19.943,19.959,19.718,19.924,11157078,32.93571428571429,32.43709523809524,65.4226266689315,0.3996210869031316,19.436714285714288,19.228761904761903,57.96969672376491,-0.08507112160055641
2010-06-18,34.863,35.218,34.76,35.098,218587226,19.87,19.959,19.789,19.851,8008067,33.500571428571426,32.59395238095239,64.64095732646629,0.5324103244071736,19.600428571428573,19.242285714285714,59.539371044646366,-0.04667786480619185
2010-06-21,35.569,35.73,34.413,34.6,215547246,20.074,20.111,19.612,19.709,9833541,33.86014285714286,32.791666666666664,57.97390830516046,0.5906536264470148,19.679285714285715,19.278761904761904,60.36604580463091,-0.02739337170740086
2010-06-22,34.863,35.341,34.769,35.069,199562574,19.771,19.907,19.515,19.542,11454631,34.232,32.98390476190476,58.35092337507749,0.6669678530999121,19.709714285714288,19.30038095238095,51.11645458068351,-0.025294200513677367
2010-06-23,35.161,35.174,34.309,34.7,214053876,19.602,19.655,19.355,19.505,10584447,34.53742857142857,33.13157142857143,56.394236798480264,0.6897215309265476,19.74014285714286,19.32452380952381,46.92838943765995,-0.026312864672284775
2010-06-24,34.7,34.986,34.335,34.447,199112595,19.416,19.469,19.08,19.115,17173402,34.707571428571434,33.27657142857143,61.6188352099939,0.6795060758798783,19.64242857142857,19.332714285714285,51.454762566613454,-0.057922212777494764
2010-06-25,34.581,34.612,34.039,34.155,152492625,19.229,19.246,18.943,19.097,17621217,34.69785714285714,33.41428571428572,64.81535742857339,0.6404654079557872,19.534714285714283,19.348857142857145,57.32682024752425,-0.08346318678838571
2010-06-28,34.191,34.545,33.874,34.36,163083315,19.071,19.22,18.971,19.133,11544931,34.632714285714286,33.505523809523815,67.82940041776175,0.6189325153319984,19.421714285714284,19.336238095238095,57.345760850936244,-0.09965097911272025
2010-06-29,33.856,33.856,32.565,32.806,315472195,18.81,18.839,18.285,18.42,22310970,34.305285714285716,33.501238095238094,60.94284950576772,0.47104284144918296,19.217285714285715,19.297285714285714,45.03311236303122,-0.1680755915706733
2010-06-30,32.877,33.036,32.02,32.212,205878957,18.339,18.49,18.077,18.133,14060524,33.96414285714285,33.44457142857143,50.88977780211662,0.3024222383620838,18.992142857142856,19.25352380952381,31.06508859655642,-0.24266381396284942
2010-07-01,32.542,32.629,31.147,31.823,285057573,18.145,18.26,17.79,18.065,25764921,33.50042857142857,33.35028571428572,45.568573309722936,0.13583433294214586,18.781142857142857,19.186285714285713,25.692307553964426,-0.3037609817748077
2010-07-02,32.103,32.132,31.144,31.623,193495389,18.145,18.207,17.913,18.038,9573474,33.06085714285714,33.25152380952381,43.62005698998769,-0.012185642334927138,18.571571428571428,19.10838095238095,25.791505652092155,-0.3503213157383094
2010-07-06,31.623,32.375,31.527,31.842,171357527,18.322,18.457,18.028,18.217,17250730,32.68871428571428,33.20690476190477,39.72980817021826,-0.11054675524619739,18.443285714285715,19.069095238095237,15.030945972398982,-0.3685287418836367
2010-07-07,32.095,33.139,31.984,33.125,182036901,18.243,18.829,18.217,18.802,14499484,32.54157142857143,33.25414285714286,42.37499991760417,-0.08400293481775378,18.401142857142855,19.070761904761905,31.2343468918494,-0.3319273949389938
2010-07-08,33.626,33.668,32.641,33.052,205559578,18.989,18.989,18.705,18.918,9748341,32.35471428571429,33.30771428571428,36.796407108510486,-0.06807255773201604,18.370428571428572,19.076285714285717,32.27625072168159,-0.29021491633633545
2010-07-09,32.899,33.282,32.678,33.247,120771554,18.91,19.015,18.875,19.015,8839161,32.41771428571429,33.40785714285714,35.96238427066989,-0.03926018186447067,18.45542857142857,19.091047619047618,35.39482861791488,-0.24648901525064915
2010-07-12,33.108,33.532,32.637,32.95,156720330,18.971,19.184,18.971,19.106,9801343,32.52314285714286,33.44914285714286,37.09324147069691,-0.039931281320214396,18.594428571428573,19.088619047619048,39.27427942019216,-0.20216257975330976
2010-07-13,32.811,32.836,31.559,32.248,331165575,19.302,19.441,19.167,19.38,11575695,32.58385714285714,33.438761904761904,28.70943390159512,-0.09600201415511833,18.782285714285713,19.091047619047618,47.22412588720428,-0.14327249405307896
2010-07-14,31.91,32.756,31.887,32.365,226423690,19.45,19.621,19.388,19.496,13929423,32.68985714285714,33.42938095238095,31.680527154632458,-0.129504702112321,18.990571428571428,19.100761904761903,49.84984961698435,-0.08624724179160737
2010-07-15,31.795,32.909,31.667,32.2,228822034,19.45,19.576,19.246,19.559,13969970,32.741,33.37909523809524,32.124104940375915,-0.16743980290941352,19.182285714285715,19.089333333333332,58.314606435803626,-0.035560822022173255
2010-07-16,32.407,32.653,31.813,32.004,289535967,19.388,19.433,18.98,18.998,16994251,32.58085714285715,33.27342857142857,32.62239449721868,-0.2108882174608766,19.210285714285714,19.048714285714283,48.4593835423494,-0.040196124800853994
2010-07-19,31.982,32.001,30.683,31.449,285432579,19.08,19.229,18.98,19.184,8270184,32.35185714285714,33.11309523809524,27.741244779266367,-0.2867992178364034,19.248285714285714,19.01347619047619,50.75825134980214,-0.028532089943112737
2010-07-20,31.052,32.388,30.737,32.26,295145985,18.848,19.339,18.767,19.31,17559414,32.210857142857144,32.97795238095238,45.28985496306799,-0.27831012448006476,19.290428571428574,18.987714285714286,66.03025903298854,-0.009017167021035277
2010-07-21,33.936,33.955,32.526,32.556,330180600,19.46,19.477,19.015,19.08,18734288,32.15457142857143,32.88061904761905,53.12841019574426,-0.24487496444896806,19.286714285714286,18.957761904761906,67.41449027443808,-0.011972516104634678
2010-07-22,33.004,33.295,32.695,33.171,179777113,19.32,19.655,19.31,19.594,13182310,32.28642857142857,32.790238095238095,61.774982378607646,-0.1668288993026792,19.317285714285713,18.960238095238097,74.15481799741943,0.026851327389465496
2010-07-23,32.939,33.347,32.82,33.288,148640952,19.542,19.728,19.477,19.728,11682921,32.418285714285716,32.723,64.75802146665262,-0.09444717989402562,19.350428571428573,18.97085714285714,75.82518304964776,0.06765232924507458
2010-07-26,33.293,33.309,33.003,33.204,116242953,19.728,19.861,19.647,19.842,7397236,32.56171428571429,32.663809523809526,62.36832530454841,-0.04336238913346335,19.39085714285714,19.00547619047619,75.3352039118513,0.10794197651947002
2010-07-27,33.382,33.91,33.336,33.82,161964837,19.916,19.959,19.799,19.907,8767231,32.82114285714285,32.64785714285714,57.18123562708467,0.04629506675168926,19.520714285714288,19.04404761904762,70.56196464910029,0.14346301667440287
2010-07-28,33.768,34.065,33.329,33.419,144771462,19.87,19.943,19.674,19.746,14821726,33.10257142857143,32.603047619047615,53.55138363659386,0.08402332914887012,19.601,19.073238095238096,65.15373319467338,0.15681468042342672
2010-07-29,33.387,33.634,32.797,33.055,179422840,19.814,19.842,19.406,19.567,11976959,33.216142857142856,32.61490476190476,48.20089942376077,0.08358794123613222,19.637714285714285,19.127857142857142,59.808102047863024,0.15120912147553156
2010-07-30,32.75,33.257,32.643,32.944,124974375,19.355,19.594,19.292,19.486,10074479,33.27157142857143,32.6497619047619,49.94174743705156,0.07343955536448732,19.695714285714285,19.192285714285713,56.77603395332935,0.1386325824539547
2010-08-02,33.352,33.627,33.247,33.532,118919147,19.718,19.95,19.655,19.897,17671571,33.323142857142855,32.731142857142856,62.74821269291603,0.111557605688823,19.739,19.27952380952381,58.78952709178735,0.15998563498743223
2010-08-03,33.532,33.712,33.223,33.544,116136901,19.87,19.879,19.746,19.789,6078092,33.35971428571428,32.82261904761905,61.954978530243416,0.1411081282427702,19.747714285714288,19.362904761904762,54.99488551996991,0.16627665181579943
2010-08-04,33.649,33.843,33.337,33.677,117191873,19.842,19.959,19.709,19.95,16514469,33.42728571428571,32.910000000000004,65.07450481505552,0.17326186382501163,19.763142857142856,19.44542857142857,56.45001623546676,0.18215392537858577
2010-08-05,33.485,33.703,33.366,33.513,80608260,19.814,19.897,19.737,19.861,5707197,33.38342857142857,32.92847619047619,65.50236266344098,0.18339642174471038,19.756571428571426,19.495857142857144,66.86205512463124,0.18541784141349282
2010-08-06,33.257,33.486,32.991,33.307,123996524,19.674,19.833,19.542,19.806,17566765,33.36742857142857,32.94061904761905,70.56219544314511,0.17281356630578415,19.765142857142855,19.538142857142855,62.80889584871317,0.18147455236490018
2010-08-09,33.486,33.572,33.242,33.52,84312659,19.861,19.976,19.78,19.943,15244674,33.43385714285714,32.95361904761905,66.0714283354593,0.17954422296981676,19.818857142857144,19.58233333333333,62.976629404808286,0.1872457697500245
2010-08-10,33.276,33.353,32.984,33.221,125925550,19.755,19.842,19.594,19.737,12698660,33.47342857142858,32.966523809523814,58.4756561767374,0.1589195896100719,19.854714285714287,19.612380952380953,63.60248410333966,0.17320047545346995
2010-08-11,32.676,32.742,31.992,32.04,172348213,19.433,19.441,19.193,19.265,20317713,33.260285714285715,32.95661904761904,37.40253942445184,0.046738813164566295,19.76442857142857,19.60690476190476,43.067846353581984,0.12257011125584327
2010-08-12,31.579,32.412,31.521,32.246,148982213,18.884,19.08,18.795,18.998,17059114,33.07485714285714,32.95095238095238,38.61948437294177,-0.025251696166399995,19.65142857142857,19.583190476190477,35.43495590738645,0.06020649131461653
2010-08-13,32.146,32.259,31.898,31.9,98812016,18.918,19.024,18.884,18.91,6837599,32.821,32.93666666666667,36.52892551417252,-0.10896788785116485,19.502857142857145,19.552285714285716,31.209677243171157,0.0036400484396992283
2010-08-16,31.725,32.02,31.582,31.714,88596378,18.795,19.042,18.739,18.943,11550501,32.564,32.92285714285714,26.12244889666343,-0.18815330426684795,19.371714285714287,19.549666666666667,30.31045734299572,-0.03808739311118714
2010-08-17,32.03,32.609,31.911,32.267,117743597,19.125,19.32,19.052,19.148,19235485,32.41542857142857,32.96180952380953,37.373958675310156,-0.2039350031194047,19.27771428571429,19.54795238095238,38.00160492294441,-0.05399251235349212
2010-08-18,32.342,32.614,32.219,32.408,94319941,19.148,19.362,19.088,19.255,14191127,32.25657142857143,32.968857142857146,42.5443649238025,-0.20272767312503248,19.17942857142857,19.545333333333332,43.55371875630075,-0.05730287629144115
2010-08-19,32.372,32.461,31.847,32.001,118845562,19.184,19.246,18.91,19.024,15535222,32.08228571428571,32.94242857142857,39.827400095451196,-0.23193870890578694,19.077571428571428,19.54266666666667,41.011672928341056,-0.07767079246742625
2010-08-20,31.933,32.516,31.887,31.969,106898327,18.961,19.042,18.875,18.98,10479404,32.07214285714286,32.88519047619047,30.840892269729835,-0.2547343784330991,19.03685714285714,19.513428571428573,29.187471444110457,-0.09625339582504822
2010-08-23,32.241,32.272,31.406,31.478,115245205,19.08,19.125,18.81,18.81,8646278,31.962428571428575,32.799,27.336551034947092,-0.3088593687643737,19.009999999999998,19.469714285714286,28.38852079583245,-0.12327676431520729
2010-08-24,31.12,31.12,30.564,30.726,167541735,18.607,18.739,18.465,18.553,11916473,31.79471428571429,32.681000000000004,21.49893755051481,-0.4077338270721924,18.959000000000003,19.408333333333335,20.415078235573446,-0.1635454802056131
2010-08-25,30.726,31.246,30.379,31.106,166163230,18.438,18.748,18.395,18.669,12455404,31.707857142857144,32.551761904761904,27.684034788137225,-0.4502396411074052,18.919857142857143,19.34938095238095,25.04187590008948,-0.18397771652766437
2010-08-26,31.435,31.471,30.772,30.772,129747353,18.758,18.785,18.457,18.482,11422712,31.494285714285713,32.425714285714285,27.04220243097437,-0.5050548556238041,18.824714285714286,19.289190476190477,23.73015859832448,-0.21280664565146168
2010-08-27,30.932,31.07,30.168,30.943,152871506,18.59,18.713,18.295,18.705,16393078,31.285,32.32514285714286,26.482934774455074,-0.5286046122321046,18.74614285714286,19.24814285714286,26.24712188508829,-0.2151790927353332
2010-08-30,30.83,31.471,30.821,31.056,106719439,18.607,18.748,18.457,18.457,8541569,31.150000000000002,32.235238095238095,29.548460152337455,-0.5320170470422276,18.665142857142857,19.199142857142856,25.830815573402006,-0.2343691399636043
2010-08-31,30.963,31.32,30.78,31.132,117131468,18.408,18.525,18.291,18.392,17457535,31.03042857142857,32.12095238095238,39.15950321197882,-0.5225650566850071,18.581142857142854,19.12747619047619,30.52208816273567,-0.25191838904599706
2010-09-01,31.696,32.202,31.541,32.059,194067146,18.643,18.935,18.607,18.865,16645487,31.113428571428567,32.0502380952381,48.09533496163477,-0.4352557758446238,18.589,19.083476190476194,47.282386325315265,-0.22506474215560957
2010-09-02,32.192,32.293,31.833,32.293,115606232,18.875,19.034,18.839,19.034,10468301,31.337285714285713,31.984333333333336,54.096310035991586,-0.3432242221851247,18.657714285714285,19.03985714285714,52.452531355088816,-0.18797923827105478
2010-09-03,32.647,33.141,32.591,33.139,145073927,19.201,19.32,19.125,19.32,11150325,31.627714285714287,31.96652380952381,63.056624357193925,-0.1997211619426622,18.750714285714285,19.014095238095237,56.77813707483137,-0.1339666157031445
2010-09-07,32.852,33.237,32.817,33.016,95518506,19.229,19.329,19.139,19.157,8818033,31.948285714285714,31.952666666666666,57.44977107533377,-0.09482593056247168,18.84714285714286,18.983190476190476,50.16429328138003,-0.10312519784277896
2010-09-08,33.263,33.856,33.181,33.67,146586649,19.22,19.31,19.167,19.265,10450619,32.337857142857146,31.959809523809522,61.389891541613956,0.04060852058226061,18.927142857142858,18.950904761904763,50.182481495418,-0.06917109327590865
2010-09-09,33.951,34.132,33.67,33.689,122041288,19.425,19.46,19.284,19.32,7814955,32.714000000000006,31.98209523809524,66.38198739725388,0.14777102765483363,19.050428571428572,18.93104761904762,55.772230584706996,-0.03739313564344826
2010-09-10,33.706,33.872,33.475,33.732,108042462,19.339,19.355,19.201,19.329,8949913,33.08542857142857,32.062666666666665,67.07340675207668,0.23347645595779198,19.184285714285714,18.93409523809524,56.89996014369338,-0.011351794072226085
2010-09-13,34.059,34.357,34.034,34.198,108258155,19.515,19.709,19.486,19.674,13046674,33.391,32.15561904761905,76.46944315481261,0.3351376723665709,19.299857142857142,18.966285714285714,65.97633101935335,0.03670169911402965
2010-09-14,34.086,34.47,34.004,34.329,113033814,19.674,19.916,19.602,19.755,10604099,33.68185714285715,32.27128571428572,89.88266520735932,0.42141768325816287,19.40285714285714,19.00652380952381,73.77373376865809,0.08039373281706119
2010-09-15,34.32,34.626,34.302,34.605,119158388,19.737,19.924,19.701,19.879,8303159,33.891285714285715,32.40895238095238,89.64423266371631,0.5062305956859561,19.482714285714287,19.051095238095236,73.85646646924664,0.12360095315057862
2010-09-16,34.612,35.43,34.514,35.419,181311801,19.851,20.009,19.814,19.993,8774463,34.23457142857143,32.55904761904761,97.48620450341154,0.6318449219962119,19.60214285714286,19.091333333333335,80.67397436888527,0.16513822317654814
2010-09-17,35.54,35.595,35.048,35.263,176792499,20.055,20.074,19.933,20.027,16034767,34.46214285714286,32.695,94.2804425338404,0.710615748341894,19.711000000000002,19.128095238095238,79.06772158885313,0.19851200199260788
2010-09-20,35.359,36.341,35.326,36.272,183634089,20.102,20.361,20.055,20.324,10745102,34.83114285714286,32.898380952380954,95.16799422716448,0.8447226265518495,19.85442857142857,19.19,90.18510492355077,0.24608961215341907
2010-09-21,36.346,36.799,36.214,36.341,185863595,20.352,20.455,20.212,20.287,20960983,35.20385714285714,33.10657142857143,95.16212912566844,0.9456699228525096,19.991285714285713,19.252238095238095,91.28540249324799,0.27760951057395644
2010-09-22,36.23,36.878,36.164,36.85,163074523,20.203,20.306,20.083,20.191,9455156,35.58271428571428,33.362380952380946,94.78407154103995,1.0545868082977208,20.065142857142856,19.318,84.56725694267894,0.291482826879804
2010-09-23,36.688,37.492,36.625,37.0,218880803,20.055,20.378,20.027,20.165,11171113,35.964285714285715,33.66114285714285,94.7008544490385,1.1398682791360244,20.12371428571429,19.394761904761907,81.8591542839277,0.2969564185509981
2010-09-24,37.394,37.591,37.207,37.434,180700270,20.361,20.574,20.361,20.556,8413493,36.368428571428566,33.96247619047619,94.25097850411827,1.2283153770391237,20.220428571428574,19.484619047619045,82.87233980839738,0.32905160953496804
2010-09-27,37.649,37.742,37.268,37.286,134559719,20.6,20.722,20.519,20.565,17232692,36.63514285714286,34.272666666666666,93.76793741026022,1.271807372524016,20.302142857142858,19.583809523809524,90.78794827866079,0.35116548726275454
2010-09-28,37.356,37.366,35.218,36.736,288423047,20.617,20.632,20.296,20.59,16553118,36.845571428571425,34.54852380952381,82.11143670935061,1.247514122576007,20.382571428571428,19.673571428571428,90.32257987552262,0.3664835910407902
2010-09-29,36.775,37.114,36.625,36.802,130794640,20.546,20.632,20.49,20.546,6899177,36.921285714285716,34.82214285714286,82.28583257581381,1.219529221647214,20.41428571428571,19.773047619047617,87.56127375866541,0.37079853170972754
2010-09-30,37.009,37.138,36.017,36.338,187626938,20.654,20.781,20.355,20.468,14779581,36.920857142857145,35.07004761904762,74.85692463792506,1.1466917155446268,20.440142857142856,19.871904761904762,83.48030501544713,0.3637313367157624
2010-10-01,36.667,36.7,36.03,36.18,124958134,20.608,20.64,20.404,20.473,11969452,36.82514285714286,35.266285714285715,70.0851234330783,1.063953592922438,20.480428571428572,19.94847619047619,79.35341578916388,0.3544481345214514
2010-10-04,36.074,36.23,35.572,35.685,121198179,20.37,20.473,20.165,20.306,9547571,36.63728571428572,35.42780952380952,62.79728182726278,0.9475182707207495,20.50057142857143,20.009047619047617,69.03939117722776,0.32981373810686065
2010-10-05,36.158,37.067,36.092,37.003,139347081,20.446,20.758,20.436,20.705,8675785,36.57571428571429,35.61180952380952,68.91167177211938,0.9506356875630644,20.52185714285714,20.075,73.98373923590451,0.3385837837865182
2010-10-06,37.1,37.393,36.532,37.035,186552224,20.705,20.768,20.436,20.608,8065020,36.539857142857144,35.80319047619047,64.53760329191681,0.9447973595897992,20.528,20.14409523809524,68.03519005718913,0.33385850580008025
2010-10-07,37.181,37.199,36.742,37.039,113648160,20.687,20.697,20.464,20.608,5567561,36.58314285714285,35.96361904761905,66.42619294673206,0.9297753378490441,20.530571428571427,20.20804761904762,67.38479895668036,0.32635170959076376
2010-10-08,37.363,37.713,37.138,37.661,183161680,20.617,20.768,20.473,20.722,6864615,36.70585714285714,36.1527619047619,63.837417634245135,0.9570284508686839,20.555714285714284,20.274809523809523,63.37365531772101,0.3258452258416895
2010-10-11,37.751,38.064,37.727,37.825,119007634,20.768,20.847,20.678,20.758,6795246,36.918285714285716,36.34766666666666,64.50919028096823,0.9805569188941234,20.59714285714286,20.342857142857145,65.83725560072533,0.32460686705432806
2010-10-12,37.83,38.355,37.456,38.231,155312748,20.697,20.927,20.582,20.882,12381426,37.211285714285715,36.53971428571429,63.779684515482835,1.020203930379644,20.655571428571427,20.400380952380953,72.80527985526493,0.3298291572687404
2010-10-13,38.424,38.668,38.394,38.437,173411240,21.008,21.148,20.945,21.052,17411911,37.60442857142857,36.73533333333334,64.17998798134599,1.0560731965819201,20.76214285714286,20.462142857142858,76.73297102214505,0.34372321191229815
2010-10-14,38.62,38.736,38.469,38.716,120875146,21.098,21.13,20.945,21.061,6203024,37.84914285714286,36.93109523809524,63.049674087399175,1.0943972860955924,20.813,20.518428571428576,69.77290448173804,0.35140974233774
2010-10-15,39.371,40.339,39.048,40.306,255794739,21.344,21.425,21.167,21.415,21031387,38.316428571428574,37.163809523809526,73.76455759636387,1.2387891250468073,20.928285714285714,20.586142857142857,76.20221882439526,0.38166659959598803
2010-10-18,40.786,40.852,40.247,40.725,300733323,21.425,21.56,21.344,21.56,12094370,38.843,37.423904761904765,82.05045779387656,1.3712238806348367,21.064285714285713,20.659142857142857,77.84156079805877,0.4125895891903859
2010-10-19,38.865,40.182,38.422,39.635,342566876,21.148,21.337,21.016,21.176,28351314,39.125,37.58404761904762,69.54601890801099,1.372405254606825,21.129142857142856,20.699714285714283,65.12968255916644,0.40148264839750425
2010-10-20,39.572,40.242,39.299,39.767,200182777,21.248,21.48,21.203,21.354,26576924,39.40242857142857,37.747190476190475,74.79392609586189,1.36822080111358,21.214285714285715,20.75052380952381,70.3024743426973,0.4024047586207722
2010-10-21,39.995,40.306,39.289,39.639,152647556,21.472,21.513,21.148,21.37,31097872,39.603571428571435,37.88,75.1198255553119,1.3391392970819638,21.284,20.806666666666665,70.45143593875062,0.39981775371169803
2010-10-22,39.573,39.703,39.224,39.375,103181882,21.37,21.453,21.328,21.434,6423546,39.73757142857143,37.993095238095236,77.72768243339526,1.2800339671759176,21.33857142857143,20.86709523809524,76.98564541732108,0.3983399834414918
2010-10-25,39.587,39.906,39.499,39.551,107334999,21.513,21.657,21.495,21.495,10686011,39.856857142857145,38.09390476190476,73.11320736146858,1.2331789768828472,21.40057142857143,20.911809523809524,72.54566152075394,0.397508796096556
2010-10-26,39.299,39.667,39.142,39.45,108427835,21.415,21.577,21.328,21.551,11605954,39.73457142857143,38.19695238095238,71.63590736375153,1.1743589249223803,21.419999999999998,20.958761904761907,77.55698358515615,0.39679480263717437
2010-10-27,39.381,39.688,39.135,39.421,109484950,21.462,21.628,21.389,21.61,13315100,39.54828571428571,38.32480952380953,71.24509436364042,1.11257844062375,21.427142857142858,21.00733333333333,78.30508412640044,0.3964200806660081
2010-10-28,39.438,39.444,38.533,39.09,152982625,21.7,21.719,21.472,21.61,9590897,39.47042857142857,38.43376190476191,63.44308543966072,1.025091412291502,21.48914285714286,21.058,76.81159355352514,0.39160888731918675
2010-10-29,38.974,39.172,38.529,38.544,118831596,21.644,21.734,21.606,21.644,9299499,39.29571428571428,38.538809523809526,56.31033863641475,0.9013099352529466,21.530571428571427,21.114,76.78355436821657,0.3860889052119134
2010-11-01,38.754,39.135,38.7,38.953,117788345,21.753,21.886,21.577,21.665,9526123,39.19771428571429,38.670857142857145,56.33333319497075,0.8266855878836736,21.572714285714284,21.170761904761907,75.24177881793361,0.37903947301719043
2010-11-02,39.346,39.721,39.315,39.617,120415588,21.86,21.932,21.817,21.877,8421506,39.23228571428571,38.858095238095245,59.58103266740262,0.8117669614503811,21.636,21.245571428571427,75.89453793940768,0.38610855636301267
2010-11-03,39.89,40.068,39.509,40.058,141618450,21.913,22.013,21.737,22.005,17003506,39.30471428571429,39.00357142857143,60.61708847331653,0.8260071605530683,21.70885714285714,21.30747619047619,77.57009282360903,0.3974577406782487
2010-11-04,40.353,41.003,40.344,40.758,178707730,22.234,22.348,22.19,22.331,15382030,39.491571428571426,39.18085714285714,54.16206247545696,0.8835912805275044,21.820285714285713,21.38952380952381,77.19714900192393,0.4278258168149378
2010-11-05,40.724,40.926,40.563,40.611,100569152,22.341,22.341,22.216,22.314,9786427,39.66157142857143,39.35095238095238,48.894920379114176,0.9069111320114374,21.92085714285714,21.470761904761904,74.22879110591064,0.4453868358187236
2010-11-08,40.612,40.95,40.565,40.802,78085593,22.269,22.358,22.225,22.331,8438679,39.90614285714286,39.500523809523806,63.700398945337895,0.9300829685642427,22.023857142857143,21.54738095238095,98.57022592095618,0.4554259608408522
2010-11-09,41.109,41.146,40.275,40.477,106621694,22.403,22.475,22.163,22.269,10213508,40.18228571428572,39.62680952380953,57.973944112390896,0.9117123793271062,22.113142857142858,21.619333333333334,92.63746384256798,0.45315546379732297
2010-11-10,40.556,40.821,40.154,40.729,106340742,22.297,22.324,22.083,22.287,7934009,40.43599999999999,39.745761904761906,61.909964845555066,0.9070321469694989,22.201999999999998,21.686238095238096,92.65116158407783,0.4476483169535648
2010-11-11,40.341,40.773,40.242,40.551,100625257,21.86,21.977,21.728,21.949,13641706,40.56942857142857,39.846428571428575,63.09576817742963,0.8788293193734305,22.212285714285713,21.728952380952382,69.08821277447377,0.41126923248106095
2010-11-12,40.403,40.533,38.884,39.447,221703816,21.834,21.941,21.532,21.638,11679198,40.482142857142854,39.881238095238096,49.04023612281963,0.7586495619192561,22.159857142857142,21.75642857142857,54.471544238523094,0.3532711551025365
2010-11-15,39.504,39.769,39.22,39.319,112241660,21.746,21.763,21.56,21.577,9898168,40.27657142857142,39.83423809523809,48.7970613988689,0.6456352270258847,22.052142857142858,21.764142857142858,50.81047337197852,0.29893908701277994
2010-11-16,39.128,39.392,38.331,38.622,183202560,21.425,21.495,21.106,21.185,20156801,39.99242857142857,39.734095238095236,43.46474716039485,0.4941324264453115,21.89085714285714,21.746285714285715,39.02942666679814,0.221693858885331
2010-11-17,38.557,38.932,38.131,38.483,133480982,21.212,21.337,21.106,21.193,11712823,39.661142857142856,39.6792380952381,44.87417655324462,0.35871419321044584,21.728285714285715,21.747095238095238,39.28020537279036,0.15928584415430436
2010-11-18,39.119,39.657,39.018,39.498,137362764,21.425,21.638,21.415,21.551,12154102,39.52128571428572,39.66642857142857,57.46478860649341,0.3294980367647753,21.625714285714285,21.756476190476192,47.95063875217763,0.13713385718094528
2010-11-19,39.444,39.494,39.09,39.28,107226342,21.551,21.638,21.48,21.61,5668998,39.314285714285724,39.64933333333334,52.637522062118826,0.2854626089311054,21.529000000000003,21.767904761904763,48.80797542986058,0.12292208553878936
2010-11-22,39.276,40.131,39.171,40.131,109211046,21.513,21.737,21.462,21.737,10589417,39.25428571428571,39.68533333333333,54.02442831876889,0.31559482234995073,21.49871428571429,21.782333333333334,46.84968467331431,0.12051773926030407
2010-11-23,39.763,39.922,39.259,39.537,144353615,21.532,21.569,21.31,21.415,12383838,39.26714285714286,39.68466666666667,46.016210331208605,0.28822154428950597,21.466857142857144,21.778523809523808,37.7897348803575,0.09157396095937642
2010-11-24,39.954,40.391,39.922,40.314,115360838,21.594,21.782,21.569,21.772,8117058,39.409285714285716,39.725809523809524,46.64449808751163,0.32547357379440456,21.494714285714284,21.78904761904762,38.57785020838171,0.09633226615427049
2010-11-26,40.154,40.687,40.075,40.339,66303040,21.594,21.728,21.551,21.56,2751868,39.65457142857143,39.76952380952381,47.90575905902671,0.35294483823506084,21.548285714285715,21.786666666666665,35.73050700218502,0.08205079853027897
2010-11-29,40.497,40.658,39.875,40.577,123294325,21.542,21.602,21.31,21.505,8066242,39.953714285714284,39.840333333333334,48.280079395211565,0.3894315002528401,21.592857142857138,21.781666666666666,34.589552058114265,0.06553909827182025
2010-11-30,40.153,40.257,39.81,39.848,139645622,21.307,21.404,21.218,21.29,12027669,40.00371428571429,39.90242857142857,45.471562183354685,0.3554261043949367,21.555571428571426,21.76480952380952,32.7214964849626,0.034704699513522286
2010-12-01,40.425,40.694,40.339,40.519,128119713,21.602,21.809,21.551,21.746,12066726,40.18071428571428,39.977000000000004,48.57414439434573,0.3782603258237103,21.575,21.768666666666668,41.73035751017272,0.04652726801327489
2010-12-02,40.66,40.852,40.326,40.743,129074477,21.772,22.021,21.753,22.005,10827270,40.268142857142855,40.03061904761904,51.29554646178979,0.409708672232874,21.613285714285713,21.774761904761903,50.87719275931051,0.07592070751577751
2010-12-03,40.586,40.806,40.511,40.653,95387655,21.886,22.065,21.877,22.056,8867437,40.427571428571426,40.05895238095238,59.427767224517034,0.4224991581975104,21.704857142857144,21.777190476190476,57.128239836359,0.10215293837938333
2010-12-06,40.792,41.279,40.776,40.998,124021004,22.03,22.11,22.005,22.056,7241648,40.525285714285715,40.07038095238096,62.69469214006865,0.45522675650943967,21.74542857142857,21.764095238095237,58.34204081616558,0.1215411199576586
2010-12-07,41.477,41.49,40.739,40.752,108707858,22.314,22.314,22.065,22.083,11147791,40.58428571428571,40.07709523809524,67.28334940896352,0.456056336309274,21.820142857142855,21.753095238095238,67.91699882249085,0.1375000528755912
2010-12-08,40.95,41.112,40.608,41.111,89431362,22.163,22.269,22.056,22.269,10135760,40.66057142857143,40.09180952380952,70.5891568492247,0.48014724542527887,21.929285714285715,21.750142857142855,70.04470902361179,0.1632741450149915
2010-12-09,41.293,41.3,40.854,40.948,81864668,22.358,22.367,22.2,22.287,7009184,40.81771428571428,40.11423809523809,63.110307254332014,0.48054727683609855,22.071714285714286,21.750999999999998,65.6996583106676,0.18304274546591515
2010-12-10,40.935,41.117,40.799,41.05,73169401,22.331,22.413,22.262,22.395,6503649,40.89357142857143,40.12952380952381,66.34650887904486,0.4835211216527142,22.164428571428573,21.75614285714286,66.40200546191892,0.2050603925945218
2010-12-13,41.537,41.626,41.109,41.193,122382295,22.484,22.511,22.331,22.348,7762594,40.957857142857144,40.16009523809524,61.28346773098841,0.4917482522451948,22.213428571428572,21.775142857142857,63.207954654167175,0.216224527608734
2010-12-14,41.235,41.304,40.852,41.017,97867364,22.348,22.465,22.331,22.386,7077104,41.009857142857136,40.23485714285714,67.25746246697668,0.4785501551054523,22.260571428571428,21.810761904761904,73.92804286101892,0.22553859888643757
2010-12-15,40.994,41.364,40.876,41.026,115789234,22.358,22.475,22.234,22.297,5172516,41.01385714285714,40.31614285714286,60.11363612454814,0.4634741513053058,22.294999999999998,21.84504761904762,64.90630272079039,0.22316599263522008
2010-12-16,41.12,41.312,40.994,41.139,89597178,22.324,22.429,22.225,22.331,6676062,41.06914285714286,40.436,61.08647426407699,0.45539495572051436,22.330428571428573,21.899619047619048,74.35249460458948,0.22147616161064576
2010-12-17,41.156,41.21,41.01,41.057,107757003,22.305,22.341,22.244,22.297,5763439,41.06142857142857,40.558571428571426,56.95249107840829,0.4373341049834778,22.33442857142857,21.952190476190474,75.3521120006854,0.21491602435081347
2010-12-20,41.159,41.395,40.754,41.263,107103042,22.348,22.377,22.181,22.314,5366288,41.10642857142857,40.64261904761905,74.1550013526222,0.4346330497908326,22.338285714285714,21.98852380952381,87.53665599302563,0.2086832555648961
2010-12-21,41.376,41.541,41.241,41.517,71347019,22.386,22.457,22.348,22.447,6251450,41.17314285714286,40.74914285714286,69.86464929215582,0.4478258635311718,22.345714285714287,22.02838095238095,83.66954738580833,0.2120315620082387
2010-12-22,41.537,41.713,41.435,41.641,74128316,22.421,22.447,22.386,22.421,6082824,41.237142857142864,40.82104761904762,68.61525664982861,0.4629504228601391,22.356142857142856,22.060952380952383,75.74257294505458,0.2101644908512199
2010-12-23,41.619,41.639,41.385,41.442,62194516,22.395,22.438,22.341,22.413,3631155,41.29785714285715,40.9117619047619,65.64855179727124,0.45364971666078446,22.360000000000003,22.10847619047619,73.33333199128558,0.20566847224271356
2010-12-27,41.389,41.676,41.174,41.581,69518402,22.358,22.484,22.269,22.457,3364764,41.37714285714286,40.972095238095235,62.59179227806284,0.4522813603318241,22.382857142857144,22.141095238095236,74.78368226579553,0.203312121797385
2010-12-28,41.739,41.833,41.626,41.68,48970020,22.502,22.519,22.403,22.429,3270449,41.45442857142857,41.03595238095238,71.40221356105597,0.45395251864580644,22.39685714285714,22.18247619047619,71.35802345800951,0.19691541279552283
2010-12-29,41.765,41.807,41.632,41.657,45487326,22.495,22.53,22.449,22.477,4201123,41.54014285714286,41.087380952380954,64.90174622891686,0.4482538248046737,22.422571428571427,22.228761904761903,65.47618911210334,0.1934887557394127
2010-12-30,41.67,41.686,41.37,41.45,43900753,22.457,22.486,22.395,22.421,5675860,41.566857142857145,41.163666666666664,63.37953044386296,0.4221679099740996,22.437857142857144,22.282619047619043,59.43661854632021,0.18413181638502962
2010-12-31,41.364,41.425,41.148,41.307,53933874,22.361,22.407,22.327,22.398,5010954,41.53685714285714,41.201190476190476,56.70318164118717,0.38551178969403566,22.430857142857143,22.313666666666666,50.23999887462403,0.17286775488076955
2011-01-03,41.6,42.293,41.6,42.204,123930383,22.58,22.768,22.562,22.643,8354731,41.61728571428572,41.270761904761905,68.92549570761642,0.4239548659453334,22.46257142857143,22.344047619047622,67.9222345675441,0.18161679210813375
2011-01-04,42.579,42.579,42.023,42.426,86135637,22.751,22.775,22.58,22.733,10339145,41.75785714285714,41.35519047619048,75.92933343282647,0.46695209245623204,22.508285714285712,22.376285714285718,69.82857031131438,0.19358123105142155
2011-01-05,42.26,42.817,42.196,42.772,70669988,22.689,22.892,22.643,22.864,13312920,41.928,41.43966666666667,78.58546132933976,0.5229191264182589,22.56642857142857,22.414761904761903,80.91602929899187,0.21119916776138936
2011-01-06,42.902,42.932,42.632,42.739,83619699,22.92,22.999,22.821,22.999,12423228,42.07928571428572,41.534285714285716,76.89979788951003,0.5581762712441432,22.64785714285714,22.458380952380953,82.80942911656967,0.23336479717504943
2011-01-07,42.787,43.073,42.503,43.045,86506108,22.982,22.999,22.698,22.892,8434575,42.27757142857143,41.626380952380956,81.08192584892221,0.6038486636718972,22.707142857142856,22.48804761904762,77.26855996172326,0.2395359906225032
2011-01-10,43.393,43.956,43.179,43.855,124888228,22.864,22.956,22.76,22.91,11623260,42.62114285714286,41.764809523809525,84.0873221522298,0.6973657954751573,22.776999999999997,22.517714285714288,77.2893762984878,0.24307711380073727
2011-01-11,44.176,44.178,43.473,43.752,123434986,22.989,23.008,22.803,22.874,9439652,42.97042857142857,41.893476190476186,80.60805227923522,0.7544704908141782,22.845,22.54052380952381,71.45728542673154,0.24020959362641037
2011-01-12,43.98,44.109,43.795,44.108,84228710,23.008,23.096,22.929,23.078,15273533,43.24242857142857,42.03228571428571,81.7666749562882,0.8190115428226505,22.907142857142855,22.575285714285716,78.0051141585066,0.25149903401830187
2011-01-13,44.202,44.389,44.032,44.267,82692975,23.096,23.123,22.989,23.059,14672105,43.505428571428574,42.187047619047625,86.75513889810789,0.8729281899196266,22.953714285714284,22.607333333333333,77.28040449161676,0.2559622818009153
2011-01-14,44.31,44.627,44.11,44.627,85758149,23.078,23.265,23.034,23.265,7109654,43.770428571428575,42.35852380952381,87.47539339944512,0.9339406263640484,23.011,22.65342857142857,80.01485800876068,0.27297522770694016
2011-01-18,41.882,44.152,41.748,43.624,519250098,23.123,23.317,23.096,23.291,9711891,43.89685714285714,42.47685714285714,69.56521719526717,0.8910877987764678,23.052714285714284,22.699142857142856,82.06845152607272,0.28526770409819235
2011-01-19,44.641,44.644,43.14,43.394,315973540,23.345,23.345,23.051,23.123,12615488,43.946714285714286,42.588142857142856,66.7826085149843,0.8290112210508553,23.085714285714285,22.738476190476188,72.06284084092917,0.2782459382611613
2011-01-20,43.053,43.321,42.275,42.605,213000203,23.041,23.051,22.803,22.999,17276302,43.768142857142855,42.65204761904762,60.031266138537774,0.707988133419093,23.098428571428574,22.77109523809524,68.86422913570546,0.25968192299555426
2011-01-21,42.772,42.887,41.829,41.84,210098152,23.132,23.141,22.855,22.864,9879688,43.495,42.66742857142857,54.17777069156785,0.5440755931558101,23.097,22.790952380952383,64.17274884524429,0.23140889766784767
2011-01-24,41.884,43.216,41.84,43.216,159818476,22.874,23.205,22.874,23.186,20800208,43.367571428571424,42.74242857142857,57.3782442689858,0.5192201773580152,23.112428571428573,22.827380952380953,65.77571126039516,0.23230713824964155
2011-01-25,43.055,43.728,42.845,43.722,151729717,23.132,23.3,23.078,23.291,12389491,43.28971428571429,42.851,59.07308865485534,0.5341941942986921,23.14557142857143,22.86919047619048,66.07142803859449,0.23873958157441422
2011-01-26,43.912,44.257,43.735,44.032,141187316,23.354,23.495,23.291,23.425,9319867,43.20471428571428,42.96771428571429,58.86574713986484,0.5645676355565001,23.16842857142857,22.915285714285716,66.12995921459495,0.2517480248451136
2011-01-27,44.039,44.143,43.903,43.953,79363530,23.434,23.577,23.373,23.504,10182541,43.251714285714286,43.07595238095238,58.48713635083621,0.5756286777321975,23.198857142857143,22.96647619047619,65.00297034459807,0.2653728960703603
2011-01-28,44.095,44.105,42.712,43.042,164845124,23.514,23.532,22.892,22.965,14951947,43.20142857142857,43.14190476190476,49.98066253709819,0.5050625007731924,23.176285714285715,22.98971428571429,51.725767979120214,0.23002630918335498
2011-01-31,43.019,43.544,42.811,43.455,105100636,22.984,23.101,22.847,23.101,15732617,43.32285714285714,43.23738095238095,47.282608605712426,0.47696578092470077,23.190857142857144,23.02209523809524,54.27675738474042,0.21056073473702952
2011-02-01,43.74,44.263,43.666,44.187,118639079,23.273,23.541,23.248,23.495,14783436,43.65814285714286,43.37452380952381,52.722493336072716,0.507910336246546,23.281000000000002,23.074333333333335,61.983789707536495,0.22434057544447228
2011-02-02,44.112,44.212,43.994,44.093,72126671,23.443,23.586,23.443,23.541,9839544,43.78342857142858,43.46447619047619,49.90293766032861,0.5188679184930436,23.331714285714288,23.11709523809524,59.51500171261407,0.2362496748540721
2011-02-03,44.017,44.084,43.354,43.982,109654099,23.532,23.629,23.335,23.577,12895704,43.820571428571434,43.53857142857142,48.14428953326992,0.5126851932617456,23.37257142857143,23.157285714285713,60.57142822530612,0.2457596567293514
2011-02-04,44.003,44.398,43.991,44.373,89631241,23.621,23.746,23.532,23.728,6906721,43.86928571428571,43.61480952380953,48.35278849845145,0.533189494653044,23.415857142857142,23.198428571428572,59.66597042366448,0.26245540142674173
2011-02-07,44.566,45.237,44.521,45.062,135033597,23.783,23.96,23.774,23.842,11021356,44.02771428571429,43.72542857142857,59.7214709523931,0.5981408476558769,23.46414285714286,23.23857142857143,61.09544870908725,0.2816391854326561
2011-02-08,45.273,45.528,45.096,45.487,105968656,23.895,23.96,23.802,23.941,5835625,44.377,43.84171428571429,63.78606232472607,0.6761153738244161,23.603571428571428,23.28852380952381,66.94283308318153,0.3013570881673999
2011-02-09,45.486,45.974,45.446,45.867,134431388,23.905,23.968,23.825,23.895,5836919,44.72157142857143,43.93752380952381,72.70955151518615,0.7598148986137332,23.717000000000002,23.335428571428572,69.17808177718618,0.30970180298046657
2011-02-10,45.822,46.103,44.566,45.402,258619915,23.71,23.851,23.621,23.793,8817151,44.89514285714285,44.01609523809524,75.87910475700276,0.7796385730371185,23.75957142857143,23.379190476190473,70.16934390691667,0.3045735675436312
2011-02-11,45.443,45.819,45.276,45.7,102387624,23.802,23.95,23.736,23.913,12367485,45.12471428571429,44.09190476190476,71.39903497595003,0.8100572515963265,23.812714285714286,23.41895238095238,67.30128465387054,0.3066574449929078
2011-02-14,45.694,46.038,45.681,45.997,86453965,23.895,23.996,23.886,23.95,5497932,45.412571428571425,44.174285714285716,70.3306521922022,0.8483504356344937,23.866000000000003,23.46138095238095,66.2075745563669,0.3077470077239042
2011-02-15,46.001,46.1,45.788,46.09,78920774,23.905,23.905,23.774,23.858,6796724,45.65785714285715,44.243952380952386,69.13350669991289,0.8761032101870825,23.88457142857143,23.489619047619048,60.873932269093395,0.2977545339920731
2011-02-16,46.193,46.729,46.167,46.502,132504931,23.96,24.024,23.858,23.996,7633787,45.86357142857143,44.381,72.3165818573924,0.9207288516720169,23.90657142857143,23.52319047619048,61.99999957658532,0.2975410057521266
2011-02-18,45.884,46.039,44.76,44.893,226822552,24.041,24.081,23.941,24.005,5850097,45.77871428571428,44.45238095238095,64.44063022278533,0.8168460482579718,23.915714285714284,23.565190476190477,84.21052554016627,0.29470087957265534
2011-02-22,43.78,44.231,43.251,43.363,242751565,23.681,23.818,23.373,23.418,25136659,45.421,44.488476190476185,49.38878545157548,0.6040963185374721,23.847571428571428,23.58514285714286,58.0416028348136,0.24229108408079014
2011-02-23,43.367,44.136,43.363,43.877,187108091,23.345,23.383,22.999,23.141,13786413,45.20314285714286,44.58547619047619,47.87903658041785,0.47153061783295414,23.75442857142857,23.598333333333333,40.45307412818597,0.1763712604437906
2011-02-24,44.053,44.2,43.331,43.91,139227855,23.16,23.291,22.965,23.221,12778798,44.947428571428574,44.61852380952381,48.73740848870925,0.36492751194954565,23.655571428571427,23.599999999999998,41.52542342089197,0.12909651246102882
2011-02-25,44.223,44.622,44.157,44.586,105730163,23.335,23.541,23.327,23.514,8777641,44.74585714285714,44.659666666666666,53.86584731770072,0.331173767887627,23.593285714285713,23.610619047619046,48.53146821471297,0.11395992629264029
2011-02-28,44.971,45.469,44.965,45.232,112123406,23.578,23.674,23.451,23.613,10400558,44.623285714285714,44.71680952380952,55.32416006265796,0.3524872303133293,23.558285714285713,23.61957142857143,47.25274693667531,0.10869952486392975
2011-03-01,45.497,45.553,44.525,44.734,126873419,23.696,23.696,23.145,23.163,16370035,44.37071428571428,44.754000000000005,47.91772464819096,0.3254423677657954,23.439285714285713,23.603333333333335,36.02305454741757,0.06744195081164861
2011-03-02,44.815,45.38,44.618,45.093,167793742,23.198,23.484,23.172,23.303,11166573,44.39928571428572,44.85166666666667,47.47759274459843,0.3291828045987444,23.339000000000002,23.61942857142857,37.08502003271652,0.045517162584800985
2011-03-03,45.774,46.074,45.578,46.046,139053578,23.528,23.678,23.518,23.67,7647175,44.78257142857143,44.97504761904762,51.06763679888503,0.4043847673071923,23.375,23.64652380952381,45.96918644085686,0.05709726112405278
2011-03-04,46.046,46.14,45.813,46.103,126243026,23.674,23.674,23.345,23.488,8452666,45.10057142857143,45.06628571428571,54.39498423052918,0.46324231908951674,23.42457142857143,23.646190476190476,44.68826171172566,0.05100078834285071
2011-03-07,46.307,46.315,44.99,45.509,152071247,23.541,23.586,23.041,23.186,16714126,45.329,45.133714285714284,48.8453632349371,0.4566920554535585,23.41957142857143,23.629285714285714,38.093678174480345,0.02155197589783242
2011-03-08,45.436,45.769,45.11,45.559,99239925,23.205,23.48,23.114,23.383,12362930,45.468,45.20880952380952,47.27068785371513,0.45034421863958585,23.40085714285714,23.620047619047618,41.176470408817124,0.013949037647201123
2011-03-09,45.422,45.431,44.898,45.139,126365146,23.308,23.373,23.141,23.283,13400990,45.45471428571428,45.245285714285714,44.30607105492933,0.4067344408663729,23.353714285714286,23.598857142857145,41.07420038030463,-0.00014385172462993978
2011-03-10,44.691,44.793,44.169,44.394,141426489,23.019,23.035,22.815,22.847,16893776,45.40614285714286,45.213476190476186,37.86273600528805,0.3085018863048319,23.30857142857143,23.551476190476187,33.67433916696773,-0.045964276711398355
2011-03-11,44.185,45.118,44.184,45.078,131125594,22.726,23.028,22.726,22.94,12840860,45.403999999999996,45.193999999999996,51.19216384628301,0.28258747020898767,23.256714285714285,23.503809523809522,35.220649321929244,-0.07392085723708064
2011-03-14,45.19,45.651,44.99,45.278,121587212,22.821,22.982,22.698,22.83,10859672,45.294285714285714,45.16595238095238,64.89345140636051,0.2750181986785236,23.136714285714284,23.453095238095237,40.595009415121524,-0.103756686911197
2011-03-15,43.775,44.547,43.552,44.235,200879074,22.171,22.608,22.11,22.493,16802315,45.02742857142857,45.11038095238095,52.57257822132563,0.1827514680073179,22.994571428571426,23.391190476190477,39.83050829955208,-0.15283311543751665
2011-03-16,43.776,43.927,41.783,42.261,321588398,22.367,22.447,21.801,21.941,24134711,44.56342857142857,44.94661904761905,40.7349139712003,-0.04909000437618971,22.816714285714284,23.297285714285714,32.50410047702094,-0.23357580883633844
2011-03-17,43.148,43.492,42.346,42.854,183661658,22.244,22.387,22.134,22.171,12326262,44.17700000000001,44.79695238095238,40.17695093438323,-0.18286791003988867,22.64357142857143,23.21257142857143,31.32127943296304,-0.2758263428800163
2011-03-18,43.142,43.308,42.26,42.346,209933174,22.466,22.476,22.181,22.209,20723286,43.778000000000006,44.61866666666666,33.37174458778466,-0.32611991122894324,22.490142857142853,23.134047619047617,30.135823310158045,-0.30275395396403937
2011-03-21,43.046,43.509,42.934,43.452,115188315,22.554,22.716,22.529,22.582,10012378,43.64342857142857,44.47342857142857,43.09713540777945,-0.3464099986422582,22.452285714285715,23.066714285714284,41.596760028245704,-0.2906459118906781
2011-03-22,43.871,43.877,43.432,43.696,90914326,22.625,22.635,22.52,22.546,10320057,43.446000000000005,44.41642857142857,42.38360041507243,-0.3388947110185896,22.395999999999997,22.997238095238096,38.711601389214906,-0.2807191448885753
2011-03-23,43.445,43.567,43.023,43.436,103974616,22.494,22.735,22.395,22.672,6543170,43.18285714285714,44.41990476190476,34.60721862650375,-0.34988535791151776,22.373428571428573,22.961714285714283,33.96529547701988,-0.25969140270871094
2011-03-24,43.778,44.31,43.397,44.179,112801888,22.823,23.053,22.743,23.028,11675723,43.17485714285714,44.434285714285714,39.502400638036484,-0.2952383108001442,22.449857142857137,22.956333333333333,43.00060845952266,-0.2118583693460394
2011-03-25,44.569,45.085,44.437,45.019,125144508,23.135,23.208,23.053,23.081,4788209,43.56885714285714,44.48709523809524,47.39638675201386,-0.1820505865869606,22.612714285714286,22.949666666666666,48.27132015943415,-0.16774008543687202
2011-03-28,45.236,45.375,44.877,44.877,86105688,23.172,23.225,23.011,23.028,9273477,43.85785714285714,44.50095238095238,46.41128176702192,-0.10262373044743356,22.735142857142854,22.926523809523808,43.86450030622088,-0.13549083068824075
2011-03-29,44.503,44.945,44.319,44.945,98204189,22.975,23.198,22.895,23.19,5780147,44.229142857142854,44.48728571428572,48.93989063550179,-0.033800709478313706,22.875285714285717,22.906380952380953,48.42639570965498,-0.09575718858389237
2011-03-30,44.913,44.933,44.494,44.646,91654832,23.321,23.339,23.233,23.286,6987884,44.39971428571429,44.48309523809524,51.44761021136645,-0.0033461977848148194,22.97585714285714,22.912238095238095,58.393881140529864,-0.05587747253537145
2011-03-31,44.363,44.796,44.319,44.631,76361672,23.255,23.318,23.211,23.247,6968913,44.53328571428572,44.46109523809524,47.218419332786794,0.019355726736137058,23.076,22.90957142857143,55.99375213435663,-0.027107011556779526
2011-04-01,44.962,45.026,43.965,44.126,116578655,23.349,23.404,23.126,23.198,12315801,44.63185714285714,44.36966666666666,43.09352510751685,-0.0033633435307649506,23.151142857142855,22.887095238095235,57.35999967878402,-0.008165972196838567
2011-04-04,44.126,44.13,43.333,43.695,128013527,23.252,23.26,23.028,23.117,6583447,44.562714285714286,44.255,46.50621109587384,-0.05550662258853123,23.163857142857147,22.86942857142857,63.903742916821585,0.0003053945062134744
2011-04-05,43.096,43.829,43.03,43.401,134597626,23.108,23.252,23.053,23.081,11123074,44.33157142857143,44.15461904761904,59.424603037046246,-0.1191800563507357,23.163857142857143,22.864428571428572,82.98611043876978,0.004067230019931145
2011-04-06,43.725,44.039,43.174,43.291,112097187,23.242,23.286,23.117,23.252,12273678,44.105000000000004,44.046619047619046,53.92632511141623,-0.1764834012487455,23.195857142857143,22.858190476190476,82.38466078287266,0.02060921248771308
2011-04-07,43.293,43.596,43.033,43.294,104047515,23.225,23.339,23.072,23.26,10279264,43.869142857142855,43.95876190476191,59.36758876854819,-0.2191286611973453,23.205857142857145,22.85709523809524,82.06223236798567,0.03397276897970514
2011-04-08,43.538,43.559,42.765,42.908,105087992,23.349,23.349,23.044,23.126,4924960,43.62085714285714,43.888,43.73271875293595,-0.28083501971892844,23.183,22.870380952380952,69.42857073428561,0.0333661791203852
2011-04-11,42.842,42.985,42.262,42.364,111197871,23.163,23.217,23.019,23.09,6499711,43.297000000000004,43.75876190476191,35.64655161658365,-0.36937606961795666,23.160571428571426,22.877523809523808,69.42857073428561,0.029638894425815465
2011-04-12,42.349,42.739,42.285,42.568,118560905,22.958,23.019,22.823,22.904,9040831,43.07442857142856,43.629714285714286,40.53228608912475,-0.41826291988508757,23.118571428571432,22.881047619047617,57.94520492381304,0.011543285113251756
2011-04-13,42.882,43.048,42.582,43.046,96488049,23.019,23.135,22.922,23.044,6139892,42.98171428571428,43.573095238095235,36.883537736427485,-0.4136670000671927,23.10814285714286,22.907285714285713,50.643086246782055,0.008402357189012832
2011-04-14,42.855,43.03,42.523,42.57,84067872,22.932,23.028,22.805,23.002,6175813,42.863,43.587809523809526,19.039190830202614,-0.44332356431166886,23.096857142857143,22.957809523809527,46.79643093661799,0.002495335514023367
2011-04-15,42.724,42.727,41.85,41.936,126431215,22.94,23.011,22.823,22.958,11443236,42.669428571428575,43.54409523809524,16.932763607587418,-0.5120821424027895,23.05485714285714,22.995285714285714,47.140522336628024,-0.005671081302725867
2011-04-18,41.758,42.545,41.0,42.498,170639622,22.716,22.761,22.476,22.753,9914135,42.55571428571428,43.55133333333333,25.237806040613364,-0.5152852204809832,22.982428571428574,23.021190476190476,32.75453791747161,-0.028357919762541428
2011-04-19,42.677,43.283,42.478,43.267,116689014,22.777,22.815,22.672,22.815,11179677,42.607000000000006,43.542523809523814,37.25743845470266,-0.45057782899830556,22.938,23.032285714285713,30.900242958148198,-0.040863472176784654
2011-04-20,44.019,44.277,43.735,43.849,188630738,23.154,23.33,23.135,23.294,10408459,42.81914285714286,43.54980952380952,43.45935085171779,-0.3483190142583368,22.967142857142854,23.06790476190476,51.404661853158856,-0.011984762846896757
2011-04-21,45.381,45.479,44.633,44.911,210011452,23.484,23.518,23.386,23.499,11492583,43.15385714285714,43.620047619047625,56.00612076754621,-0.17951431308874533,23.052142857142858,23.107285714285712,58.22853974018608,0.02713086141836385
2011-04-25,44.887,45.302,44.861,45.208,74101997,23.499,23.546,23.446,23.518,3366404,43.46271428571429,43.66904761904762,61.81846572950185,-0.021521862735497166,23.119857142857143,23.130619047619046,61.34691519023379,0.058983491695496326
2011-04-26,45.281,45.46,44.737,44.875,94120468,23.573,23.798,23.537,23.714,8059982,43.79200000000001,43.662190476190474,61.444099245307825,0.07594255691716967,23.22157142857143,23.160761904761905,66.42449354958848,0.098902407249426
2011-04-27,45.114,45.122,44.449,44.842,99046966,23.77,23.892,23.67,23.855,9002707,44.207142857142856,43.66052380952381,62.1876471993357,0.14880564858900414,23.34971428571429,23.200142857142858,65.89351559171891,0.14029868117630073
2011-04-28,44.336,44.79,44.247,44.405,100571683,23.807,23.892,23.76,23.864,9525319,44.479571428571425,43.63480952380952,58.17272314044168,0.16933592669555253,23.50842857142857,23.232238095238095,65.91148528832409,0.1718507626725554
2011-04-29,44.44,45.327,44.394,44.84,280139206,23.85,23.895,23.781,23.85,8406694,44.70428571428572,43.64404761904762,64.1104293167476,0.21819200297053243,23.656285714285712,23.259095238095238,70.35995445160889,0.19349583207648635
2011-05-02,44.785,44.882,44.244,44.347,123151513,23.974,23.984,23.732,23.76,7521337,44.77542857142857,43.63052380952381,64.59161134594814,0.21465540172762587,23.722857142857144,23.28352380952381,68.28602567903695,0.201069651899207
2011-05-03,44.555,44.808,44.258,44.59,87368985,23.76,23.815,23.617,23.77,9151946,44.72957142857143,43.65261904761905,64.79367853276102,0.22882296027830762,23.761571428571425,23.310761904761904,76.14734235141137,0.2055098850720043
2011-05-04,44.603,45.055,44.423,44.766,108922776,23.779,23.823,23.537,23.696,12293217,44.66642857142857,43.70361904761904,63.165952099766784,0.25135511629062535,23.787,23.338333333333335,70.50314403330573,0.20074357334046766
2011-05-05,44.609,44.943,44.317,44.405,93538461,23.634,23.815,23.491,23.573,15065103,44.59928571428571,43.751428571428576,64.29795840732876,0.23734634830836399,23.76685714285714,23.361761904761902,67.08557693644647,0.18490964166088375
2011-05-06,44.802,44.821,44.338,44.392,78084356,23.779,23.901,23.601,23.617,11994350,44.535000000000004,43.80385714285714,71.18702536290235,0.22262897911076607,23.732857142857142,23.37914285714286,69.71873071450507,0.1739068787590945
2011-05-09,44.55,44.72,44.376,44.515,57064697,23.67,23.798,23.582,23.714,4463792,44.550714285714285,43.862,68.8258351757399,0.21837316017691677,23.71142857142857,23.400761904761904,80.74216178477914,0.17104252743992276
2011-05-10,44.67,44.784,44.392,44.752,79495683,23.789,23.956,23.732,23.929,11491636,44.53814285714286,43.94980952380953,65.38860084654087,0.2314562289874118,23.722714285714286,23.439,82.45920678646338,0.18400017210507258
2011-05-11,44.713,44.821,44.21,44.466,93163889,23.919,23.974,23.582,23.714,13285869,44.55514285714286,44.04990476190476,56.81165802707817,0.2162540039359513,23.716142857142852,23.468714285714288,64.46280929581312,0.17490430770192944
2011-05-12,44.369,44.452,43.83,44.382,89190397,23.652,23.919,23.518,23.892,12314506,44.52542857142857,44.13628571428571,42.55139380576747,0.19517814095903674,23.733571428571427,23.515761904761902,63.789473057506974,0.1799841369279349
2011-05-13,44.282,44.343,43.586,43.605,90877142,23.815,23.83,23.573,23.601,11444102,44.359571428571435,44.16290476190476,30.11659627347248,0.11445855439924202,23.72,23.542285714285715,52.445491612117294,0.15869928362149466
2011-05-16,43.438,43.699,42.593,42.682,125320086,23.491,23.609,23.217,23.26,19027193,44.11342857142857,44.168238095238095,26.271369753776412,-0.023717287542467602,23.675285714285714,23.55457142857143,37.6764383672801,0.11301229845409466
2011-05-17,42.516,43.048,42.354,43.048,126105977,23.126,23.268,23.002,23.26,26830625,43.92142857142857,44.22119047619047,31.893419368892253,-0.10250784988947714,23.624285714285715,23.568952380952382,32.510287798269204,0.07592976251434891
2011-05-18,43.093,43.676,43.03,43.524,93163074,23.277,23.465,23.233,23.429,10063035,43.779857142857146,44.270047619047624,41.1776485927324,-0.1250986568577659,23.583571428571428,23.601142857142857,38.312734800441426,0.05949267865825547
2011-05-19,43.801,43.849,43.37,43.609,72674966,23.509,23.528,23.33,23.475,9173927,43.61657142857143,44.28633333333333,36.74348470505946,-0.13459175454678984,23.518714285714285,23.63257142857143,40.09508686670297,0.04960615793159562
2011-05-20,43.51,43.663,42.904,42.928,94239446,23.446,23.509,23.286,23.339,15089930,43.396857142857144,44.24247619047619,35.3135995664685,-0.19482034385247715,23.465142857142858,23.634714285714285,39.14388831974491,0.03044599316932306
2011-05-23,42.266,43.027,42.186,42.824,106580666,23.019,23.099,22.922,23.011,14136729,43.17428571428571,44.143095238095235,31.180733069793135,-0.24808410648396517,23.339285714285715,23.61147619047619,33.18564445520644,-0.011077736979689945
2011-05-24,42.961,43.016,42.433,42.541,89743004,23.062,23.072,22.932,22.94,9828069,43.022285714285715,44.01609523809524,26.818087023243734,-0.3095633039133787,23.244857142857143,23.58395238095238,33.2298134581999,-0.04914814963797909
2011-05-25,42.682,43.356,42.626,43.127,81937417,22.904,23.126,22.866,23.011,13917945,43.085857142857144,43.932857142857145,37.28105085152577,-0.30745654060122973,23.209285714285716,23.55047619047619,37.23887351437586,-0.07275148548549382
2011-05-26,43.001,43.141,42.83,42.902,62051609,22.975,23.208,22.968,23.163,12579023,43.065000000000005,43.84047619047619,35.77158126417072,-0.32025088227289444,23.19542857142857,23.517523809523812,40.17315992968644,-0.07828969464824098
2011-05-27,42.875,43.238,42.813,43.21,56764443,23.184,23.281,23.158,23.281,14076576,43.02014285714286,43.78357142857143,37.9634752755048,-0.30205555586439203,23.174285714285713,23.489761904761902,40.71214046762334,-0.07232345174557153
2011-05-31,43.708,44.545,43.668,44.545,116196483,23.479,23.596,23.361,23.596,11965717,43.15385714285714,43.76952380952381,48.41233307596676,-0.1778620031983067,23.19157142857143,23.477666666666664,43.150966431874345,-0.04169664090449743
2011-06-01,44.708,45.094,44.137,44.246,154338759,23.537,23.617,23.09,23.108,18643249,43.34214285714285,43.76471428571429,48.31598275008823,-0.10238429665709248,23.15857142857143,23.446619047619045,38.79437849736641,-0.05615487581927425
2011-06-02,44.379,44.563,44.092,44.325,94459350,23.135,23.217,23.019,23.126,8686052,43.55657142857143,43.75209523809524,49.56335212289157,-0.035780574476284244,23.175000000000004,23.415952380952383,34.94496836115192,-0.06540671370612827
2011-06-03,43.947,44.223,43.797,43.982,87320278,22.857,23.002,22.753,22.777,12083829,43.76242857142858,43.71476190476191,53.09371397615101,-0.010552238585617602,23.151714285714288,23.372190476190475,34.16602594991379,-0.09975038482880905
2011-06-06,44.27,44.442,43.262,43.291,128587248,22.753,22.831,22.59,22.609,8103403,43.78585714285715,43.66171428571428,55.19535902188443,-0.045788702049215146,23.094285714285714,23.326285714285714,36.59942342017624,-0.13892277234852912
2011-06-07,43.303,43.309,42.503,42.521,147655387,22.683,22.737,22.53,22.538,9875606,43.73142857142857,43.57261904761905,45.794094071649276,-0.13429831072240717,23.005000000000003,23.27490476190476,35.55999980086398,-0.17369404151812518
2011-06-08,42.516,42.875,42.345,42.546,92985601,22.449,22.512,22.325,22.387,11205082,43.63657142857143,43.478857142857144,41.58926718571557,-0.20011867864901234,22.877285714285716,23.211714285714283,29.008863655872716,-0.21100265364225024
2011-06-09,42.68,42.73,42.356,42.452,76679412,22.395,22.495,22.332,22.404,5980050,43.33757142857143,43.36933333333333,40.065258361512335,-0.25690536373511463,22.707,23.139095238095237,28.169588098502118,-0.23647233375496768
2011-06-10,42.337,42.472,41.686,41.735,120988800,22.325,22.349,22.072,22.091,12229429,42.97885714285714,43.239285714285714,39.81908165941851,-0.3556652410676975,22.561714285714285,23.061809523809522,26.2737641186948,-0.2787010308945064
2011-06-13,41.901,42.043,41.628,41.827,91873734,22.11,22.216,22.03,22.11,13078993,42.622,43.11761904761905,41.47426020512407,-0.4216490168574083,22.416571428571427,22.976952380952383,30.590262633234047,-0.30709444283124654
2011-06-14,42.266,42.677,42.172,42.573,93150072,22.306,22.449,22.278,22.387,10223047,42.42071428571428,43.06847619047619,50.253565657123644,-0.4090306187797452,22.360857142857146,22.91914285714286,39.05817152876356,-0.3037434756269093
2011-06-15,42.182,42.298,41.605,41.843,110395909,22.171,22.278,21.92,21.965,18569491,42.21385714285714,43.028523809523804,40.052680421329796,-0.4527167101003329,22.268857142857144,22.85747619047619,31.827657941074634,-0.3313204275251991
2011-06-16,41.849,42.091,40.764,41.641,141495642,21.947,22.063,21.75,21.911,6312727,42.08814285714286,42.96152380952381,40.19592589601258,-0.49789850005121394,22.179285714285715,22.79323809523809,27.48201425009057,-0.3534582624594691
2011-06-17,42.143,42.164,40.899,41.013,171474094,22.144,22.162,21.84,21.893,22276897,41.869142857142855,42.84195238095238,33.72833647278969,-0.5777201474480478,22.108714285714285,22.72009523809524,24.104477486021423,-0.3682106030779515
2011-06-20,40.634,40.687,39.763,40.381,178379402,21.807,22.038,21.797,21.975,9745972,41.57328571428572,42.6882380952381,15.575396789342662,-0.6840907242125382,22.047428571428572,22.648666666666664,16.877809466167022,-0.36903126193199753
2011-06-21,40.536,41.721,40.366,41.658,137379006,22.091,22.414,21.994,22.368,16015191,41.562285714285714,42.627761904761904,31.58269279217795,-0.6577646436238922,22.087,22.60242857142857,34.26870727901273,-0.33411831645375045
2011-06-22,41.621,42.12,41.286,41.312,108730070,22.244,22.378,22.19,22.209,12323671,41.48871428571429,42.5557619047619,29.34320575746537,-0.6572440432353659,22.101142857142857,22.564238095238096,31.60850363316517,-0.315641013683571
2011-06-23,40.844,42.476,40.739,42.418,155729276,21.939,22.378,21.884,22.359,8733462,41.466571428571434,42.54990476190476,40.29294928449587,-0.561118284603495,22.09714285714286,22.53657142857143,40.88927612360512,-0.28560163386438475
2011-06-24,42.453,42.665,41.631,41.793,122605730,22.287,22.297,21.947,21.975,13132456,41.459428571428575,42.48638095238095,40.62578215660065,-0.529269120038883,22.09857142857143,22.487238095238094,37.3705177198457,-0.28944426638366494
2011-06-27,41.956,42.758,41.908,42.521,94613258,22.02,22.387,21.956,22.269,13379787,41.585142857142856,42.4682380952381,49.99999991192753,-0.4402104398809783,22.149714285714285,22.444666666666667,45.078667899340836,-0.26570337429610547
2011-06-28,42.72,43.115,42.701,42.934,81863228,22.332,22.555,22.315,22.547,9000289,41.85957142857143,42.45509523809524,52.32725519042926,-0.3324726085335499,22.243142857142857,22.409714285714287,52.79720253875496,-0.2218983634093128
2011-06-29,43.052,43.076,42.501,42.776,98306133,22.626,22.727,22.495,22.727,6655867,42.20171428571428,42.37085714285714,51.928571342023844,-0.25687775367691756,22.35057142857143,22.368333333333332,55.34237486774951,-0.17069046754747674
2011-06-30,42.827,43.046,42.624,42.985,90013064,22.822,23.037,22.794,23.013,10160756,42.39128571428571,42.31080952380952,57.919411960102416,-0.178051269060731,22.44271428571429,22.363809523809525,65.38718260499984,-0.10581031588880307
2011-07-01,43.021,43.989,42.798,43.96,122640579,23.038,23.425,22.971,23.39,12788324,42.76957142857143,42.29342857142857,62.15384605468334,-0.03648577519835783,22.611428571428572,22.376380952380952,69.08169321194286,-0.023698398596238235
2011-07-05,43.922,44.799,43.862,44.749,98925488,23.372,23.461,23.316,23.425,5532737,43.10257142857143,42.329952380952385,62.338398630898446,0.13778332426872453,22.763714285714286,22.407238095238096,66.67737759206837,0.043696390149744246
2011-07-06,44.692,45.346,44.399,45.046,123826128,23.417,23.578,23.326,23.533,7547088,43.56728571428572,42.41352380952381,69.09958247258267,0.29644107086807736,22.986285714285714,22.451238095238097,78.02001390554679,0.10461599511996411
2011-07-07,45.437,45.845,45.334,45.744,111209088,23.683,23.871,23.667,23.821,14527997,44.02771428571429,42.567,73.09987602483977,0.4730482390485591,23.208,22.512333333333334,81.49736110126548,0.17412718425480733
2011-07-08,45.273,46.103,45.102,46.064,136477568,23.597,23.702,23.461,23.702,7980430,44.47485714285715,42.73452380952381,79.45876576316081,0.6315518809102088,23.372999999999998,22.574952380952382,78.87009221060288,0.21711028475356287
2011-07-11,45.651,46.071,45.184,45.334,123360936,23.442,23.56,23.229,23.308,13055621,44.84028571428571,42.871761904761904,78.5607195133376,0.6903048552358868,23.456,22.618000000000002,69.3468792537427,0.2168821123836011
2011-07-12,45.271,45.806,44.646,45.302,125760005,23.237,23.316,23.075,23.101,10528666,45.17128571428571,43.04161904761905,74.53541596505578,0.7259169592775336,23.46857142857143,22.666095238095238,61.24578065129152,0.197718933320143
2011-07-13,45.889,46.103,45.639,45.848,108946852,23.22,23.399,23.083,23.158,6231556,45.440999999999995,43.23309523809524,79.74036177335894,0.7891011780078614,23.43542857142857,22.716,65.03009157097836,0.1849988479191964
2011-07-14,46.218,46.308,45.634,45.815,119636953,23.202,23.353,22.869,22.961,12004675,45.593285714285706,43.387476190476185,75.91942605480364,0.8269793986312379,23.369142857142858,22.743333333333332,59.394506606890346,0.15720962034957608
2011-07-15,46.229,46.742,45.996,46.73,134729826,23.184,23.237,23.038,23.211,11474873,45.83385714285714,43.62019047619047,86.07335946148959,0.9202232535511996,23.32314285714286,22.80266666666667,70.13029283979661,0.15358889082523675
2011-07-18,46.798,47.98,46.779,47.868,159233208,23.093,23.22,22.925,23.129,9359043,46.13728571428572,43.916714285714285,86.86060923534424,1.0735713079351967,23.224285714285717,22.860666666666667,65.0454860354665,0.14246052563294498
2011-07-19,48.397,48.491,47.808,48.259,223877469,23.353,23.692,23.334,23.683,9699295,46.450857142857146,44.26176190476191,86.82063321594683,1.2126722473194036,23.221571428571426,22.94590476190476,68.12380314175707,0.17631197141524524
2011-07-20,50.72,50.747,49.433,49.548,262089246,23.861,23.861,23.569,23.613,4408479,47.05285714285714,44.69828571428572,90.49270494296843,1.4106610488617974,23.265142857142855,23.023904761904763,64.64947060016776,0.1952404606017737
2011-07-21,49.563,49.951,49.164,49.598,146676261,23.606,23.827,23.461,23.72,12524424,47.66657142857142,45.07638095238095,90.30842359328074,1.5536931748695224,23.353571428571428,23.088285714285714,62.425307249928125,0.21638112351883265
2011-07-22,49.729,50.59,49.657,50.367,143511789,23.702,23.972,23.683,23.926,4541085,48.31214285714286,45.50757142857143,90.05877188185282,1.7093942060736467,23.463285714285714,23.17004761904762,60.02243798043595,0.24691148764451754
2011-07-25,49.967,51.224,49.895,51.034,164189669,23.728,23.991,23.674,23.861,6591965,49.05771428571428,45.917857142857144,89.90476174493119,1.86510989483957,23.591857142857144,23.241571428571426,58.06212987689725,0.26283229728550594
2011-07-26,51.224,51.803,51.182,51.659,132729065,23.88,24.069,23.845,23.973,5376716,49.76185714285714,46.38766666666667,90.30842359328074,2.0157121023360673,23.700714285714287,23.336714285714283,58.12407650895968,0.2812450991719153
2011-07-27,51.266,51.566,50.219,50.276,183392773,23.728,23.747,23.291,23.334,15035117,50.10585714285714,46.75695238095238,75.49504938603393,2.000409420433485,23.729999999999997,23.387428571428572,42.03988212207962,0.24149165222625868
2011-07-28,50.152,50.84,49.703,50.176,165501080,23.306,23.559,23.218,23.296,11954388,50.379714285714286,47.10180952380953,73.71942766127458,1.9576462432114212,23.674714285714284,23.423095238095236,43.18334432351681,0.20456240858249686
2011-07-29,49.627,50.605,49.174,50.006,176122513,23.082,23.361,22.931,23.108,18310949,50.445142857142855,47.44609523809524,78.81105067792859,1.888271716975197,23.602571428571427,23.441238095238095,46.392496158190866,0.1583008939489794
2011-08-01,50.968,51.161,50.249,50.808,170311809,23.39,23.47,22.825,23.093,13398897,50.618,47.81861904761905,81.0092361867392,1.8763768976508075,23.513,23.44504761904762,49.844960969833565,0.11905553753868503
2011-08-02,50.947,50.954,49.732,49.805,178043558,22.958,23.082,22.578,22.606,23590111,50.53771428571429,48.09695238095238,71.19442945937632,1.7656629862410895,23.324428571428573,23.407714285714285,40.83056459414354,0.048101990065791966
2011-08-03,50.083,50.397,48.951,50.273,204282731,22.618,22.907,22.315,22.841,24049961,50.42900000000001,48.36,72.81473889258893,1.6961331355783074,23.178714285714282,23.37990476190476,48.03149584237505,0.010709871788559866
2011-08-04,49.845,50.114,48.325,48.328,241636354,22.574,22.618,21.884,21.92,37629965,49.95314285714286,48.516285714285715,57.39814807374316,1.4671723336564355,22.885428571428573,23.30309523809524,32.64318352863549,-0.09217808266555139
2011-08-05,48.651,49.111,46.432,47.846,335646044,22.063,22.171,21.141,21.788,36676072,49.606,48.61638095238095,49.8915614453389,1.2326170349010468,22.66457142857143,23.206285714285713,32.210135194761975,-0.18226775544110296
2011-08-08,46.28,47.096,45.209,45.232,318020359,21.122,21.475,20.562,20.562,39647330,48.89971428571429,48.57676190476191,37.761785353872,0.826277504139405,22.274,23.056761904761906,14.86151762934891,-0.34857427678444
2011-08-09,46.33,47.974,45.462,47.897,301440424,20.829,21.508,20.253,21.499,46683671,48.59842857142858,48.69880952380952,43.993305638077096,0.711096646657893,22.044142857142855,22.97061904761905,30.086661563448857,-0.40015261371401323
2011-08-10,47.512,47.98,46.422,46.575,244802300,21.079,21.302,20.606,20.656,38249900,47.99371428571429,48.75942857142857,39.93339989616601,0.5072928791534892,21.696,22.854190476190478,24.652547924365336,-0.5032507111521234
2011-08-11,47.452,48.081,46.706,47.855,206716645,20.973,21.724,20.855,21.447,35285486,47.71514285714285,48.855,41.91034390140764,0.44394470940897435,21.53042857142857,22.772714285714283,31.301855417374256,-0.5151908078782554
2011-08-12,48.459,48.614,47.924,48.278,147400799,21.715,21.75,21.392,21.598,16288861,47.430142857142854,48.97228571428571,40.98285560962178,0.4229973432626011,21.352857142857143,22.707809523809523,33.149664860149585,-0.5066288801522525
2011-08-15,48.62,49.301,48.418,49.1,128218830,21.759,22.012,21.661,22.004,23562267,47.54042857142857,49.085142857142856,41.73396210451092,0.4673377561876606,21.364857142857144,22.650333333333332,35.953773647688294,-0.4617598042398292
2011-08-16,48.854,49.096,48.16,48.725,139019116,21.797,21.984,21.527,21.821,22595469,47.666,49.12595238095238,44.64100610704345,0.46683707963392607,21.369571428571426,22.58804761904762,38.45566907700606,-0.43594204044246254
2011-08-17,48.967,49.241,48.407,48.719,122825663,21.807,22.004,21.499,21.724,24096518,48.164142857142856,49.14785714285714,44.93287886005005,0.460646098520499,21.535571428571426,22.49476190476191,38.11252260532739,-0.418484339000738
2011-08-18,47.472,47.722,46.279,46.877,237102519,21.107,21.113,20.461,20.666,34560737,48.018428571428565,49.02066666666666,40.25172904458071,0.30360591561374406,21.416571428571427,22.354428571428574,33.6808339385817,-0.4844364607885545
2011-08-19,46.323,46.999,45.588,45.592,216219314,20.399,20.775,20.123,20.168,38722038,47.878,48.829904761904764,34.224534207649185,0.07460171629233514,21.346857142857143,22.185285714285715,31.638418023485514,-0.5703142033768565
2011-08-22,46.697,46.726,45.475,45.645,149071936,20.58,20.622,20.194,20.272,16336000,47.56228571428572,48.60504761904762,36.65126424636649,-0.10143976997135695,21.179,22.011285714285716,34.60828271108993,-0.6228017315770771
2011-08-23,46.141,47.849,45.718,47.844,182939544,20.414,21.034,20.347,21.016,10824891,47.50028571428572,48.45314285714286,42.9850401084855,-0.0627891991526397,21.09585714285714,21.875809523809522,38.7220367640454,-0.5974765558755131
2011-08-24,47.826,48.532,47.459,48.176,163242890,21.026,21.26,20.846,21.205,13094477,47.36828571428571,48.287285714285716,49.515923522724655,-0.005307535985238587,20.981714285714283,21.744,45.142002903656994,-0.555749121284542
2011-08-25,46.743,48.081,46.742,47.858,242767964,21.205,21.302,20.829,20.9,22823906,47.24442857142857,48.17214285714286,50.038619934311235,0.014420918473383892,20.850142857142856,21.628095238095238,44.10515127224214,-0.5410538477869444
2011-08-26,47.534,49.15,47.485,49.123,178673726,20.846,21.373,20.597,21.311,13528115,47.30214285714285,48.122,63.71325855417032,0.13062502474753046,20.791142857142855,21.533571428571427,55.575405571228856,-0.4905882762684648
2011-08-29,49.709,50.135,49.687,49.939,112854433,21.527,21.857,21.517,21.849,18545363,47.73957142857143,48.118809523809524,58.27524713763548,0.2852735407771618,20.96014285714286,21.47361904761905,52.769863764042725,-0.4025415945799864
2011-08-30,49.72,50.179,49.459,49.941,116360732,21.807,22.055,21.642,21.939,13926115,48.360857142857135,48.07752380952381,65.2750044550871,0.4033454716747116,21.213142857142856,21.418666666666667,61.52740325940996,-0.32179229588297176
2011-08-31,50.07,50.211,48.902,49.282,145657843,22.055,22.21,21.702,21.882,6493410,48.880428571428574,48.05261904761905,56.86255643011676,0.4386856400796333,21.443142857142856,21.384190476190476,54.50217330510653,-0.2594070356971869
2011-09-01,49.42,49.604,48.758,48.795,95695032,21.929,22.099,21.633,21.642,12643371,49.01628571428572,47.982238095238095,52.47108300022989,0.4225255368062335,21.53257142857143,21.327095238095236,50.447154327995904,-0.22671878870607998
2011-09-02,48.017,48.407,47.617,47.901,122378780,21.28,21.386,21.071,21.169,7386924,48.977,47.96190476190476,44.30836412984744,0.3337331420842631,21.527428571428572,21.29133333333333,41.62823328999493,-0.23625684261667956
2011-09-06,47.01,48.706,46.93,48.628,141829851,20.692,21.097,20.594,21.051,12766215,49.087,47.999142857142864,49.554432641822494,0.31835752636666115,21.549000000000003,21.256238095238096,42.17797631237469,-0.25045039661937807
2011-09-07,49.356,49.378,48.919,49.168,97469791,21.364,21.599,21.311,21.599,12013602,49.09342857142857,48.186571428571426,51.96602147933055,0.3457600208743301,21.590142857142858,21.305619047619047,48.83677634771731,-0.21500146717283997
2011-09-08,48.973,49.766,48.961,49.193,115834547,21.518,21.809,21.438,21.491,6411542,48.98685714285715,48.248285714285714,62.05998741211829,0.3652832285840546,21.538999999999998,21.305238095238092,59.3262489643754,-0.19339331484665934
2011-09-09,49.191,49.433,48.025,48.341,157483238,21.33,21.447,20.924,21.033,18434147,48.75828571428571,48.33238095238095,64.99072953322388,0.3084506052388605,21.40957142857143,21.323190476190476,59.86767035406176,-0.2107955508891486
2011-09-12,47.831,48.778,47.626,48.656,130245831,20.82,21.295,20.792,21.286,12566330,48.66885714285714,48.37052380952381,65.96331238219844,0.2855367196522991,21.32442857142857,21.31552380952381,61.187113668001004,-0.2018452167242728
2011-09-13,48.938,49.459,48.695,49.254,122789824,21.382,21.599,21.24,21.537,10309712,48.73442857142857,48.417,59.003831312125946,0.3120339691824583,21.309428571428572,21.312619047619048,56.44961604597807,-0.1725098242392633
2011-09-14,49.563,50.226,49.4,49.856,148981888,21.698,22.102,21.438,21.859,18773453,49.013714285714286,48.453,60.37037026602652,0.37726077187210194,21.407999999999998,21.305714285714288,57.837967207638684,-0.12187372101893601
2011-09-15,50.145,50.413,49.931,50.322,115696168,22.072,22.253,21.902,22.209,8535787,49.255714285714284,48.52904761904762,64.93695430296835,0.46123891333125044,21.573428571428572,21.324190476190477,65.52051199495207,-0.05289245814239507
2011-09-16,50.714,51.288,50.588,51.288,194047962,22.257,22.453,22.228,22.453,11151347,49.558571428571426,48.651380952380954,63.61806505338372,0.5988372986530237,21.69542857142857,21.35890476190476,64.09876521052279,0.02121984135509436
2011-09-19,50.828,52.918,50.611,52.714,229042385,22.138,22.489,21.987,22.399,5865423,50.061571428571426,48.92933333333334,66.21100585033835,0.8135729304731854,21.825142857142858,21.44142857142857,57.71172159058775,0.0747355194074828
2011-09-20,53.191,54.15,52.658,52.947,215933121,22.525,22.733,22.327,22.343,27518130,50.71957142857143,49.27957142857143,67.09897600234521,0.9911285060533856,22.012285714285714,21.544999999999998,55.719139076990956,0.11134483389972516
2011-09-21,53.75,53.988,52.762,52.779,168477126,22.434,22.606,22.005,22.014,24565853,51.308571428571426,49.619285714285716,71.06880335040816,1.1055423785899734,22.116285714285713,21.627952380952383,51.735015582468364,0.11251344401302532
2011-09-22,51.353,52.483,50.801,51.456,269774087,21.438,21.644,21.051,21.33,45871222,51.62314285714286,49.79128571428571,64.56486032797943,1.077045641932422,22.086714285714283,21.642904761904763,46.327683463138506,0.05758271468283738
2011-09-23,51.257,52.088,51.206,51.776,152263430,21.25,21.634,21.176,21.574,29036167,51.89742857142858,49.96271428571428,72.63170178520691,1.0679721799707238,22.046,21.660476190476192,55.0385666159393,0.03335399267562522
2011-09-26,51.237,51.735,50.112,51.631,226515830,21.671,21.886,21.311,21.842,22816109,52.084428571428575,50.142380952380954,68.81814751679984,1.0371257675509327,21.993571428571432,21.705333333333336,59.48668725526179,0.035370190616689
2011-09-27,52.373,52.409,50.974,51.129,176027843,22.219,22.453,21.997,22.12,24412904,52.06171428571429,50.23790476190476,62.347311311816846,0.9610936693012277,21.946,21.743857142857145,56.68120010424807,0.05872339195950005
2011-09-28,51.284,51.703,50.776,50.843,119722770,22.165,22.327,21.79,21.809,13716334,51.794428571428575,50.280952380952385,60.05852220911741,0.8677569123329221,21.86171428571429,21.74195238095238,53.87615778784346,0.05154173042512511
2011-09-29,51.478,51.508,49.459,50.017,181445267,22.12,22.212,21.418,21.761,21909178,51.37585714285715,50.284571428571425,60.24951066004243,0.7188491179864442,21.778571428571432,21.733476190476193,59.85915470259255,0.04149864255147051
2011-09-30,49.576,49.802,48.815,48.831,152700185,21.475,21.655,21.184,21.211,18533733,50.81185714285714,50.26309523809524,50.967171359175396,0.49938176779490817,21.663857142857143,21.70152380952381,49.05991459342217,-0.010717436466940455
2011-10-03,48.709,49.004,47.789,47.973,186284083,21.043,21.356,20.71,20.737,26188517,50.31428571428571,50.22395238095238,43.11808309835038,0.2532990088950484,21.57914285714286,21.658428571428573,40.50332370203075,-0.08931729966977286
2011-10-04,48.011,48.894,45.364,47.704,343735715,20.511,21.167,20.315,21.158,18886555,49.732571428571426,50.21457142857143,38.0098060472323,0.03615383871544253,21.519714285714286,21.657904761904764,41.86963567938417,-0.11629648252475988
2011-10-05,47.108,48.64,46.141,48.44,219177331,21.112,21.634,20.943,21.599,14730187,49.276714285714284,50.205619047619045,39.82042399854109,-0.07567390246476435,21.484999999999996,21.683999999999997,43.0713310761021,-0.10092921572995195
2011-10-06,47.774,49.275,47.615,48.328,226333493,21.556,21.932,21.428,21.922,11867843,48.87657142857143,50.16561904761905,32.35995227019798,-0.1713603218798596,21.45671428571428,21.699380952380952,44.07498312496102,-0.06197276207897673
2011-10-07,48.121,48.375,47.189,47.356,149312946,21.949,22.066,21.706,21.842,5089092,48.37842857142857,50.07814285714286,16.24243948747555,-0.3219139516565903,21.46142857142857,21.71609523809524,43.82072318316172,-0.03712684811221223
2011-10-10,48.559,49.793,48.434,49.793,122947396,22.084,22.534,22.084,22.517,8977440,48.346428571428575,50.147285714285715,34.447731707863056,-0.24179598123486556,21.56942857142857,21.786761904761903,51.69722966762363,0.036608575629408335
2011-10-11,50.274,51.633,50.135,51.262,168665435,22.434,22.669,22.382,22.614,11984940,48.69371428571429,50.27138095238096,43.3703347078765,-0.05908479664537225,21.769857142857145,21.849999999999998,56.12995488642841,0.1016991945081216
2011-10-12,52.174,52.409,51.243,51.505,173321900,22.794,22.958,22.714,22.714,10695143,49.19828571428572,50.37857142857143,50.236463593928136,0.10412293825119434,22.052285714285716,21.90604761904762,66.05568424019032,0.15951436092867155
2011-10-13,51.87,52.304,51.591,52.304,118153365,22.698,22.983,22.641,22.967,6956027,49.85542857142857,50.495142857142866,52.435424286522505,0.2945435517655781,22.310714285714283,21.958809523809524,66.12641793800184,0.22317565244416215
2011-10-14,53.402,54.043,53.181,54.043,159450387,23.279,23.407,23.173,23.371,12798043,50.655857142857144,50.67233333333333,59.6992117712893,0.5791005161798068,22.56385714285714,22.014142857142854,67.16049361610615,0.302737340640693
2011-10-17,53.968,54.645,53.264,53.786,190991217,23.324,23.333,22.903,23.002,7087302,51.43557142857143,50.79128571428571,60.89917131408744,0.7749431462344916,22.71814285714286,22.040285714285716,59.70083571583549,0.3321861010152922
2011-10-18,53.988,54.402,53.27,54.075,240888318,22.94,23.342,22.723,23.209,7442093,52.39542857142857,50.85609523809524,63.254593103218156,0.9426039743829264,22.91342857142857,22.078857142857142,65.75866705974302,0.3679857155422255
2011-10-19,51.411,52.302,50.943,51.05,307564028,23.072,23.118,22.714,22.759,13623203,52.574999999999996,50.76576190476191,53.589048658866865,0.8219097061301781,22.948,22.098666666666666,60.301403624232115,0.3559428412765193
2011-10-20,51.224,51.27,50.487,50.623,153130629,22.751,22.776,22.382,22.659,5476069,52.48371428571428,50.663095238095245,56.572769894951655,0.6839194993095958,22.95442857142857,22.129380952380952,66.47701389834359,0.3344740042731722
2011-10-21,51.008,51.114,50.04,50.311,172906566,22.912,23.063,22.776,22.948,10894729,52.31314285714286,50.60857142857143,58.93321100221116,0.5431246706118742,22.98785714285714,22.20642857142857,76.26514586179327,0.3368961518714251
2011-10-24,50.723,52.059,50.635,51.964,139963135,23.028,23.38,22.983,23.306,10564221,52.264571428571436,50.61752380952381,64.72011051098262,0.5584891248160915,23.036285714285718,22.28890476190476,75.90448599549856,0.3635129780310642
2011-10-25,51.873,52.065,50.889,50.939,119901221,23.244,23.252,22.875,22.94,9015340,51.82114285714285,50.58457142857143,58.46602067765268,0.4823958724140809,22.97471428571429,22.341190476190473,66.4701545245438,0.3510274375233067
2011-10-26,51.478,51.553,50.347,51.301,127051612,23.155,23.164,22.614,23.035,8338563,51.46614285714286,50.59276190476191,59.904057509583794,0.4461587558892717,22.97942857142857,22.384761904761906,64.48087408203688,0.34482335379189166
2011-10-27,52.229,52.378,51.465,51.826,137831561,23.596,23.871,23.416,23.72,11034693,51.14485714285714,50.63957142857143,65.34816639782485,0.45456376424289147,23.05242857142857,22.475761904761903,71.110611286972,0.3906768682041246
2011-10-28,51.608,52.04,51.547,51.858,89898816,23.621,23.853,23.596,23.828,6982531,51.260285714285715,50.72723809523809,58.49304920466375,0.4585213774630432,23.205142857142857,22.574190476190477,66.8899765688071,0.430765212906536
2011-10-31,51.494,52.418,51.359,51.838,107509269,23.52,23.656,23.368,23.377,3240428,51.43385714285715,50.87042857142857,52.689577816804814,0.4548013151430723,23.307714285714287,22.677333333333333,59.00826426774126,0.42128724692801
2011-11-01,50.905,51.161,50.357,50.776,148177380,22.813,22.983,22.688,22.733,7598338,51.50028571428571,51.003904761904764,46.83785888299383,0.3619858667141145,23.276999999999997,22.772380952380953,50.19878620992196,0.3576872764670256
2011-11-02,51.245,51.28,50.599,50.893,91325063,23.019,23.108,22.838,23.011,5084969,51.34728571428571,51.1557619047619,43.494697961371514,0.29447534880864623,23.23485714285714,22.860619047619046,50.45795155986443,0.32595866967887943
2011-11-03,51.131,51.658,50.629,51.618,123096729,23.261,23.586,22.992,23.559,6521224,51.44428571428572,51.30709523809524,37.666564893974986,0.2960614063036928,23.32328571428571,22.95395238095238,51.89975733092229,0.3411005456177527
2011-11-04,51.528,51.663,51.116,51.256,84118437,23.383,23.49,23.194,23.419,3283245,51.43785714285714,51.44652380952381,37.2685184660065,0.26505263190460937,23.378142857142855,23.025238095238095,54.418308802319075,0.3379085618591162
2011-11-07,51.214,51.224,50.728,51.189,75203074,23.397,23.586,23.164,23.559,7100736,51.34685714285714,51.62904761904762,35.14515127732835,0.23239273592920995,23.355142857142855,23.107,53.76182271008912,0.3427250012293115
2011-11-08,51.508,52.248,51.423,52.023,111450134,23.738,23.853,23.494,23.828,5109424,51.370428571428576,51.73523809523809,56.466834934130624,0.2706860626045611,23.355142857142855,23.169428571428572,61.95481975679545,0.3640515562774205
2011-11-09,50.842,51.339,50.489,50.621,155503300,23.371,23.416,22.94,23.002,11564600,51.196571428571424,51.70471428571428,49.988232442947165,0.1857627594287834,23.30157142857143,23.187904761904765,53.299980614546904,0.3107199221267649
2011-11-10,50.856,50.869,48.939,49.334,207622351,23.289,23.296,22.875,23.072,6371583,50.990571428571435,51.60133333333334,44.84323861207587,0.0144437867477194,23.35,23.20495238095238,51.245479968373495,0.2709789560870597
2011-11-11,49.529,49.777,48.697,49.254,182195095,23.289,23.586,23.279,23.513,5494338,50.75642857142857,51.45609523809524,32.84810120761095,-0.12632684753798884,23.421714285714284,23.23095238095238,52.04505024132965,0.271934279490857
2011-11-14,49.187,49.337,48.432,48.57,120687460,23.459,23.568,23.271,23.333,3627990,50.321000000000005,51.19547619047619,34.32993775888092,-0.2897417108952993,23.38942857142857,23.229142857142858,54.030769075603914,0.25522481173610245
2011-11-15,48.768,49.88,48.592,49.796,120066631,23.296,23.728,23.289,23.648,6049806,50.112428571428566,51.00547619047619,41.06612838953746,-0.31667082935592816,23.42214285714286,23.25990476190476,56.01570151438275,0.2643530086605992
2011-11-16,49.873,50.092,49.217,49.274,97180914,23.459,23.674,23.252,23.296,9725283,49.838857142857144,50.776857142857146,34.845605642774515,-0.375801382801086,23.38457142857143,23.264047619047616,45.54808890431055,0.240412387918699
2011-11-17,49.167,49.249,48.086,48.333,133785074,23.235,23.252,22.659,22.846,8399296,49.31171428571429,50.64747619047619,31.107299771089913,-0.492911629713376,23.244285714285716,23.268190476190473,40.380093933126716,0.18301831311614336
2011-11-18,48.524,48.663,48.009,48.017,103705732,22.83,22.875,22.632,22.659,5434971,48.93971428571429,50.523380952380954,30.150649306793866,-0.6042554228245578,23.195285714285713,23.268190476190473,42.58264450492625,0.12104838769401738
2011-11-21,47.413,47.597,46.86,47.258,124808869,22.399,22.425,22.058,22.264,10472369,48.643142857142855,50.37799999999999,31.130658610187808,-0.745151495229905,23.079857142857144,23.235619047619046,44.89218021596808,0.03960701150638002
2011-11-22,47.547,48.398,47.503,48.217,114021111,22.219,22.343,22.048,22.228,5110407,48.495,50.19957142857143,36.83589133060777,-0.7705469765135291,22.89628571428571,23.184285714285714,40.997930426771475,-0.02752349133586307
2011-11-23,47.985,48.131,46.984,46.998,119387777,22.048,22.094,21.698,21.698,13947713,48.270428571428575,50.01190476190476,28.32613995153254,-0.8789047242256132,22.662714285714284,23.12514285714286,28.515354329435496,-0.12208415890359348
2011-11-25,47.151,47.532,46.528,46.56,71048015,21.671,21.895,21.583,21.583,5850893,47.80814285714286,49.786142857142856,28.125582225288042,-0.9887245581968997,22.367714285714282,23.056,28.68091026439093,-0.20395266871986095
2011-11-28,47.685,48.244,47.426,48.168,96542787,22.129,22.319,22.12,22.282,6131122,47.65014285714285,49.61195238095239,37.69450097533824,-0.9352247180524955,22.222857142857144,22.98752380952381,36.8756422371513,-0.21000973289249814
2011-11-29,48.101,48.515,47.409,47.794,104755245,22.309,22.453,22.12,22.174,5301728,47.573142857142855,49.41842857142857,32.103258531574596,-0.9124858151695321,22.12685714285714,22.908761904761906,32.4192175905891,-0.2209774072967825
2011-11-30,48.793,48.957,48.445,48.945,113089269,22.761,23.048,22.698,22.996,11245600,47.705714285714286,49.28066666666667,42.75337248369531,-0.7924540728518892,22.175,22.890619047619047,49.93617006401992,-0.16147940396912475
2011-12-01,48.977,49.817,48.762,49.678,106954755,22.967,23.2,22.967,23.155,6132080,48.05142857142857,49.22838095238095,51.56221610155573,-0.6309083593796387,22.302285714285713,22.910714285714285,50.86656907243018,-0.10034017738512802
2011-12-02,49.973,50.409,49.763,49.905,105667860,23.327,23.392,23.101,23.138,4809053,48.29257142857143,49.181333333333335,52.91745086126699,-0.4790431039882179,22.432285714285715,22.916761904761906,45.70446720736254,-0.05265172148729391
2011-12-05,50.39,50.763,49.994,50.328,99583616,23.459,23.568,23.279,23.397,5136848,48.76828571428571,49.11990476190476,58.06718054213102,-0.32085758362185857,22.675,22.90904761904762,50.720071847416506,0.005972017139068697
2011-12-06,50.27,50.535,49.864,50.065,79031632,23.401,23.507,23.291,23.392,4498962,49.269,49.06319047619048,51.35407221192418,-0.21424661941890832,22.93342857142857,22.907761904761905,46.90372504677016,0.051435379115403634
2011-12-07,49.905,50.064,49.53,49.828,84948476,23.299,23.507,23.101,23.401,3945699,49.506142857142855,48.99838095238095,52.871061283147306,-0.1471839367024188,23.093285714285713,22.900238095238095,51.38485868652387,0.08718661281064755
2011-12-08,50.133,50.649,49.973,50.028,104844659,23.282,23.437,23.013,23.046,7583386,49.82528571428571,48.90338095238095,59.51498811797353,-0.07701022304474492,23.217857142857138,22.863,52.70562750598518,0.08588417068799359
2011-12-09,50.291,50.463,50.077,50.407,82753983,23.111,23.454,23.092,23.411,6878407,50.034142857142854,48.893190476190476,63.32218496248486,0.009080409855648952,23.277142857142856,22.88247619047619,59.705730295332955,0.11300181095442952
2011-12-12,50.158,50.446,49.874,50.179,83412983,23.173,23.209,22.94,23.108,34544003,50.105714285714285,48.933428571428564,67.3065527974533,0.058238821274983366,23.27042857142857,22.884190476190476,61.158117171810254,0.10878911531183988
2011-12-13,50.309,50.635,49.573,49.793,94404265,23.264,23.345,22.822,22.895,13049476,50.089714285714294,48.959095238095244,60.01779801166424,0.06529753311320974,23.235714285714288,22.854761904761904,58.42384419855166,0.08725735530341439
2011-12-14,49.522,49.608,48.366,48.689,113224348,22.847,22.866,22.461,22.541,9950471,49.85557142857142,48.96476190476191,60.90826979064436,-0.017984644598868726,23.113428571428575,22.817047619047617,61.14195060640038,0.04115404070645923
2011-12-15,49.09,49.143,48.447,48.53,71442867,22.768,22.784,22.471,22.481,6896545,49.63628571428571,48.904476190476196,63.1825480614888,-0.09571302150037297,22.983285714285717,22.76147619047619,62.043991183311235,-0.00022210652143073162
2011-12-16,48.712,49.194,48.607,48.793,117455858,22.623,22.831,22.489,22.551,21820828,49.48842857142857,48.881571428571434,55.10037526172592,-0.1345405188277553,22.861857142857144,22.726000000000003,54.34010946732443,-0.02705273917551665
2011-12-19,48.98,49.285,48.725,48.947,65393948,22.623,22.679,22.264,22.334,11246474,49.333999999999996,48.91080952380952,59.759607104006406,-0.1511427971460435,22.760142857142856,22.70161904761905,52.49376535694742,-0.06507613810192936
2011-12-20,49.624,50.725,49.594,50.707,93898733,22.632,22.994,22.632,22.969,8529394,49.37685714285715,49.03890476190476,63.52056462718112,-0.02202899472138853,22.697000000000003,22.716380952380955,49.553127873636654,-0.04346967129952617
2011-12-21,50.778,50.88,50.202,50.767,73046809,22.804,22.804,22.327,22.588,8120667,49.460857142857144,49.206,59.318842917942234,0.08416591025202536,22.622714285714288,22.731809523809524,41.25809417896597,-0.056439309317021014
2011-12-22,50.842,51.113,50.725,51.041,56284285,22.659,22.847,22.659,22.847,3619149,49.63914285714286,49.340476190476195,59.64346335568615,0.18826544081236563,22.615857142857145,22.761285714285716,45.82496394790544,-0.04529655495104734
2011-12-23,51.184,51.683,51.161,51.649,75114441,22.847,23.074,22.847,23.074,4961459,50.062000000000005,49.56195238095238,60.872427843256965,0.31618085147003683,22.692,22.826809523809523,45.3229074328061,-0.01794201457940403
2011-12-27,51.63,52.39,51.612,52.062,73888680,23.03,23.185,23.013,23.111,2683256,50.56657142857143,49.823952380952385,66.04016049404626,0.4457421464130036,22.782000000000004,22.89957142857143,45.96843597028464,0.006645639724069952
2011-12-28,52.108,52.282,51.397,51.566,63708896,23.111,23.12,22.814,22.876,4366984,50.962714285714284,49.98576190476191,63.402220714430776,0.5026036493294228,22.828428571428567,22.927857142857142,42.92643476125841,0.007087298910850137
2011-12-29,51.64,51.948,51.289,51.88,59990650,22.923,23.083,22.885,23.046,6523488,51.38171428571429,50.18033333333334,64.0345557901662,0.5664740160094723,22.93014285714286,22.969380952380952,49.99999980147476,0.020913814810342046
2011-12-30,51.671,52.028,51.67,51.865,50136156,23.024,23.125,22.98,22.98,3320977,51.54714285714285,50.319380952380946,61.69393633883306,0.6088627760464362,22.931714285714285,22.968619047619047,43.32197068282998,0.02624326385056719
2012-01-03,52.488,52.827,52.378,52.663,84271282,23.355,23.49,23.282,23.299,26579538,51.818,50.46152380952381,68.25396811352797,0.6987928555506571,23.033285714285714,22.97547619047619,52.94480396508563,0.05556698302623175
2012-01-04,52.516,53.105,52.414,52.946,72548556,23.291,23.411,23.166,23.365,3780442,52.09014285714285,50.60633333333333,73.5263391987213,0.7838629422784607,23.107285714285712,22.986285714285714,57.59043901606392,0.08317312217495854
2012-01-05,53.14,53.599,52.849,53.534,75572081,23.336,23.483,23.229,23.437,7484465,52.359428571428566,50.759,89.16734013769728,0.8884863670107421,23.159142857142857,22.988190476190475,65.92039768198813,0.10959761156869163
2012-01-06,53.757,54.138,53.687,54.094,88773291,23.454,23.498,23.336,23.444,5526363,52.64971428571429,50.950857142857146,92.24111732593755,1.0050034505814978,23.206714285714288,22.99066666666667,67.43933323283207,0.12960998802738644
2012-01-09,54.491,54.778,53.959,54.008,109831110,23.526,23.545,23.345,23.411,2894947,52.99857142857143,51.14990476190476,90.68497405685925,1.077978334284154,23.28314285714286,22.991142857142858,65.78560905983912,0.14117968481949816
2012-01-10,54.541,54.553,53.978,54.2,72006166,23.634,23.679,23.49,23.49,4400267,53.33,51.348571428571425,90.7398788164483,1.1381839744012296,23.346571428571426,23.012285714285717,72.35112103135515,0.15493737108318228
2012-01-11,54.124,54.148,53.696,54.113,59991538,23.444,23.624,23.427,23.563,3163395,53.65114285714286,51.52504761904762,85.67239187276638,1.1654427069784106,23.429857142857145,23.01952380952381,64.67391259612907,0.1697738788842642
2012-01-12,54.08,54.154,53.624,53.963,59288947,23.643,23.697,23.483,23.679,5389398,53.83685714285714,51.705238095238094,82.85361818257599,1.1615520535049342,23.484142857142853,23.046714285714284,81.01193795669873,0.18871673965281488
2012-01-13,53.749,53.843,53.613,53.763,63044768,23.536,23.573,23.374,23.545,4285902,53.95357142857143,51.894285714285715,78.41336093991922,1.129312344333357,23.509857142857147,23.07766666666667,71.35862851957131,0.19071793552956962
2012-01-17,54.323,54.551,54.163,54.386,67711941,23.715,23.818,23.6,23.652,4518138,54.07528571428572,52.16557142857143,78.48074899089899,1.1408816622834408,23.54057142857143,23.13057142857143,69.08850662665863,0.19864801280589006
2012-01-18,54.676,54.999,54.593,54.951,77112610,23.715,24.025,23.707,23.998,6712319,54.19771428571428,52.47133333333334,79.14060901594344,1.182015667375012,23.619714285714284,23.20280952380952,74.32803014778274,0.2301983808963861
2012-01-19,55.09,55.24,54.62,54.778,72924928,24.14,24.223,24.094,24.168,6047644,54.30771428571428,52.75633333333332,84.65688364583582,1.186972330425391,23.727857142857147,23.279809523809522,86.74630192579762,0.2658552404442496
2012-01-20,54.744,54.746,53.754,53.824,115317280,24.122,24.231,24.112,24.195,14361196,54.254000000000005,52.988571428571426,68.43003394804308,1.1012264415853679,23.82857142857143,23.36842857142857,85.5727546761498,0.29291568321885464
2012-01-23,54.122,54.868,54.083,54.734,85258042,24.24,24.402,24.122,24.275,32147464,54.34271428571429,53.18033333333332,73.25336342591224,1.0940896176612966,23.930285714285713,23.430619047619047,89.74831107644202,0.31716058074062303
2012-01-24,54.441,54.441,53.728,53.838,151563229,24.168,24.303,24.14,24.259,4919347,54.32485714285714,53.326571428571434,59.37450122367273,1.0045540477189547,24.01314285714286,23.51019047619048,86.19909411252883,0.33126515195294104
2012-01-25,58.195,58.197,56.826,57.201,267182941,24.482,24.519,24.231,24.447,19865444,54.815999999999995,53.61990476190476,72.76131368153861,1.1912306918072133,24.142,23.58638095238095,87.36187760838001,0.35353779148449505
2012-01-26,57.43,57.472,56.75,56.942,90359283,24.529,24.558,24.187,24.283,9651054,55.18114285714285,53.871952380952386,68.8955421418787,1.3032510745908112,24.232142857142858,23.643952380952378,77.46753176328252,0.3538763234082545
2012-01-27,56.889,57.435,56.831,57.28,83585001,24.195,24.349,24.195,24.283,9149670,55.51385714285715,54.12042857142857,68.11050466649075,1.4031274306225114,24.27285714285714,23.699761904761903,77.3646437814061,0.3501087763581161
2012-01-30,57.079,58.13,57.036,58.012,105670407,24.102,24.393,24.059,24.358,8526388,55.975857142857144,54.42738095238096,71.20313482346491,1.5237812431188829,24.300000000000004,23.770333333333333,80.06349135181685,0.3491500568589103
2012-01-31,58.365,58.682,58.02,58.459,109287526,24.503,24.522,24.265,24.403,5683033,56.638,54.74066666666667,71.96040001985708,1.6366036746403267,24.329714285714285,23.83495238095238,79.62362030192715,0.34800974891099656
2012-02-01,58.705,58.78,58.339,58.42,75172830,24.637,24.755,24.548,24.647,7214196,57.164571428571435,55.05280952380952,72.31837485620713,1.7032354523321658,24.382857142857144,23.914333333333335,81.65887783690195,0.36261480964797954
2012-02-02,58.383,58.548,58.139,58.283,52069108,24.708,24.811,24.647,24.69,5258136,57.799571428571426,55.32042857142857,72.41594011894733,1.725100971010022,24.44442857142857,23.98057142857143,80.84197612459599,0.373355357978685
2012-02-03,58.563,58.908,58.34,58.866,79960558,24.917,25.071,24.872,25.027,5841845,58.03742857142858,55.60233333333334,75.46661332902158,1.7690799275694857,24.527285714285714,24.059714285714286,90.22801234354405,0.4043987464659473
2012-02-06,58.701,59.546,58.676,59.416,69602482,24.952,25.053,24.89,25.035,5510764,58.39085714285714,55.88242857142857,75.28654724974743,1.8272505638759569,24.63471428571429,24.135809523809524,89.67297690452016,0.42475013349766755
2012-02-07,59.583,60.157,59.495,60.04,88094362,25.027,25.159,24.908,25.097,8183548,58.78514285714285,56.165571428571425,75.43228375251852,1.901780258259933,24.751,24.214523809523808,87.66278188671785,0.4408003639812357
2012-02-08,60.252,61.058,60.15,61.045,113627149,25.152,25.279,25.071,25.251,9819493,59.21842857142857,56.500666666666675,78.91482872521844,2.0186706996347326,24.87857142857143,24.302142857142854,87.52598667680977,0.46063686519792313
2012-02-09,61.564,63.614,61.539,63.158,246303027,25.367,25.532,25.289,25.495,10507914,59.889714285714284,56.927238095238096,88.90463477453609,2.2558051400322583,25.034571428571432,24.39761904761905,89.15662575410093,0.4903932480292532
2012-02-10,62.881,63.726,62.565,63.189,175945151,25.315,25.358,25.215,25.306,4584256,60.57099999999999,57.35942857142857,88.02734539602562,2.4183599849017483,25.128714285714288,24.480619047619047,79.1407568637816,0.4930412032614413
2012-02-13,63.997,64.521,63.658,64.365,144163163,25.469,25.522,25.322,25.469,9328952,61.43985714285714,57.85476190476191,96.1832059887194,2.6119700772080208,25.240000000000002,24.565857142857144,81.57619982146835,0.5024999578933667
2012-02-14,64.608,65.257,64.289,65.242,128562424,25.44,25.532,25.306,25.513,4704746,62.35071428571428,58.401380952380954,95.11839284797917,2.803852969160708,25.309428571428572,24.65957142857143,80.07900613933074,0.507694139352644
2012-02-15,65.855,67.397,63.633,63.733,419648021,25.647,25.793,25.332,25.377,8757394,62.96742857142857,58.84647619047618,83.41698640214167,2.8018597595035786,25.358285714285717,24.741714285714288,81.36467824592563,0.49512896369421355
2012-02-16,62.943,64.658,62.319,64.314,263308348,25.349,25.773,25.34,25.748,11129777,63.577999999999996,59.29233333333333,83.80430592336975,2.814715680604074,25.451285714285714,24.82504761904762,84.63356917973042,0.5092373991334007
2012-02-17,64.429,65.026,64.071,64.303,149304893,25.81,25.829,25.656,25.748,7288558,64.04342857142856,59.745904761904775,82.48476699836961,2.791833958610397,25.522285714285715,24.90028571428572,84.06862687403874,0.5144877414389377
2012-02-21,64.935,65.932,64.559,65.932,168601389,25.793,25.974,25.702,25.856,10767124,64.43971428571429,60.32247619047619,84.39024379369869,2.872039629884746,25.573857142857143,24.979380952380954,84.5458862655052,0.5213535339411237
2012-02-22,65.706,66.016,65.191,65.701,134675490,25.82,25.882,25.711,25.766,6104294,64.79857142857142,60.84471428571429,82.9248438852357,2.8837216842463107,25.63957142857143,25.05038095238095,78.70702868040084,0.5136118781073229
2012-02-23,65.963,66.314,65.248,66.129,158353395,25.721,25.91,25.594,25.865,4354867,65.05057142857143,61.43,84.56996817201443,2.894153815905696,25.69614285714286,25.12685714285714,79.30174508218212,0.5095907873189311
2012-02-24,66.529,66.965,66.418,66.902,115772790,25.956,26.063,25.946,26.019,4369323,65.28771428571427,61.89195238095238,84.82405952612778,2.931009146226806,25.768428571428576,25.201714285714285,77.22283145931941,0.5129179579283836
2012-02-27,66.733,67.682,66.113,67.331,152490708,25.891,26.135,25.757,26.063,5552194,65.80171428571428,62.38666666666667,84.66322140796305,2.9607048136154077,25.86642857142857,25.28647619047619,77.66415442018378,0.5131894681445814
2012-02-28,67.61,68.565,67.342,68.565,167187636,26.071,26.252,26.037,26.252,11198800,66.409,62.92404761904762,85.44109077939834,3.0486691705310847,25.938428571428574,25.380238095238095,79.09319843460696,0.5226307998735713
2012-02-29,69.318,70.129,68.602,69.466,265334683,26.258,26.376,26.04,26.139,11581724,67.14657142857143,63.469476190476186,85.31409870046143,3.1547190892481325,25.994285714285713,25.465047619047617,72.83950564827501,0.5150577030814887
2012-03-01,70.179,70.204,68.994,69.724,190434717,26.252,26.334,26.153,26.291,10718866,67.68828571428571,64.00590476190476,82.60826369124787,3.222436614291432,26.05642857142857,25.55495238095238,71.49028023711438,0.5153801178104089
2012-03-02,69.723,70.024,69.477,69.818,120139889,26.285,26.356,26.184,26.256,9731457,68.27642857142857,64.54866666666668,82.71641484966631,3.2462673063989556,26.12642857142857,25.63157142857143,77.97408651847023,0.5069674214548847
2012-03-05,69.852,70.111,67.362,68.277,225402056,26.227,26.272,25.927,26.028,8026434,68.58328571428571,65.02457142857142,68.6356706401582,3.105014802421664,26.149714285714285,25.695285714285713,65.85365801364065,0.47641083688625585
2012-03-06,67.1,68.345,66.106,67.905,225692077,25.775,25.831,25.631,25.775,12777139,68.72657142857143,65.455,63.32699420612768,2.929286888451756,26.11485714285714,25.730904761904764,56.64300162626661,0.42685897334233047
2012-03-07,68.708,68.871,67.017,67.962,182629048,25.858,26.003,25.848,25.966,5997044,68.81671428571428,65.86195238095239,74.7628526704907,2.7627731451596276,26.101,25.775238095238095,64.52885993911983,0.39840826574133814
2012-03-08,68.507,69.536,68.145,69.408,143803822,26.112,26.285,26.047,26.23,5740155,68.93714285714286,66.30804761904763,77.08421936631444,2.7161794927779397,26.09785714285714,25.829190476190476,62.55208287722432,0.39263738923638414
2012-03-09,69.72,70.145,69.552,69.817,116715832,26.266,26.374,26.256,26.347,4797772,68.98728571428572,66.72576190476191,78.12691276333634,2.6813476626466723,26.12757142857143,25.881380952380955,64.70299415520763,0.3929748804164177
2012-03-12,70.306,70.69,70.049,70.69,113583532,26.308,26.405,26.252,26.379,5019530,69.12528571428571,67.08442857142857,76.2989165301586,2.6931421243655222,26.140142857142855,25.92347619047619,63.33503269419143,0.39131365692024644
2012-03-13,71.4,72.761,71.169,72.75,192666483,26.546,26.898,26.511,26.898,21059387,69.54414285714286,67.53971428571428,82.40919529620888,2.8360222054915027,26.231857142857145,25.999285714285715,73.68200793659074,0.4269544230480875
2012-03-14,74.022,76.162,73.687,75.502,395690066,26.917,27.117,26.827,26.999,10268063,70.57628571428572,68.07004761904761,85.50647767277138,3.13517871115441,26.37057142857143,26.072142857142858,73.7040129465484,0.4580695028001216
2012-03-15,76.792,76.838,74.092,74.987,323412488,27.111,27.139,26.958,27.074,8169349,71.588,68.53409523809523,81.23792588383193,3.2927494354070603,26.556142857142856,26.146476190476193,72.80587936909542,0.4832101549955894
2012-03-16,74.876,75.454,74.019,74.989,230214534,27.136,27.145,27.018,27.062,7212526,72.59185714285715,69.07009523809523,80.59773045162473,3.378837616113188,26.712714285714288,26.22671428571429,71.89828978229896,0.4964433137812634
2012-03-19,76.627,77.064,75.436,76.977,251339192,27.117,27.325,27.052,27.261,7318581,73.67314285714285,69.67309523809524,81.70033153875457,3.566367243548328,26.860000000000003,26.298761904761903,72.02095110943108,0.5170283434420426
2012-03-20,76.765,77.721,74.532,77.601,227754910,27.127,27.27,27.027,27.236,6311280,74.78514285714286,70.30633333333333,81.31013770007377,3.72242758135593,26.987,26.369619047619047,74.89786606964589,0.5252698527951694
2012-03-21,77.187,78.073,77.017,77.159,179612258,27.279,27.399,27.216,27.226,9743827,75.70928571428571,70.84095238095239,78.21631870246468,3.7670169903920225,27.107999999999997,26.43485714285714,72.6831630191342,0.5249431737664736
2012-03-22,76.553,77.412,76.264,76.753,174059708,27.088,27.236,27.062,27.161,8283614,76.28114285714285,71.3672380952381,75.7099428293958,3.7266352796323474,27.14557142857143,26.501285714285718,71.64036298280007,0.5135197850828384
2012-03-23,76.898,77.067,76.12,76.334,120050525,27.197,27.197,27.018,27.161,6643166,76.4,71.85319047619048,82.57986242166456,3.6191039076168465,27.168714285714284,26.563,80.4079435718137,0.49871775936109586
2012-03-26,76.81,77.753,76.23,77.731,166049661,27.342,27.568,27.279,27.559,13456792,76.792,72.36885714285714,86.69156077567725,3.6050539277458284,27.238000000000003,26.63633333333333,94.42231009864932,0.513186625141941
2012-03-27,77.628,78.922,77.613,78.692,169120783,27.588,27.662,27.533,27.549,7108312,77.321,72.90985714285713,87.53323064044598,3.6296238417756967,27.30757142857143,26.707095238095242,93.32238571072064,0.5178766296694768
2012-03-28,79.191,79.584,78.157,79.095,182651334,27.549,27.652,27.315,27.452,7165164,77.62357142857142,73.41128571428571,86.55195825132238,3.639658687904216,27.334857142857143,26.7642380952381,86.8072281835536,0.5079115149298588
2012-03-29,78.476,78.957,77.764,78.099,169337333,27.306,27.435,27.197,27.399,6334507,77.6947142857143,73.82238095238095,79.92484454986652,3.526590163498895,27.35814285714286,26.824238095238098,82.95739275601291,0.49008800321158574
2012-03-30,77.961,78.189,76.574,76.779,203713476,27.488,27.516,27.235,27.315,8122374,77.64042857142856,74.15833333333333,71.3125655583916,3.2925155057625233,27.370857142857147,26.872999999999998,78.39805758642433,0.46383781023331494
2012-04-02,77.066,79.242,76.886,79.225,166688516,27.306,27.643,27.252,27.607,18116469,77.99357142857141,74.60628571428572,72.0673436705785,3.266724642797996,27.434571428571427,26.93733333333333,74.94721952902113,0.461278966045402
2012-04-03,80.333,80.962,79.72,80.591,232462865,27.669,27.732,27.442,27.588,7481754,78.60171428571428,75.19266666666667,69.15318020563458,3.3182591559420587,27.49557142857143,27.01161904761905,71.99402463934568,0.452501763721024
2012-04-04,79.957,80.151,79.015,79.952,159628517,27.361,27.38,27.088,27.261,10168696,78.919,75.76633333333334,68.51368476700789,3.2698459208732515,27.453,27.08238095238095,55.87680654790989,0.414382852911654
2012-04-05,80.292,81.275,79.832,81.099,141675996,27.17,27.352,27.145,27.325,3781474,79.26285714285714,76.39190476190475,70.99079284087736,3.286150697718213,27.421,27.14709523809524,58.003651362111285,0.38490071079136357
2012-04-09,80.185,81.941,80.075,81.477,152048347,26.99,27.27,26.97,27.136,6363834,79.60314285714286,76.96661904761905,67.38257100252196,3.2916299308848664,27.375857142857146,27.190238095238094,46.172687907888765,0.3423389104316854
2012-04-10,81.952,82.472,80.167,80.48,247839768,27.145,27.252,26.691,26.755,15869435,79.94328571428571,77.47438095238095,60.80949156331512,3.1788785616463713,27.283857142857148,27.209666666666667,37.908496465199065,0.27469831003100964
2012-04-11,81.473,81.559,79.827,80.193,194150180,26.97,27.043,26.843,26.908,10275598,80.43100000000001,77.92690476190475,61.52560394610554,3.0314194710846323,27.225714285714282,27.234857142857145,42.54221360431947,0.23077820077086741
2012-04-12,80.038,80.85,79.463,79.753,171199452,26.97,27.27,26.944,27.243,10013767,80.50642857142857,78.26038095238094,61.36708086851022,2.8462430386378657,27.173714285714283,27.25128571428571,51.70691060620446,0.2204615544756443
2012-04-13,79.926,80.001,77.287,77.507,239666018,27.17,27.17,26.79,26.817,11626834,80.06585714285714,78.35585714285715,53.90401379520361,2.4895578788731427,27.06357142857143,27.242619047619048,43.91796300747823,0.17588342356656028
2012-04-16,78.125,78.153,74.051,74.292,292895119,26.97,26.98,26.492,26.538,22877465,79.25728571428571,78.32276190476189,39.78979867246264,1.9252654274463907,26.960285714285714,27.217095238095236,31.155407738584046,0.11669675777093502
2012-04-17,74.139,78.116,73.238,78.08,285907107,26.626,27.161,26.617,27.117,11338321,78.826,78.46995238095239,48.44417324190471,1.7633922483804696,26.93057142857143,27.219714285714286,43.41061604400592,0.1151835950219855
2012-04-18,78.593,79.432,77.183,77.905,265988323,26.964,27.035,26.827,26.89,7916347,78.3157142857143,78.51414285714286,46.93930037771862,1.6025127804697803,26.895428571428567,27.202047619047622,41.75469466415323,0.09457717298196044
2012-04-19,76.865,77.443,74.855,75.23,232616632,26.827,27.07,26.465,26.617,21235104,77.5657142857143,78.40123809523809,43.207538207069206,1.24481504600449,26.875714285714285,27.17257142857143,39.22271208679217,0.05557696001063661
2012-04-20,75.734,76.148,73.048,73.377,287419933,26.727,26.835,26.492,26.518,12723866,76.592,78.22114285714285,42.14391277526257,0.8025639429789209,26.82,27.138857142857145,39.061213135641765,0.016490446030132944
2012-04-23,73.071,73.849,71.281,73.214,269440442,26.312,26.383,26.084,26.312,16345919,75.65785714285714,78.05261904761905,34.48293662642568,0.43392203669986884,26.687000000000005,27.09842857142857,31.79645756391612,-0.030753864878011683
2012-04-24,72.051,72.7,71.074,71.75,298806670,26.285,26.445,26.156,26.256,10627011,74.83542857142857,77.83433333333333,27.292340864946183,0.02336872509434329,26.60685714285714,27.055333333333333,31.46911506940245,-0.07188540345415717
2012-04-25,78.841,79.14,77.606,78.116,252408247,26.827,27.018,26.827,26.999,15849879,75.3817142857143,77.85266666666666,46.35627527788411,0.20927289719720932,26.672714285714285,27.02866666666667,46.73316691913606,-0.04402110571804485
2012-04-26,78.666,78.718,77.111,77.823,149379716,26.99,27.261,26.99,27.207,10464400,75.345,77.81128571428572,43.27033686911318,0.32916621839235916,26.68557142857143,27.01238095238095,48.57968207026589,-0.00509584560322196
2012-04-27,77.487,77.628,76.901,77.22,113431674,27.243,27.288,27.088,27.197,5523679,75.24714285714286,77.72200000000001,41.33523303160214,0.37124598607070425,26.72942857142857,27.000238095238096,50.76729541868123,0.024661504579086113
2012-04-30,76.555,76.633,74.662,74.783,141045190,27.161,27.178,26.977,27.016,11109459,75.18328571428572,77.56409523809523,39.046337221817,0.20557918312843526,26.78642857142857,26.982,53.45695344413314,0.03325587860136281
2012-05-01,74.904,76.422,74.434,74.55,170331260,26.99,27.37,26.954,27.098,12893958,75.35085714285715,77.45795238095238,39.1275865844173,0.0548535775966883,26.869285714285713,26.971666666666664,52.564794617735615,0.04615168869173303
2012-05-02,74.306,75.225,74.13,75.042,119895853,26.954,27.127,26.89,27.117,7089859,75.612,77.2587619047619,40.941429812976196,-0.024613533034695934,26.98428571428571,26.948333333333338,48.140495668840956,0.05724496795123102
2012-05-03,75.622,75.736,74.314,74.508,111532735,27.161,27.17,26.817,26.89,9268760,76.006,76.96909523809525,43.826931760175476,-0.12919188429250994,27.074857142857145,26.915095238095237,51.14455919848736,0.047175657194983955
2012-05-04,73.901,74.065,72.376,72.385,148216462,26.653,26.7,26.319,26.328,13353164,75.18728571428572,76.6087619047619,45.889909020110416,-0.3790103431492753,26.978999999999996,26.870666666666665,46.975806262194325,-0.006082927097743607
2012-05-07,71.907,73.349,71.873,72.931,129219230,26.166,26.39,26.119,26.256,8924301,74.48842857142857,76.21980952380952,37.099764467635566,-0.5268622941835162,26.843142857142855,26.8197619047619,35.480606915100026,-0.053484006790363026
2012-05-08,72.942,73.189,71.553,72.761,139977993,26.119,26.238,25.831,26.166,11234372,73.85142857142857,75.8047619047619,37.10906172215682,-0.6502578422110901,26.69585714285714,26.77357142857143,37.19943404498162,-0.09719158766873548
2012-05-09,72.187,73.504,71.824,72.89,134016919,25.893,26.293,25.794,26.166,11553025,73.581,75.44333333333333,43.278179903142906,-0.729234321808633,26.574428571428573,26.745523809523807,41.1741680718441,-0.13032782240057728
2012-05-10,73.582,73.749,72.796,73.06,95030992,26.201,26.22,25.912,25.966,9543770,73.36814285714286,75.10366666666667,48.99192261744663,-0.7692388648345343,26.412714285714284,26.700666666666663,39.6084335261604,-0.17075845847367077
2012-05-11,72.355,73.567,72.273,72.572,111140951,25.912,26.266,25.874,25.985,7521177,73.01528571428571,74.76171428571429,47.999750705882576,-0.8307439755832178,26.251,26.640761904761906,43.37788553775194,-0.19897324789306126
2012-05-14,72.045,72.677,71.407,71.486,99661109,25.803,25.958,25.722,25.759,14643282,72.58357142857143,74.475,49.15762599309467,-0.9560970512343658,26.089428571428574,26.590380952380954,40.583554161360475,-0.23683984076701847
2012-05-15,71.901,72.126,70.658,70.84,132751937,25.821,25.994,25.631,25.686,9320581,72.36285714285715,74.31061904761906,13.437185910741675,-1.0949452210324608,25.997714285714288,26.549809523809525,16.65820201461929,-0.2696317315854522
2012-05-16,70.952,71.316,69.288,69.932,157929227,25.803,25.821,25.45,25.479,14143085,71.93442857142857,73.92261904761905,12.654992884319029,-1.2636844398653437,25.886714285714284,26.471809523809526,6.097560932232838,-0.3087634781630264
2012-05-17,69.835,70.114,67.888,67.888,171977014,25.504,25.557,25.106,25.115,9007921,71.23828571428571,73.44561904761905,11.136098604372393,-1.5445407003199847,25.73657142857143,26.38728571428571,5.167958625171693,-0.3649406188928843
2012-05-18,68.381,69.591,66.871,67.922,204140944,25.215,25.297,24.826,24.879,13603812,70.52857142857144,73.09761904761905,14.27678848277877,-1.744270924889065,25.55271428571429,26.304523809523808,5.048380281582993,-0.4236213916140805
2012-05-21,68.449,71.911,68.391,71.88,178418391,24.933,25.504,24.879,25.495,9442627,70.36,73.02633333333333,39.983493355359464,-1.565139095991455,25.48542857142857,26.25580952380952,22.46650624715525,-0.41562916065075584
2012-05-22,72.939,73.492,70.764,71.326,193655248,25.576,25.648,25.269,25.414,8210463,70.182,72.93642857142856,36.12397307649468,-1.4511510352199366,25.40385714285714,26.213047619047614,21.358896636722278,-0.41109246504529295
2012-05-23,71.396,73.353,70.846,73.066,163963929,25.224,25.514,24.988,25.44,9626479,70.40771428571428,72.99909523809524,45.06029044732503,-1.2065033974619581,25.358285714285717,26.17419047619048,23.845598725166482,-0.4007791854108653
2012-05-24,73.748,73.828,71.873,72.393,119668412,25.514,25.523,25.106,25.297,6414861,70.62957142857144,72.72657142857143,50.03042745318528,-1.0547651810138348,25.302714285714284,26.09314285714286,28.091797537915326,-0.3995391038122591
2012-05-25,72.305,72.464,71.519,72.009,91485862,25.279,25.341,25.187,25.242,5526329,70.92628571428571,72.44971428571428,46.44947622841247,-0.9544943256084508,25.268857142857144,25.99957142857143,28.29623270712871,-0.3984018421174831
2012-05-29,73.11,73.507,72.392,73.286,106056526,25.504,25.686,25.396,25.576,8104101,71.69742857142857,72.26238095238095,51.862891155625555,-0.7631881645289269,25.334714285714288,25.92238095238095,38.565891263595915,-0.36632675854331254
2012-05-30,72.892,74.275,72.554,74.17,147575076,25.349,25.495,25.269,25.414,6082374,72.59,72.23319047619047,54.31092545060266,-0.5340886005545968,25.411142857142856,25.846095238095238,36.28738128810235,-0.3499451203180435
2012-05-31,74.371,74.468,73.183,73.985,137139854,25.37,25.454,25.115,25.299,13163477,72.89071428571428,72.20628571428571,53.11217275125694,-0.3632659951552881,25.38314285714286,25.760428571428573,37.448249708590275,-0.3422963140695501
2012-06-01,72.887,73.334,71.782,71.844,145222442,24.857,25.004,24.639,24.639,13265375,72.96471428571428,72.054,47.79580957556366,-0.3960828599261532,25.272428571428573,25.64242857142857,29.593693021736883,-0.38505241955498093
2012-06-04,71.907,72.677,70.24,72.264,155252189,24.716,24.835,24.489,24.78,8547076,72.85014285714286,71.94714285714285,52.4545683534601,-0.3837760404739612,25.17814285714286,25.54195238095238,34.765016966476765,-0.40291486778937724
2012-06-05,71.879,72.543,71.499,72.08,108188875,24.711,24.956,24.683,24.93,7876830,72.80542857142856,71.93261904761904,54.0296372834775,-0.3844384920088686,25.125714285714285,25.475380952380956,38.510638133997276,-0.4003522290238557
2012-06-06,72.71,73.488,72.418,73.183,102652353,25.103,25.532,25.093,25.504,7018116,72.97314285714286,71.94461904761904,60.432578085741866,-0.29258783731958715,25.163142857142855,25.43957142857143,50.34181003423976,-0.3479928712557232
2012-06-07,73.929,73.933,73.058,73.217,105884325,25.749,25.758,25.356,25.375,7376711,72.96328571428572,71.96633333333332,69.63377783694101,-0.21457848863346385,25.134428571428572,25.40190476190476,53.79894776353443,-0.3132954499700844
2012-06-08,73.203,74.351,72.866,74.317,96831448,25.356,25.676,25.286,25.657,8397069,72.98428571428572,72.03428571428572,71.8453234265331,-0.06326542640208288,25.169142857142855,25.37766666666667,61.216839429920455,-0.2600448156298256
2012-06-11,75.263,75.365,73.074,73.145,164804407,25.866,25.884,25.251,25.297,14970499,72.86428571428571,72.03833333333334,55.33710228886006,-0.03748721039283964,25.168857142857146,25.34580952380952,46.917808014679544,-0.24407870820506972
2012-06-12,73.567,73.842,72.571,73.784,121431894,25.348,25.575,25.203,25.548,8843311,73.14142857142858,72.09604761904762,60.29658169871383,0.03411096124280277,25.298714285714283,25.325000000000003,51.98107607104222,-0.20876533391837881
2012-06-13,73.574,74.083,73.044,73.272,81907980,25.512,25.638,25.321,25.395,12536725,73.28542857142857,72.18109523809524,50.96189757999006,0.04897436111411935,25.386571428571425,25.307666666666666,49.358791481612094,-0.19092419641263803
2012-06-14,73.155,73.445,72.644,73.193,96403492,25.414,25.614,25.251,25.523,11682889,73.44442857142857,72.29314285714285,53.954913905935435,0.05375936829403827,25.471285714285717,25.299904761904763,53.23411541348665,-0.16455949669831327
2012-06-15,73.123,73.586,72.939,73.523,93389881,25.621,25.858,25.585,25.794,16059972,73.49300000000001,72.46414285714285,57.52485081457771,0.08322044949433405,25.512714285714285,25.31490476190476,57.43935288297817,-0.12040983741560041
2012-06-18,73.117,75.284,73.042,75.015,122695162,25.712,26.085,25.676,25.985,9514404,73.74985714285715,72.80352380952381,58.413625224545896,0.22437405499890417,25.59985714285714,25.356333333333332,55.73310883648343,-0.06921098940303949
2012-06-19,74.712,75.555,74.672,75.226,100721665,26.12,26.294,26.094,26.185,7210651,73.87971428571429,73.15133333333333,55.49885432441322,0.3492394262061964,25.675285714285714,25.41852380952381,60.69348104030267,-0.012354786664960926
2012-06-20,75.326,75.461,74.378,75.011,100128718,26.222,26.312,26.022,26.232,10427775,74.14628571428571,73.30042857142857,55.32599659732513,0.4259374871098487,25.808857142857143,25.45361904761905,63.189143091702576,0.036080754359634426
2012-06-21,74.973,75.328,73.948,73.979,91018536,26.212,26.248,25.575,25.613,6790335,74.17414285714287,73.4267619047619,62.52493243278787,0.39884978568554175,25.818142857142856,25.46309523809524,63.93020569364335,0.024238733745175267
2012-06-22,74.153,74.556,73.689,74.546,79368233,25.702,25.921,25.647,25.894,15688853,74.35614285714284,73.49723809523809,63.16032285072154,0.41831270011735455,25.88942857142857,25.484714285714283,65.31903165168688,0.03710052689629251
2012-06-25,73.93,74.25,73.042,73.093,79747477,25.657,25.657,25.321,25.365,4964621,74.34185714285715,73.53057142857143,55.096086047756806,0.3128854940440817,25.86685714285714,25.48795238095238,55.41718536093633,0.004555202135531289
2012-06-26,73.168,73.57,72.654,73.255,77136810,25.439,25.532,25.286,25.468,6181724,74.30357142857143,73.58990476190476,50.40008883022873,0.23964326143347137,25.820285714285713,25.498714285714282,49.492099127288526,-0.012778658598804782
2012-06-27,73.636,73.858,73.24,73.571,56600431,25.575,25.695,25.512,25.621,8180409,74.09728571428572,73.60347619047619,51.90732750789842,0.2047367457250573,25.768285714285714,25.500857142857143,53.44730920732557,-0.014008564774151466
2012-06-28,73.21,73.507,72.433,72.871,78906736,25.449,25.486,25.121,25.412,11600121,73.76085714285715,73.54161904761905,41.85810804211563,0.11921469785407623,25.657857142857143,25.5007619047619,46.49499266067812,-0.03148488938704119
2012-06-29,74.019,74.785,73.539,74.785,117433735,25.845,26.156,25.781,26.119,9898465,73.72857142857143,73.57971428571429,58.52213668475263,0.20353543302235266,25.641714285714283,25.539809523809524,60.69755313644827,0.011580496051717404
2012-07-02,74.883,76.002,74.737,75.88,111514548,26.194,26.277,26.066,26.267,9317431,74.00014285714285,73.77190476190475,60.39888858448251,0.35462962230778317,25.735142857142854,25.61733333333333,59.614870062955845,0.056995478990327086
2012-07-03,76.182,76.837,76.071,76.762,67409572,26.248,26.476,26.232,26.476,3768770,74.31671428571428,73.98609523809525,66.701761013225,0.5393258717786154,25.81828571428571,25.698095238095238,64.2424240054298,0.10859986187396231
2012-07-05,76.909,78.674,76.793,78.109,135015162,26.411,26.611,26.304,26.476,7770143,75.03328571428571,74.27319047619048,70.9798565215331,0.7853377382098614,25.977,25.771714285714282,62.99427300738483,0.14779304092098045
2012-07-06,77.747,77.918,77.038,77.591,116839858,26.304,26.304,25.902,26.085,7591474,75.65271428571428,74.48309523809523,67.08669346948807,0.9278104228701096,26.065142857142856,25.799380952380954,53.84209116615019,0.1456248132122795
2012-07-09,77.516,78.616,77.362,78.615,105738948,26.022,26.085,25.874,26.032,8050719,76.3732857142857,74.74014285714286,65.73976906957353,1.1105475926424475,26.12385714285714,25.83066666666667,50.64401186379387,0.13803859705062393
2012-07-10,79.136,79.382,77.517,77.887,142529946,26.129,26.222,25.647,25.74,8017967,77.08985714285714,74.91014285714286,61.13109672418344,1.182987852804331,26.170714285714286,25.83461904761905,44.05239224358902,0.10722844368122963
2012-07-11,77.62,77.818,76.481,77.404,130794921,25.722,25.784,25.412,25.621,8625192,77.46399999999998,75.11295238095238,59.79052443850198,1.1877317848080367,26.09957142857143,25.85004761904762,41.987935854227345,0.07237458057208812
2012-07-12,76.868,77.281,75.901,76.697,119281197,25.439,25.478,25.157,25.365,10732340,77.58071428571428,75.25166666666667,61.42400799765165,1.1215142752974572,25.970714285714287,25.841333333333335,46.40579691313588,0.023820988898862083
2012-07-13,77.214,77.759,76.837,77.474,86874978,25.421,25.767,25.412,25.702,7577369,77.68242857142856,75.4517619047619,62.09317686524825,1.118836576674667,25.860142857142858,25.85595238095238,47.26183666238861,0.012392152244352417
2012-07-16,77.493,78.323,77.481,77.722,84028911,25.702,25.803,25.621,25.676,5180608,77.62714285714286,75.66742857142857,71.23199697300724,1.123771866053687,25.745857142857144,25.863238095238092,55.17815492091435,0.0012226403099724337
2012-07-17,78.22,78.31,77.24,77.728,81901129,25.84,25.858,25.458,25.775,9218957,77.64671428571428,75.86766666666666,70.81433215529078,1.1153106612531616,25.70157142857143,25.86233333333333,55.11837253362543,0.000355100870674363
2012-07-18,77.681,77.905,77.293,77.637,70373779,25.773,26.286,25.755,26.221,8942068,77.50699999999999,75.9925238095238,69.32509496477654,1.0887121599279226,25.728571428571428,25.873571428571424,59.11300096367497,0.03524970557355189
2012-07-19,78.281,78.802,77.606,78.673,121700750,26.385,26.54,26.349,26.448,10825970,77.61928571428572,76.15666666666667,76.72254964313606,1.1381097767252157,25.829714285714285,25.88609523809524,65.64954655012275,0.08029533939405553
2012-07-20,78.507,78.688,77.312,77.389,110788366,26.402,26.429,26.129,26.147,17273697,77.61714285714287,76.26990476190475,62.73225103870024,1.0614143508344966,25.904857142857143,25.882047619047615,50.48209342054085,0.09066106002956076
2012-07-23,76.12,77.594,75.262,77.329,135964917,25.702,25.985,25.504,25.894,7176665,77.70742857142857,76.42942857142857,57.88271125988924,0.9844431271214233,25.980428571428572,25.89542857142857,43.801927346883694,0.07756684047014772
2012-07-24,77.783,78.076,76.646,76.955,156714649,25.901,25.965,25.463,25.626,8662461,77.63328571428572,76.54414285714286,51.11136695663258,0.8830845543875654,25.969571428571424,25.882666666666665,36.14732708407355,0.045044966564965705
2012-07-25,73.567,74.378,72.996,73.633,244598938,25.449,25.695,25.375,25.532,9052536,77.04914285714285,76.56985714285713,29.001688834112983,0.5286060765546381,25.949,25.890619047619047,35.07273861764132,0.01155295747611973
2012-07-26,74.244,74.327,73.041,73.62,113411792,25.902,26.032,25.775,25.921,7747394,76.46228571428571,76.5872380952381,30.44420364166072,0.24381973549972713,25.96985714285714,25.912190476190478,47.40506308111679,0.016212460811338758
2012-07-27,73.637,75.022,73.202,74.938,112654849,26.066,26.531,25.995,26.485,10051759,76.07671428571429,76.65233333333333,32.401646362245316,0.12305756247380373,26.007571428571428,25.953333333333333,56.1699807174122,0.0646697644407972
2012-07-30,75.677,76.765,75.277,76.201,105688963,26.521,26.695,26.438,26.495,9817943,75.72357142857142,76.81090476190477,42.323802532094895,0.12779309571588726,26.014285714285716,26.00490476190476,61.13897879730136,0.10269563179218721
2012-07-31,77.252,78.333,77.183,78.217,128854850,26.569,26.75,26.549,26.603,9613181,75.84185714285714,76.97433333333333,53.2481022177009,0.29086745257831126,26.07942857142857,26.02795238095238,64.53522767806595,0.1399330420328262
2012-08-01,78.876,78.937,77.219,77.709,107181633,26.777,26.777,26.42,26.513,10031150,75.89614285714286,77.06142857142856,54.108476716667866,0.37479331675739047,26.16785714285714,26.03966666666667,67.87048538288082,0.16033348547454906
2012-08-02,77.198,78.207,76.869,77.833,92638591,26.294,26.637,26.202,26.34,7292529,76.02157142857142,77.11242857142857,51.53905506974647,0.4461677879317847,26.269857142857145,26.033190476190477,60.465878987361386,0.16068900685510457
2012-08-03,78.583,79.139,78.317,78.848,96106259,26.794,26.939,26.676,26.857,9006363,76.76657142857142,77.14761904761905,54.52936437945207,0.5779720854281862,26.459142857142858,26.05133333333334,66.68550411596578,0.20037850073611096
2012-08-06,79.052,80.022,78.79,79.726,84263406,26.959,27.166,26.939,27.047,12450728,77.63885714285713,77.24928571428572,57.51014878926916,0.7446908702424224,26.62,26.097142857142856,67.52066089661452,0.24434743752907906
2012-08-07,79.753,80.038,79.145,79.515,81000819,27.141,27.339,27.103,27.232,8455062,78.29271428571428,77.29214285714286,56.99597669513161,0.8499925863191748,26.726714285714284,26.154285714285713,65.0044520896223,0.2907692833067159
2012-08-08,79.318,79.895,79.029,79.381,68092939,27.175,27.312,27.132,27.241,9414013,78.74699999999999,77.36328571428571,52.827475979266396,0.9121179469340746,26.833285714285715,26.225761904761903,62.58330660864285,0.32454401394951304
2012-08-09,79.463,79.962,79.456,79.832,61563343,27.284,27.376,27.222,27.331,4832541,78.97771428571427,77.47890476190476,60.45178396112563,0.9863743639749885,26.937285714285714,26.307190476190478,70.13605408778751,0.3544866773995743
2012-08-10,79.574,79.966,79.573,79.959,54142786,27.241,27.406,27.184,27.396,12574842,79.29914285714285,77.63423809523809,61.187680716638866,1.0434427891326976,27.063428571428574,26.403904761904762,77.28924379285996,0.3790914800752674
2012-08-13,80.177,81.026,80.159,81.026,77330902,27.396,27.484,27.284,27.474,5729408,79.75528571428572,77.80338095238096,66.35333807913983,1.1613802414456273,27.225428571428573,26.48828571428571,86.06557330018803,0.40027083852402967
2012-08-14,81.266,82.136,81.052,81.243,94400781,27.556,27.566,27.339,27.422,6965110,80.09742857142858,77.97104761904761,90.73003625880762,1.257856818141562,27.306142857142856,26.571428571428573,87.49999951388885,0.40815471379272594
2012-08-15,81.193,81.539,80.736,81.132,71471229,27.432,27.493,27.386,27.432,6215113,80.29828571428571,78.13314285714286,89.7881354600601,1.3102546281666747,27.36114285714286,26.650333333333336,85.2872483913958,0.4104779241736978
2012-08-16,81.182,81.896,81.088,81.841,70708281,27.575,27.851,27.539,27.803,7884097,80.63057142857143,78.33333333333333,89.08390881585623,1.3929337713126557,27.44271428571429,26.72566666666667,83.82956818602976,0.4372157337408531
2012-08-17,82.313,83.363,82.157,83.353,122891350,27.851,27.966,27.823,27.957,8947260,81.198,78.55619047619048,89.38325977407881,1.562452373249684,27.544999999999998,26.797523809523806,84.94263805487714,0.46546654484058436
2012-08-20,83.596,85.547,83.585,85.547,170259907,27.93,28.021,27.842,27.986,8904797,82.01442857142857,78.94466666666666,89.58738374873383,1.8524803106846832,27.638571428571428,26.88509523809524,84.35171327326175,0.4846092994646938
2012-08-21,86.276,86.796,83.639,84.377,225254471,28.095,28.148,27.72,27.803,11135037,82.64557142857143,79.28028571428571,83.6088708497456,1.9652659561316455,27.696714285714283,26.976,80.62678009080008,0.4794862804440996
2012-08-22,84.165,86.041,83.353,86.025,156877150,27.74,27.921,27.641,27.851,20402582,83.35971428571429,79.71219047619049,85.79168112538599,2.162698972295132,27.750571428571426,27.08195238095238,88.1373037688429,0.4738373478160689
2012-08-23,85.668,86.155,85.032,85.222,116606271,27.73,27.793,27.556,27.624,7761626,83.92814285714284,80.26404761904762,78.37428765159898,2.228679837126407,27.779428571428575,27.181571428571427,72.67888763009792,0.44590342797568994
2012-08-24,84.822,86.103,84.312,85.297,120072048,27.53,27.842,27.466,27.793,6881675,84.52314285714286,80.82009523809523,76.70917623224386,2.260959092055458,27.830999999999996,27.270714285714284,72.33532873491339,0.4324178391779512
2012-08-27,87.452,87.57,86.626,86.903,118473315,27.911,27.93,27.767,27.823,5305447,85.24628571428572,81.38985714285715,81.24154252897651,2.388597151136011,27.83385714285714,27.33442857142857,69.50494985275957,0.4193175306990611
2012-08-28,86.81,86.954,86.256,86.785,74150624,27.793,27.859,27.676,27.757,8652471,85.73657142857144,81.89385714285714,81.35162591980661,2.451964893707526,27.805285714285713,27.394523809523815,66.4122131490007,0.3990102516264358
2012-08-29,86.847,87.157,86.503,86.616,56244743,27.793,27.894,27.702,27.813,5269924,85.88928571428572,82.29380952380951,79.42911668297691,2.46018788411304,27.780571428571427,27.452142857142857,65.66970031249949,0.3830201013373262
2012-08-30,86.253,86.368,85.25,85.38,83999199,27.685,27.72,27.484,27.503,6622353,86.03257142857142,82.65909523809525,71.45231491884977,2.339995778201555,27.737714285714286,27.49928571428571,53.00056043633884,0.3413979596425847
2012-08-31,85.816,85.99,84.53,85.559,93912572,27.707,27.809,27.436,27.717,7270756,85.966,83.027,69.29428782070993,2.233440757579146,27.71857142857143,27.564857142857146,56.33142220498179,0.3219686696009205
2012-09-04,85.624,86.831,85.463,86.809,102073975,27.689,27.799,27.453,27.717,7485587,86.19271428571427,83.40609523809523,71.77621275392272,2.2242202627031418,27.731857142857145,27.605809523809523,57.90037449887237,0.3030771327352184
2012-09-05,86.889,86.985,86.119,86.2,93331425,27.697,27.828,27.637,27.689,9667043,86.32171428571428,83.71438095238095,69.08419935478388,2.1430677922139267,27.717000000000002,27.636380952380954,56.81697570533817,0.28258858239615847
2012-09-06,86.577,87.234,86.273,86.974,108639222,27.89,28.319,27.855,28.311,8683844,86.33185714285715,84.06957142857144,69.23480469390034,2.116807961577493,27.786714285714286,27.687761904761903,61.89138536213514,0.3129341502798475
2012-09-07,87.204,87.775,86.915,87.512,91480196,28.231,28.319,28.164,28.266,8802337,86.43571428571428,84.4567619047619,66.81219169412473,2.115028231459732,27.85942857142857,27.736571428571427,57.62210123003972,0.3295532231200049
2012-09-10,87.513,87.88,85.153,85.237,135388853,28.214,28.295,27.966,27.966,6889727,86.2387142857143,84.71414285714286,48.75502002549636,1.9080494887012662,27.881285714285717,27.76680952380952,49.564838688464874,0.3148866480161949
2012-09-11,85.541,86.181,84.433,84.962,139860956,28.014,28.185,27.995,28.041,5848183,86.179,84.95238095238095,52.531371636915715,1.7022051804010232,27.958142857142857,27.797523809523806,55.43378959996666,0.3057901957494913
2012-09-12,85.765,86.155,84.37,86.142,197668083,28.157,28.223,28.021,28.194,5710008,86.26228571428571,85.196,50.52764492582416,1.6156638541783224,28.026285714285713,27.831809523809522,57.472766533935214,0.30738368533256377
2012-09-13,87.12,88.163,86.781,87.841,166050817,28.223,28.687,28.204,28.573,9700220,86.40971428571429,85.51019047619047,60.927981235667886,1.66498146065139,28.148571428571426,27.88661904761905,69.39109073499182,0.33536281608474283
2012-09-14,88.738,89.64,88.471,88.907,166659568,28.648,28.839,28.62,28.714,11333143,86.79642857142858,85.88042857142857,63.91244019617895,1.7696835003593208,28.294999999999998,27.94766666666667,69.03679166328445,0.36470985224574193
2012-09-17,89.944,90.0,89.335,89.997,110528823,28.733,28.758,28.639,28.741,4196336,87.2282857142857,86.26880952380952,62.41772348098824,1.9184992465651476,28.356428571428573,27.992333333333335,68.99834397103615,0.3857001529160904
2012-09-18,90.012,90.327,89.568,90.275,103615560,28.677,28.758,28.667,28.758,5839080,87.623,86.59842857142857,63.829449921254415,2.035406178816828,28.426714285714286,28.03047619047619,71.14490874692495,0.3991062271972332
2012-09-19,90.063,90.541,89.973,90.297,90703419,28.741,28.857,28.686,28.785,18967097,88.34585714285716,86.82461904761905,64.75823904204833,2.105559402902145,28.543714285714284,28.068523809523814,70.78699700982986,0.4072151887884736
2012-09-20,89.921,90.036,89.207,89.86,93373157,28.686,28.767,28.583,28.733,7847724,89.04557142857142,87.08571428571429,69.19122678472613,2.1016673772948877,28.642571428571426,28.112809523809524,79.56730715675859,0.4047795867441337
2012-09-21,90.336,90.68,89.945,90.04,158597399,28.857,28.943,28.714,28.767,9824019,89.60242857142858,87.27690476190476,69.19386610393957,2.089026418459639,28.72442857142857,28.156428571428574,77.63157837534635,0.40097072945305356
2012-09-24,88.338,89.402,87.843,88.846,177515299,28.548,28.629,28.476,28.583,5127473,89.746,87.44947619047619,58.76732367885494,1.9600681012131105,28.72585714285714,28.20209523809524,70.77735077212915,0.37873905232239835
2012-09-25,88.518,89.101,86.555,86.626,143990474,28.648,28.677,28.173,28.182,5958410,89.42014285714286,87.5127619047619,51.61022068925438,1.6596014070602507,28.649857142857144,28.22061904761905,60.032559690494146,0.3250163531194943
2012-09-26,86.007,86.515,85.036,85.551,160104730,28.127,28.145,27.828,27.982,8095669,88.785,87.44838095238094,44.740926851476594,1.3195252061477873,28.541428571428572,28.228190476190477,41.91646162809311,0.2632676132526086
2012-09-27,85.436,87.735,84.929,87.626,164862285,28.02,28.402,27.992,28.345,5310856,88.40657142857143,87.48842857142857,50.37833527775811,1.203573479436912,28.482428571428574,28.256190476190476,51.67870772481859,0.24084603514319625
2012-09-28,87.294,87.599,85.753,85.797,148520167,28.271,28.37,28.097,28.141,8897877,87.76371428571429,87.44942857142857,51.91518462880899,0.9531090385160041,28.390428571428572,28.271809523809523,53.87682731312552,0.2042610832324776
2012-10-01,86.318,87.037,84.433,84.807,150857426,28.257,28.412,28.011,28.083,16350668,87.04185714285714,87.42214285714286,49.49462010479787,0.6670402139937437,28.297571428571427,28.29942857142857,50.93749968164058,0.1686431171117455
2012-10-02,85.117,85.7,83.68,85.05,174320895,28.211,28.257,27.908,28.118,8234473,86.329,87.39790476190475,46.2078065948806,0.45469523507750864,28.204857142857144,28.318523809523807,48.209236251211436,0.1416074671070504
2012-10-03,85.51,86.41,85.223,86.356,117741381,28.211,28.328,28.083,28.266,5770978,85.97328571428571,87.37633333333333,44.698321983164846,0.3873287104556482,28.15957142857143,28.344666666666665,41.88260148791299,0.130618197535199
2012-10-04,86.33,86.716,85.596,85.759,102893871,28.293,28.402,28.164,28.345,4340568,85.84942857142856,87.35533333333333,38.37174936929638,0.2825107357752046,28.182857142857138,28.375904761904764,39.91252019749849,0.12682183878192177
2012-10-05,85.554,85.655,83.763,83.931,164861476,28.476,28.504,28.127,28.202,5015476,85.61800000000001,87.21042857142858,28.751576264360224,0.051345533552350275,28.21428571428571,28.370714285714286,36.14395860873246,0.11099481310591486
2012-10-08,83.197,83.285,81.811,82.077,177093384,28.001,28.083,27.864,27.908,19258168,84.8252857142857,86.95161904761906,24.138801240508286,-0.27824937455447696,28.151857142857143,28.35366666666667,30.873087114211003,0.0738768321562695
2012-10-09,82.139,82.373,80.196,81.776,232772786,27.855,27.873,27.469,27.551,16961050,84.25085714285714,86.78680952380952,23.584847149222668,-0.5573194663811449,28.067571428571426,28.33390476190476,25.82288387087756,0.015475259250919748
2012-10-10,82.28,82.951,81.925,82.429,141614440,27.561,27.609,27.39,27.443,14559062,83.91114285714285,86.66619047619048,27.268277737427013,-0.71752173813843,27.976142857142857,28.30542857142857,25.268404772332175,-0.03907269968348004
2012-10-11,83.144,83.238,80.782,80.782,151561751,27.645,27.655,27.334,27.334,7557143,83.30142857142857,86.41095238095238,24.011902069606634,-0.9662440679979767,27.86414285714286,28.264476190476188,23.29481911064947,-0.0900595883109041
2012-10-12,80.969,81.718,80.421,80.99,127697746,27.342,27.478,27.26,27.315,7818702,82.53485714285713,86.08471428571428,26.655176490361782,-1.1335080692497854,27.728285714285715,28.204571428571427,24.821286597498826,-0.13049593024622652
2012-10-15,81.328,81.684,80.234,81.638,120015938,27.38,27.488,27.215,27.453,5661952,81.94614285714285,85.73857142857143,33.65019008318458,-1.199945585110882,27.600857142857144,28.144523809523808,33.835919967315775,-0.14968114480813455
2012-10-16,81.717,83.635,81.154,83.571,152612285,27.488,27.855,27.488,27.828,12295735,81.89471428571427,85.43257142857144,43.85551138195275,-1.084123746140392,27.547428571428576,28.101047619047616,46.83127545035479,-0.13309199787164516
2012-10-17,83.452,83.957,82.828,82.903,108046799,27.599,27.772,27.543,27.681,11608938,82.01271428571428,85.08152380952382,33.9408364178734,-1.0343132028314272,27.514999999999997,28.04976190476191,35.00451649048637,-0.13030458078041818
2012-10-18,82.258,82.578,81.026,81.366,132300097,27.609,27.707,27.26,27.361,13419284,81.95414285714287,84.6562380952381,34.6284603840423,-1.1061104899502539,27.487857142857145,27.98195238095238,33.26180237525098,-0.15216282003053294
2012-10-19,81.161,81.254,78.404,78.434,206563056,27.342,27.342,26.741,26.741,14067719,81.38342857142857,84.11214285714286,30.516661545262394,-1.3836484158701268,27.387571428571427,27.887095238095238,26.79806349406192,-0.2170128613799882
2012-10-22,78.765,81.718,78.551,81.544,151713892,26.741,26.987,26.686,26.924,6669430,81.49228571428571,83.70757142857144,40.880241360299486,-1.3372334186179415,27.329,27.79933333333333,30.361841965438884,-0.2507499266950326
2012-10-23,81.154,81.527,78.673,78.885,196244630,26.741,26.887,26.595,26.63,11568993,81.19157142857144,83.23323809523811,31.844471424261386,-1.4977432251170342,27.231142857142856,27.706333333333333,24.325172523367087,-0.2977775428057363
2012-10-24,79.925,80.582,78.536,79.33,154980421,26.713,26.787,26.429,26.476,7001673,80.86185714285715,82.88580952380951,34.26039267102553,-1.5709318971591415,27.091571428571427,27.625095238095234,21.34314618251942,-0.3435139651966779
2012-10-25,79.737,79.997,77.88,78.393,181812810,26.637,26.676,26.32,26.419,5735092,80.12214285714286,82.54495238095238,35.82326436097043,-1.6851175302729473,26.890285714285714,27.550666666666665,21.921259745858976,-0.3799796640477382
2012-10-26,78.379,78.967,76.008,77.681,282744263,26.384,26.586,26.221,26.467,10616790,79.37614285714287,82.07138095238095,38.0478520645639,-1.812173310857574,26.716857142857144,27.46123809523809,25.401160684323486,-0.40039034361426573
2012-10-31,76.509,77.418,75.585,76.565,141622825,26.457,26.495,26.276,26.357,21287450,78.69028571428571,81.6317619047619,36.43322048893179,-1.9800925314197997,26.57342857142857,27.376285714285718,27.740492025217364,-0.42059369263517254
2012-11-01,76.938,77.552,76.417,76.722,100370713,26.495,26.814,26.438,26.787,7566358,78.44571428571429,81.24676190476191,34.74798222852786,-2.0765638007329983,26.580000000000002,27.31457142857143,39.08122485115268,-0.39732744252180296
2012-11-02,76.639,76.774,73.92,74.185,166440141,26.868,26.904,26.411,26.438,10005346,77.39442857142856,80.72938095238095,33.170059673229204,-2.3308639256851222,26.510571428571428,27.234571428571424,36.18988886971067,-0.4024114067632212
2012-11-05,75.047,75.595,74.286,75.191,146954789,26.457,26.647,26.392,26.586,6591956,76.86671428571428,80.19771428571428,35.784674192234874,-2.4232886512096172,26.504285714285714,27.154571428571426,39.1935960424813,-0.39000241684679793
2012-11-06,75.91,75.976,74.607,74.962,104065398,26.704,26.894,26.637,26.704,6649108,76.2427142857143,79.68357142857143,33.29162075953131,-2.4863531666352543,26.53685714285714,27.076428571428572,38.830897541415894,-0.36642269634992175
2012-11-07,74.139,74.231,71.803,72.094,219105455,26.419,26.429,25.965,26.038,11061138,75.34285714285714,79.11990476190476,22.560130047537783,-2.7362145030327127,26.482428571428567,26.973380952380953,25.439077838598493,-0.39690100426433617
2012-11-08,72.433,72.639,69.158,69.477,291720281,26.119,26.201,25.653,25.663,10365667,74.17085714285714,78.51990476190475,20.636864653621004,-3.109556410432063,26.36757142857143,26.866476190476185,23.94111561591538,-0.4461714619834467
2012-11-09,69.823,71.689,68.955,70.678,257020990,25.644,26.038,25.626,25.781,15767939,73.32985714285714,77.99142857142859,26.276302922495375,-3.2708179457400206,26.285285714285717,26.78219047619048,28.474114332796262,-0.4702759919686912
2012-11-12,71.597,71.639,69.594,70.135,142539425,25.865,25.919,25.653,25.746,5599403,72.38885714285715,77.406,29.393653453269522,-3.4032044141922313,26.136571428571425,26.701380952380955,33.873581693928614,-0.4865940597124734
2012-11-13,69.629,71.123,69.298,70.143,147344021,25.552,25.855,25.482,25.617,10882762,71.81142857142858,76.89938095238097,16.536542399089356,-3.4675048733591467,26.01928571428571,26.619619047619047,28.439458793087283,-0.5041242374637278
2012-11-14,70.478,70.731,69.275,69.365,131818638,25.737,25.791,25.308,25.36,16704933,70.97914285714286,76.34580952380954,18.589151362000152,-3.5404296789929646,25.844142857142856,26.52652380952381,28.79091502903377,-0.5326151261581451
2012-11-15,69.448,69.701,67.523,67.91,218229394,25.38,25.482,25.134,25.216,9802778,69.97171428571428,75.69209523809523,14.674585485928901,-3.6732860973215224,25.631571428571426,26.419999999999998,28.887399328276274,-0.5603545389397162
2012-11-16,67.856,68.478,65.34,68.177,350204372,25.243,25.343,24.84,25.253,9499384,69.41214285714285,74.95904761904762,17.0323996231797,-3.714215928236243,25.51942857142857,26.29738095238095,30.330634134740563,-0.5727503234387861
2012-11-19,69.859,73.32,69.752,73.09,227389256,25.561,25.965,25.544,25.946,12023519,69.92828571428572,74.4917619047619,38.34475752542134,-3.3120359846140417,25.55985714285714,26.214761904761904,42.78193388779525,-0.5206529999159635
2012-11-20,73.892,73.896,71.65,72.47,177617260,25.909,25.919,25.6,25.837,15840713,70.18428571428572,74.06814285714286,39.33538202246495,-3.008652427820408,25.567857142857143,26.142190476190475,42.79379140822809,-0.482597797726676
2012-11-21,72.901,73.302,71.911,72.569,103124238,25.845,25.974,25.808,25.919,11061982,70.532,73.78885714285714,39.151559451015025,-2.7287746847163277,25.59257142857143,26.10304761904762,36.68711640686517,-0.4407414678322006
2012-11-23,73.279,73.901,72.69,73.837,75416902,26.083,26.357,26.046,26.339,9075466,71.05971428571429,73.42185714285714,49.026409988452905,-2.3772491061052676,25.695714285714285,26.075190476190475,48.513959567938926,-0.3694210786803218
2012-11-26,74.406,76.227,74.123,76.166,174030221,26.293,26.457,26.192,26.457,8838533,72.03128571428572,73.29238095238095,52.53972384810855,-1.8889569962976793,25.85242857142857,26.06695238095238,48.04604644875961,-0.2999202486760808
2012-11-27,76.169,76.28,74.949,75.553,147326954,26.429,26.513,26.276,26.339,11777668,73.12314285714285,73.11252380952381,51.50927009953879,-1.5337656624450346,26.012857142857143,26.06042857142857,44.47137212281148,-0.25146324227758754
2012-11-28,74.582,75.684,73.936,75.314,143999894,26.165,26.513,26.02,26.495,12340245,74.14271428571429,72.96590476190475,59.49852502460298,-1.25706856996851,26.190285714285714,26.06404761904762,58.18702944657169,-0.1981882288055239
2012-11-29,76.256,76.776,75.615,76.145,142187251,26.62,26.713,26.505,26.62,14809465,74.57914285714286,72.89276190476191,71.9862832360981,-0.9596669326154768,26.286571428571428,26.071333333333335,68.83116845193373,-0.14421848060028353
2012-11-30,75.741,76.021,75.28,75.619,108075345,26.61,26.666,26.503,26.594,6902601,75.029,72.84771428571428,67.05086610955124,-0.757683690442974,26.394714285714286,26.082619047619044,66.59861129751714,-0.10236504846682948
2012-12-03,76.699,76.821,75.645,75.734,100626197,26.76,26.831,26.531,26.559,8660304,75.48114285714284,72.80066666666666,69.90967918506962,-0.5816263503882482,26.48614285714286,26.071761904761907,66.59861129751714,-0.07119936746806133
2012-12-04,75.165,75.17,73.919,74.401,154110067,26.559,26.578,26.376,26.513,11678357,75.56171428571429,72.81095238095239,63.83725458899506,-0.543397649771137,26.511000000000003,26.075333333333333,68.93491083470462,-0.049639937996456496
2012-12-05,73.503,73.547,69.611,69.613,288540981,26.457,26.457,26.083,26.247,13788433,74.62557142857143,72.54533333333333,50.63930703707207,-0.8892025407432556,26.480999999999998,26.05919047619048,68.67368380571298,-0.05340232302016901
2012-12-06,68.338,71.486,67.006,70.703,325279989,26.175,26.467,26.064,26.402,10531554,73.93271428571428,72.34252380952381,57.338027386751506,-1.0630473693881441,26.490000000000002,26.04480952380952,74.85331054151442,-0.04337681472797428
2012-12-07,71.498,71.73,68.478,68.895,217634858,26.531,26.559,26.156,26.266,25983078,73.01571428571428,72.19019047619048,51.7450903789407,-1.3313640030057883,26.457285714285714,26.055666666666667,70.38229336605534,-0.04587675193804586
2012-12-10,67.829,69.575,67.385,68.452,174216164,26.201,26.457,26.184,26.329,15041032,71.91671428571428,72.14138095238096,35.598062321551794,-1.5617503797375036,26.41571428571429,26.087380952380954,60.32344967949947,-0.042286939188809214
2012-12-11,69.737,71.003,69.427,69.948,163451165,26.54,26.839,26.495,26.686,10866903,71.10657142857143,72.10661904761903,42.572741159381636,-1.6051157702852805,26.42885714285714,26.13047619047619,70.18544889082429,-0.010513872913037403
2012-12-12,70.773,70.8,69.288,69.639,134581946,26.814,26.831,26.578,26.637,7180036,70.23585714285714,72.083,41.47661155569741,-1.6454491586599147,26.439999999999998,26.17290476190476,67.34299471362218,0.010590539387500542
2012-12-13,68.625,69.462,67.932,68.436,172750127,26.603,26.722,26.357,26.447,9617848,69.38371428571429,72.00171428571427,34.22881501610678,-1.7542636463191315,26.430571428571426,26.21242857142857,52.93478220593099,0.0118479502852189
2012-12-14,66.504,66.942,65.323,65.862,278959027,26.276,26.357,26.119,26.192,10039975,68.84785714285714,71.83490476190475,20.33625055937887,-2.02485888711972,26.422714285714285,26.25204761904762,43.297925844121934,-0.007643798444888716
2012-12-17,65.755,67.182,64.759,67.032,209577804,26.192,26.521,26.184,26.513,9653653,68.32342857142858,71.79309523809523,26.231520202664356,-2.1204550571245164,26.43857142857143,26.313809523809525,53.990825341343374,0.0027788348685007236
2012-12-18,67.829,69.111,67.215,68.978,172789056,26.63,26.932,26.54,26.904,12095472,68.33528571428572,71.83123809523809,33.86308066044809,-2.015951144084113,26.529714285714284,26.39242857142857,58.467908563747066,0.04210393122664158
2012-12-19,68.665,68.952,67.893,68.001,124129447,26.96,26.987,26.76,26.769,10010738,68.27085714285714,71.58890476190476,29.4114672660653,-1.9890383786640484,26.59257142857143,26.431619047619044,53.072164642057544,0.061665144256792814
2012-12-20,68.478,68.502,67.039,67.407,131211299,26.787,26.859,26.63,26.814,7782197,67.90785714285714,71.34780952380952,29.31069231027159,-1.992670390045319,26.610857142857146,26.478142857142853,54.50081801840771,0.07987788786438088
2012-12-21,66.217,67.141,65.921,67.098,164854230,26.465,26.619,26.373,26.585,14755578,67.54485714285714,71.08728571428571,28.45309379249784,-1.9974570611839653,26.603428571428573,26.509857142857143,50.4927973059518,0.07496903584338455
2012-12-24,67.229,67.735,67.017,67.204,48581683,26.511,26.557,26.455,26.511,2825104,67.36885714285714,70.77142857142857,30.872269152595962,-1.9699884182164311,26.61257142857143,26.51804761904762,49.96249036028695,0.06436558727031283
2012-12-26,67.055,67.115,66.037,66.278,83532447,26.511,26.593,26.253,26.363,4600957,67.4282857142857,70.30057142857143,38.84689983654227,-1.9998863370513646,26.637,26.51357142857143,52.27629484620559,0.043518263319668904
2012-12-27,66.348,66.697,65.2,66.547,125717789,26.346,26.408,25.997,26.336,11701533,67.35900000000001,69.87171428571428,35.29370130968772,-1.9790612154884144,26.61171428571428,26.513428571428573,48.6363633549962,0.024535109075493722
2012-12-28,65.928,66.469,65.649,65.839,97870604,26.123,26.31,26.015,26.043,8988084,66.91057142857143,69.42052380952381,38.27321561505561,-1.9966704653694052,26.488714285714284,26.491904761904763,45.673263236544194,-0.013990554324649906
2012-12-31,65.903,69.172,65.764,68.754,182167904,25.976,26.604,25.937,26.495,16537947,67.01814285714285,69.06857142857143,50.974067816176195,-1.7551771943033003,26.449571428571428,26.485952380952376,52.79838140958283,-0.007958062067501714
2013-01-02,71.553,71.705,69.978,70.935,154865509,27.198,27.393,27.07,27.374,16380189,67.52214285714285,68.8455238095238,53.04874277242961,-1.371988139259443,26.529571428571426,26.523095238095237,59.86238508082756,0.0669785978156483
2013-01-03,70.745,71.017,69.896,70.039,97488400,27.354,27.43,27.117,27.198,10661006,67.94228571428572,68.57433333333333,51.19232140713651,-1.127609385145206,26.617142857142856,26.553523809523806,57.759335875897456,0.11088648122477807
2013-01-04,69.375,69.591,67.936,68.088,164191192,27.171,27.198,26.997,27.088,7273881,68.06857142857143,68.27371428571429,49.006962636337285,-1.0789296275326876,26.699571428571428,26.580904761904765,59.06647784245245,0.13524865220087534
2013-01-07,67.446,68.386,66.566,67.689,133721724,27.007,27.117,26.895,27.051,8372220,68.27014285714286,68.18209523809523,55.952303330727034,-1.060323781796015,26.79785714285714,26.61919047619047,62.94844712653651,0.14984296106020167
2013-01-08,68.375,68.721,67.346,67.871,126651168,27.051,27.108,26.804,26.952,6060440,68.45928571428571,68.0472380952381,52.92151258855762,-1.0191445718109122,26.885857142857144,26.645380952380954,57.09208374821029,0.1516722006387603
2013-01-09,67.533,67.83,66.664,66.808,112611881,26.978,27.051,26.942,26.997,12631636,68.59771428571428,67.94785714285715,41.94864940729588,-1.0600651956481073,27.022142857142857,26.680190476190475,51.69152392736219,0.15496665101354523
2013-01-10,68.287,68.31,66.607,67.636,166038770,27.189,27.198,26.905,27.136,10601772,68.438,67.90899999999999,48.630599483692585,-1.0139937163678638,27.113714285714284,26.718619047619047,56.66545557816334,0.16687009046941625
2013-01-11,67.331,67.872,67.057,67.222,96900287,27.127,27.208,27.07,27.171,5508051,67.90757142857142,67.77919047619048,49.29641738114019,-0.9993679851213244,27.084714285714288,26.741714285714288,56.50747328067641,0.17708651636254302
2013-01-14,64.945,65.568,64.407,64.827,202815867,26.988,27.061,26.895,26.997,10597661,67.163,67.55004761904762,42.54578870901061,-1.1675744009808966,27.056,26.758857142857146,57.66369017585875,0.16919241680459152
2013-01-15,64.382,64.47,62.452,62.781,242045402,26.878,26.878,26.721,26.823,8803679,66.40485714285714,67.2807619047619,37.122226721032355,-1.449268038466542,27.01814285714286,26.776761904761905,55.59540861609196,0.14719912037822525
2013-01-16,63.907,65.82,63.63,65.383,190827569,26.839,27.026,26.804,26.914,9569897,66.07542857142856,67.25795238095237,47.625868710978686,-1.445885355146558,26.99857142857143,26.81114285714286,60.08787958944337,0.13554968163530745
2013-01-17,65.931,65.99,64.862,64.945,125178052,27.051,27.127,26.997,27.026,6918546,65.65742857142857,67.15857142857142,45.78820061830712,-1.4616979496377809,27.009142857142855,26.83557142857143,62.25142014505692,0.1338123757069809
2013-01-18,64.407,64.887,64.133,64.601,130744810,26.924,26.997,26.849,26.988,8429430,65.34214285714286,66.95014285714285,46.681676817114635,-1.484870803445574,27.007857142857144,26.83957142857143,68.449823913199,0.12789497219382184
2013-01-22,65.188,65.617,64.165,65.216,127334286,27.007,27.061,26.859,27.061,6970275,64.99642857142857,66.8175238095238,39.183074443649026,-1.4370447395805002,26.997142857142858,26.85347619047619,62.96975211660107,0.12762469910295593
2013-01-23,65.739,66.537,65.216,66.411,237111514,27.309,27.447,27.273,27.346,10331815,64.88057142857143,66.77009523809524,35.281103559738696,-1.2878699631667843,27.02214285714286,26.878809523809526,49.118387476286294,0.1486935768909916
2013-01-24,59.431,60.171,58.17,58.204,403617999,26.914,27.127,26.839,26.878,14569210,63.93442857142857,66.34657142857142,23.907579684522844,-1.8110080162538509,27.005142857142857,26.892761904761908,41.48936139316431,0.12617268539283089
2013-01-25,58.359,58.944,56.203,56.834,333813084,26.978,27.079,26.869,26.905,17651112,63.08485714285714,65.8527619047619,24.536157102746557,-2.309523493558494,27.01685714285714,26.91152380952381,44.90817995063187,0.10924409307498095
2013-01-28,56.566,58.556,56.313,58.12,216935263,26.952,27.088,26.887,26.997,7856236,62.047285714285714,65.46428571428571,29.184250580440292,-2.571192047075705,27.02871428571429,26.941714285714284,48.542116263720544,0.10207503535501417
2013-01-29,59.238,59.458,58.413,59.208,157788647,26.952,27.098,26.823,27.034,7395817,61.227714285714285,65.11480952380953,31.86974172507736,-2.6601096653917367,27.029857142857143,26.974952380952377,52.29050238432002,0.09824657092649147
2013-01-30,59.044,59.766,58.721,59.022,115265298,27.017,27.136,26.914,26.952,6494059,60.43071428571428,64.79019047619047,33.084209591414805,-2.714297432842862,27.024714285714285,27.018238095238093,48.768472532699214,0.08758613217563749
2013-01-31,59.041,59.339,58.783,58.846,88226409,27.042,27.199,26.968,26.997,5899430,59.520714285714284,64.31838095238095,30.346122868041945,-2.7398599579644767,27.015571428571427,27.042142857142856,45.989613015663835,0.08182554760245608
2013-02-01,59.317,59.365,57.926,58.607,149077967,27.228,27.364,27.127,27.3,7974275,58.405857142857144,63.73133333333333,30.585477963302978,-2.747729629122844,27.008999999999997,27.03861904761905,53.22338793346959,0.10055072438867896
2013-02-04,58.644,58.907,57.107,57.148,131820063,27.208,27.244,26.924,26.942,11850324,58.254999999999995,63.1174761904762,31.932614914730763,-2.838969632120161,27.01814285714286,27.026428571428575,48.74141845200007,0.0855171651825728
2013-02-05,57.37,59.398,57.135,59.151,158410285,27.042,27.354,27.017,27.254,10486717,58.586,62.69190476190475,41.44190868633597,-2.7183175588887707,27.068,27.034333333333333,59.27679688769907,0.09765306990505351
2013-02-06,58.975,60.271,58.473,59.09,163969146,27.171,27.354,27.136,27.244,8099727,58.72457142857143,62.282428571428575,33.14405097423172,-2.597677700272854,27.10328571428571,27.043523809523816,57.35950008785323,0.10525068107047275
2013-02-07,60.203,61.076,59.014,60.845,193075926,27.273,27.3,26.988,27.244,10818513,58.95842857142857,61.94785714285714,39.74179340690628,-2.3335561278498673,27.133285714285712,27.057428571428574,55.11737052974499,0.11000378746992467
2013-02-08,61.597,62.222,60.849,61.725,173919690,27.354,27.546,27.346,27.482,9945453,59.344571428571435,61.70580952380952,42.99220269971293,-2.029830609537271,27.209,27.08052380952381,60.60085800497339,0.1314598818003212
2013-02-11,61.921,63.017,61.501,62.369,142116427,27.52,27.565,27.43,27.539,7008377,59.847857142857144,61.455000000000005,43.072655574333695,-1.7173638289842401,27.286428571428576,27.09971428571429,60.328435244339666,0.1513191023520548
2013-02-12,62.313,62.688,60.784,60.804,167111380,27.512,27.565,27.403,27.447,5846761,60.16171428571429,61.14938095238095,36.598307734003704,-1.577825880357402,27.30742857142857,27.112857142857145,52.38095203520351,0.1578148551791756
2013-02-13,60.716,61.548,60.198,60.689,130528184,27.457,27.546,27.354,27.439,9800552,60.66757142857143,60.952333333333335,59.68659851597316,-1.459694144192703,27.37842857142857,27.133904761904763,66.88741665477191,0.1604674836884108
2013-02-14,60.365,61.289,60.301,60.634,97666569,27.28,27.403,27.237,27.364,6936957,60.87942857142857,60.85009523809524,66.50451694483468,-1.3548935629332632,27.39414285714286,27.15966666666667,63.428905273256476,0.1547341586322446
2013-02-15,60.927,61.098,59.766,59.798,107675202,27.384,27.482,27.263,27.346,5457767,60.98057142857143,60.58414285714286,57.58452352140815,-1.3240339216281924,27.408714285714286,27.1802380952381,60.672782355095435,0.14704298762092094
2013-02-19,59.921,60.133,58.98,59.776,119714613,27.393,27.529,27.393,27.529,5029663,60.82785714285715,60.338,52.84113638057466,-1.286522420074327,27.449428571428573,27.204190476190476,63.89668675207547,0.15393972842263892
2013-02-20,59.479,59.479,58.322,58.329,130823949,27.52,27.539,27.146,27.153,7255116,60.34271428571429,60.03933333333333,46.92191519437623,-1.3579020422748656,27.402428571428572,27.212047619047617,54.84337312394823,0.12759455693198518
2013-02-21,57.958,58.37,57.544,57.966,122781947,27.061,27.079,26.839,26.933,18111890,59.71371428571429,59.69409523809524,46.15519043637081,-1.4273088455114689,27.31585714285714,27.205952380952382,48.57777747551605,0.08794982648281646
2013-02-22,58.381,58.685,58.036,58.584,90807897,27.117,27.273,27.017,27.263,9444610,59.39657142857143,59.321380952380956,49.902731904031285,-1.4161226218875953,27.28957142857143,27.201999999999998,49.187527145970435,0.08221164933338088
2013-02-25,58.98,59.142,57.512,57.541,102261994,27.411,27.502,26.859,26.878,8798318,58.94685714285715,59.289809523809524,51.72262639395834,-1.474422616234854,27.20942857142857,27.202000000000005,48.6111108157311,0.04606679089056698
2013-02-26,57.678,58.678,56.874,58.346,137689988,26.952,27.088,26.823,27.034,8286769,58.620000000000005,59.36180952380952,46.05740026987913,-1.439080188829024,27.162285714285712,27.208142857142857,44.87895687695276,0.029667636373936546
2013-02-27,58.274,58.795,57.262,57.772,161369210,26.997,27.403,26.968,27.263,8983957,58.33057142857143,59.345238095238095,43.853758569860766,-1.440779652384812,27.150428571428574,27.22080952380953,50.40135162415766,0.03474900948627635
2013-02-28,57.705,58.201,57.36,57.36,88603115,27.272,27.448,27.207,27.207,7258424,57.985428571428564,59.257238095238094,31.421260215385686,-1.4585580964540554,27.10442857142857,27.229047619047623,49.2364834134087,0.03386690569125861
2013-03-01,56.919,56.944,55.878,55.942,151714021,27.089,27.32,26.951,27.255,5995162,57.64442857142857,59.11057142857143,20.842996844630235,-1.568982141278056,27.119,27.243476190476194,44.91715153209131,0.03661891091520175
2013-03-04,55.593,55.645,54.452,54.585,159925050,27.171,27.354,27.136,27.336,5443544,57.16142857142857,58.90766666666667,13.386641562802168,-1.7458672801996755,27.176571428571428,27.259619047619047,45.50287964685847,0.04481926929960167
2013-03-05,54.772,56.554,54.677,56.027,175360752,27.494,27.78,27.494,27.716,13544168,56.796142857142854,58.78480952380952,27.267535892096177,-1.7495252405490973,27.241285714285713,27.279428571428575,55.28487199450368,0.08104668091929312
2013-03-06,56.465,56.563,55.157,55.314,126449262,27.809,27.819,27.653,27.696,7813435,56.478,58.69747619047619,25.799189521729986,-1.7893310471983668,27.358142857142855,27.31533333333333,55.025420113275,0.1069109301265243
2013-03-07,55.167,56.141,54.718,55.954,128660807,27.706,27.809,27.67,27.762,5801049,56.136285714285705,58.5452380952381,29.98289132422923,-1.7490725646905503,27.462142857142855,27.339523809523808,57.81004677812375,0.1312215421250471
2013-03-08,55.854,56.585,55.699,56.103,107598393,27.891,27.891,27.734,27.819,6523299,55.89785714285714,58.403,33.20912474189515,-1.68571252780049,27.541571428571427,27.36690476190476,59.14186284190717,0.1533199242649168
2013-03-11,55.842,57.049,55.248,56.9,130331904,27.758,27.897,27.676,27.879,5846281,55.83214285714286,58.21514285714286,37.79079635514762,-1.553282726501429,27.637571428571427,27.39714285714286,57.10227240282801,0.173672560707665
2013-03-12,56.609,57.031,55.564,55.676,128044372,27.809,27.856,27.662,27.78,5283929,55.79414285714286,57.92709523809524,38.52012111300029,-1.5294669821616935,27.71257142857143,27.411333333333328,64.3347046636096,0.17974174811200783
2013-03-13,55.679,56.464,55.276,55.666,111528781,27.772,27.873,27.67,27.762,5973527,55.94857142857143,57.607904761904756,39.73397602604215,-1.4941758208452427,27.77342857142857,27.42195238095238,70.88161159075936,0.18101257302296503
2013-03-14,56.247,56.481,55.939,56.206,83512928,27.856,27.984,27.856,27.965,6268839,55.97414285714286,57.38895238095239,39.311398727943235,-1.4064214828241433,27.809,27.446619047619045,68.89128042816034,0.19613914441448088
2013-03-15,56.909,57.727,56.823,57.657,176977045,27.965,27.984,27.772,27.847,10688431,56.30885714285714,57.244571428571426,50.50294825641335,-1.2058912010945235,27.83057142857143,27.46604761904762,80.45254486088271,0.196342137448692
2013-03-18,57.366,59.448,57.336,59.221,166598826,27.627,27.974,27.587,27.856,6694333,56.77557142857143,57.17728571428571,53.559515031337305,-0.9102746988722359,27.844,27.48947619047619,78.46260311739863,0.19498160905727957
2013-03-19,59.714,59.903,58.283,59.06,144771276,27.927,27.984,27.587,27.819,7890994,57.198,57.14214285714285,55.4217881145054,-0.6811361321867082,27.843999999999998,27.511999999999997,72.20447203605208,0.18874208841947748
2013-03-20,59.442,59.472,58.423,58.75,84828139,27.974,28.021,27.873,27.955,7924677,57.46228571428571,57.09328571428572,55.90183417267106,-0.5185787237329649,27.854857142857146,27.532285714285713,78.07807725743751,0.19255167095773373
2013-03-21,58.507,59.516,58.49,58.833,105328271,27.679,27.752,27.577,27.643,6286911,57.91328571428571,57.117285714285714,63.84445925736784,-0.37868811911839373,27.835285714285714,27.555619047619047,62.155387925955296,0.16845317669616122
2013-03-22,59.073,60.052,58.882,60.027,108585162,27.716,27.856,27.687,27.819,3697451,58.53628571428572,57.215428571428575,76.47402207913638,-0.16952382069822391,27.84342857142857,27.597809523809524,64.28148971026563,0.16169278174255197
2013-03-25,60.386,61.069,60.009,60.243,137724822,27.936,27.984,27.653,27.752,4961923,59.113,57.29442857142857,73.28767111952857,0.013514006505026543,27.813,27.62109523809524,51.306240407628835,0.14920879388154873
2013-03-26,60.484,60.537,59.846,59.926,80879706,27.891,27.936,27.828,27.927,4581991,59.43714285714286,57.408,76.64048046754083,0.13147795651890704,27.82442857142857,27.67104761904762,57.53424604991551,0.1516876205559008
2013-03-27,59.317,59.364,58.574,58.75,91080036,27.734,27.873,27.687,27.856,7841794,59.36985714285714,57.427238095238096,65.20887718527803,0.12858956457515092,27.82442857142857,27.710190476190476,53.055916292078834,0.1462372697103831
2013-03-28,58.456,58.715,57.389,57.523,121743329,27.789,27.936,27.743,27.909,8053470,59.150285714285715,57.415380952380964,56.91333974714833,0.026980829410383933,27.837285714285716,27.74095238095238,52.93350668769943,0.14452845044725393
2013-04-01,57.459,57.663,55.584,55.74,107028495,27.936,27.936,27.653,27.724,5021414,58.72028571428571,57.3382380952381,44.84719255260656,-0.19516824605386773,27.804285714285715,27.765571428571427,45.32851076877683,0.126784749310076
2013-04-02,55.568,56.939,55.413,55.852,145557726,27.828,27.955,27.772,27.838,4574458,58.294428571428575,57.333952380952375,50.86750781623173,-0.35805805451099815,27.832142857142856,27.793333333333333,51.732377106180834,0.12053216580590487
2013-04-03,56.057,56.827,55.92,56.138,99768431,27.865,27.909,27.568,27.617,9190151,57.738857142857135,57.40790476190476,52.26487516970171,-0.4587830263277084,27.803285714285717,27.806714285714282,46.137453038932144,0.09663020248148513
2013-04-04,56.368,56.529,55.262,55.582,98519648,27.617,27.679,27.494,27.627,6112359,57.07299999999999,57.38671428571429,47.01034872957598,-0.5768235822943382,27.78542857142857,27.802476190476188,39.96437021407285,0.07760011494831787
2013-04-05,55.167,55.221,54.537,54.995,105265358,27.245,27.458,27.172,27.412,7605478,56.36857142857143,57.371523809523815,36.09485995556539,-0.7095582220711023,27.711857142857145,27.78895238095238,37.78775938852956,0.04465517326337931
2013-04-08,55.211,55.555,54.905,55.389,82705260,27.432,27.531,27.33,27.531,6857649,55.88842857142857,57.34461904761905,27.19590569141367,-0.7740362649495296,27.665428571428574,27.77795238095238,41.40666283464119,0.027827595894684976
2013-04-09,55.407,55.685,54.939,55.488,84281124,27.597,27.799,27.475,27.724,6474867,55.59771428571429,57.315333333333335,28.585131846499777,-0.8078348881169646,27.639,27.773428571428575,47.67953069491285,0.029722484327816545
2013-04-10,55.645,56.797,55.363,56.621,103269685,27.799,28.244,27.78,28.215,11446118,55.723571428571425,57.30204761904761,38.382625718939586,-0.7347274289106309,27.709142857142858,27.78942857142857,55.41215621325143,0.07003645692553917
2013-04-11,56.364,56.918,56.035,56.442,90264574,28.066,28.158,28.003,28.121,6771090,55.80785714285714,57.33852380952381,37.088238414598216,-0.6833557451573995,27.749571428571432,27.805666666666667,60.94322305256174,0.09332476643172427
2013-04-12,56.42,56.42,55.761,55.854,65581532,27.994,28.076,27.819,28.003,6235637,55.76728571428571,57.34747619047619,25.886975573510043,-0.6822257280270065,27.804714285714283,27.817142857142855,54.327374995022026,0.10109395745301697
2013-04-15,55.491,55.605,54.521,54.56,87163362,27.9,27.955,27.54,27.54,17809830,55.62128571428572,57.26909523809523,20.799506701141397,-0.7767908060242448,27.792285714285715,27.796904761904756,45.79698626441007,0.06909438964972381
2013-04-16,54.783,55.438,54.656,55.392,83893729,27.743,27.918,27.67,27.882,9023524,55.678000000000004,57.16123809523809,27.874292368705838,-0.7756575673494481,27.85942857142857,27.798571428571428,49.163257460659906,0.0705181540243558
2013-04-17,54.616,54.661,51.735,52.346,259637011,27.636,27.653,27.189,27.31,13065099,55.24328571428571,56.83385714285714,23.57213599125042,-1.008916054799677,27.82785714285714,27.772571428571425,41.44200608771529,0.025200383616738264
2013-04-18,52.624,52.732,50.648,50.946,183049763,27.432,27.44,26.951,27.026,17106585,54.59442857142857,56.44747619047619,23.240296173377487,-1.2918517238299216,27.72814285714286,27.734809523809524,37.094416685378036,-0.03324744657289358
2013-04-19,50.417,51.929,50.043,50.749,167392732,26.968,27.162,26.831,27.061,9338052,53.755571428571436,56.06647619047619,26.68410722474283,-1.5145181115450086,27.563285714285712,27.692238095238093,39.86548439067052,-0.07586899505112399
2013-04-22,51.071,52.267,50.847,51.81,118083211,27.146,27.347,27.026,27.274,7940393,53.093857142857146,55.73204761904762,32.65533810013953,-1.5870741918170097,27.442285714285713,27.674666666666667,41.63204730479269,-0.09140588921439274
2013-04-23,52.501,53.069,51.827,52.778,181573630,27.405,27.67,27.32,27.568,13506905,52.65442857142857,55.386857142857146,36.37911460115879,-1.5486144348584077,27.380142857142857,27.662714285714287,49.28841106882436,-0.07908401553359923
2013-04-24,51.142,53.961,51.005,52.69,266505649,27.395,27.687,27.366,27.617,6016950,52.38728571428571,55.02719047619047,37.81392208584232,-1.5078540619152534,27.391142857142857,27.656285714285715,49.856404164850794,-0.06462005164655693
2013-04-25,53.439,53.793,52.891,53.069,105544301,27.679,27.856,27.643,27.706,7015898,52.05542857142857,54.70066666666666,41.73957792208322,-1.4285021564821179,27.366000000000003,27.645761904761905,54.380214314266084,-0.04545176026330111
2013-04-26,53.255,54.42,53.051,54.216,210008006,27.662,27.78,27.587,27.696,5820946,52.322571428571436,54.48476190476191,45.274353345109894,-1.2585540578495227,27.421142857142858,27.63814285714286,52.540806672136995,-0.03071362017370305
2013-04-29,54.653,56.35,54.578,55.895,175893584,27.762,28.167,27.762,28.095,8954261,53.02957142857143,54.40723809523809,51.454506416956406,-0.9771240198000584,27.573857142857143,27.647,55.37213994346655,0.013012428274542742
2013-04-30,56.543,57.862,56.147,57.538,189945171,28.132,28.413,28.069,28.403,14528720,53.99942857142857,54.49285714285714,53.161850855508845,-0.6144295567151516,27.76557142857143,27.679333333333332,52.87461751062853,0.07169223912972456
2013-05-01,57.756,57.82,56.451,57.087,139335780,28.359,28.399,28.121,28.149,9423951,54.75328571428571,54.55166666666667,52.18303657140985,-0.35924238983420764,27.890571428571427,27.694142857142857,50.40816305955855,0.09658733607746228
2013-05-02,57.411,58.295,57.259,57.897,115954547,28.186,28.546,28.177,28.511,6956243,55.48457142857143,54.63542857142856,56.81227070387651,-0.09060010934533125,28.02528571428571,27.736714285714285,56.913445618729384,0.14386882415814028
2013-05-03,58.647,58.897,58.368,58.475,99336255,28.75,28.84,28.713,28.776,11311545,56.311,54.77319047619048,63.70894314084144,0.16701535382225785,28.190857142857144,27.791428571428572,67.77905611366322,0.20041279545601398
2013-05-06,59.22,60.064,59.039,59.87,136422129,28.848,28.954,28.812,28.916,7854606,57.28257142857143,55.005333333333326,65.08556792135843,0.47822957306954095,28.363714285714284,27.86304761904762,65.79108096485183,0.2535978123366185
2013-05-07,60.425,60.527,58.958,59.604,132861539,28.936,28.978,28.75,28.897,6811542,58.05228571428571,55.20604761904762,80.08622109756207,0.695389094439129,28.535285714285713,27.92809523809524,79.16207236006291,0.29086131203126087
2013-05-08,59.653,60.476,59.234,60.277,129824587,28.868,29.138,28.812,29.128,9211525,58.678285714285714,55.43409523809524,91.16012339865543,0.911290268225109,28.68285714285714,27.994952380952377,89.3928031291233,0.33516905325035395
2013-05-09,60.149,60.565,59.596,59.751,108809587,29.071,29.218,28.963,29.042,11131788,58.99442857142857,55.58314285714286,88.5888201954524,1.0280984212685382,28.77414285714286,28.034333333333333,86.42883368517714,0.3592031063051948
2013-05-10,59.908,60.136,58.929,59.255,91374242,29.099,29.175,28.988,29.128,5093351,59.30414285714286,55.71709523809524,83.53905746738029,1.068331607598651,28.913999999999998,28.082285714285717,85.76388842565811,0.38080012101989524
2013-05-13,59.062,59.9,59.06,59.488,86536358,29.099,29.138,29.007,29.051,5133076,59.53142857142858,55.890142857142855,82.3716710581626,1.106265510192344,28.991142857142858,28.132190476190473,81.22105215280226,0.38723880638303854
2013-05-14,59.371,59.545,57.838,58.064,122016276,29.024,29.246,29.024,29.147,7996834,59.47271428571428,56.057,72.96581187850249,1.0097833482906253,29.044142857142855,28.208714285714287,81.58546608497257,0.39552850225008385
2013-05-15,57.449,57.69,55.249,56.098,202406194,29.128,29.246,29.061,29.236,6961505,58.93385714285714,56.09061904761905,61.39835923386942,0.7658524995267086,29.08985714285714,28.273190476190475,81.5854660849726,0.40461554599491834
2013-05-16,55.367,57.276,54.796,56.849,164727339,29.311,29.571,29.301,29.395,9924631,58.54028571428571,56.30504761904761,60.21255132705176,0.6259197547740527,29.161,28.372476190476192,83.0416175952615,0.4198077820229784
2013-05-17,57.435,57.568,56.382,56.674,116841489,29.503,29.698,29.431,29.689,18643069,58.02557142857143,56.57780952380953,53.42056724792412,0.4951927353265404,29.241142857142854,28.499285714285715,82.31954535585012,0.4503793882327365
2013-05-20,56.497,58.316,56.261,57.94,123157148,29.616,29.791,29.589,29.689,8775245,57.76685714285714,56.9202380952381,51.82561301311912,0.48811951227988715,29.333571428571425,28.624428571428574,79.79610698927458,0.46919897271920874
2013-05-21,57.315,58.274,56.799,57.512,124551615,29.626,29.689,29.485,29.597,9093439,57.517857142857146,57.1917619047619,51.934103874845036,0.4428727476447065,29.40057142857143,28.73504761904762,86.27254448506228,0.47125763324030245
2013-05-22,58.088,58.649,57.324,57.733,120995087,29.645,29.772,29.157,29.273,15626736,57.26714285714286,57.42771428571429,49.21138673889599,0.42000565002290813,29.43228571428571,28.816238095238095,69.45863075974417,0.44165393269996045
2013-05-23,57.026,58.365,57.007,57.837,96414361,29.024,29.369,28.963,29.264,18453100,57.23471428571429,57.67280952380953,46.78557026854112,0.405599739920099,29.449,28.894666666666666,64.33607467643645,0.4127091082572427
2013-05-24,57.672,58.298,57.603,58.233,75413013,29.071,29.236,29.014,29.218,5722799,57.53971428571429,57.91871428571428,40.82913158861535,0.4212805825470127,29.446428571428573,28.966666666666665,59.39054674659968,0.3816587858789582
2013-05-28,58.85,59.012,57.672,57.743,105341929,29.541,29.635,29.291,29.359,6839040,57.66742857142857,58.086666666666666,39.82948950075277,0.38967690560174617,29.441285714285716,29.045857142857148,63.35260064338942,0.36423008560105785
2013-05-29,57.557,58.54,57.478,58.204,90271911,29.209,29.378,29.069,29.282,8926941,57.886,58.196619047619045,38.40214831177907,0.39725035636426753,29.38314285714286,29.10238095238095,54.885786314466344,0.34028190064713826
2013-05-30,58.297,59.455,58.147,59.072,96536505,29.311,29.589,29.273,29.468,9584729,58.047714285714285,58.269666666666666,46.34120049048641,0.4678990672880232,29.351571428571425,29.15309523809524,62.70883002510515,0.33247882809751417
2013-05-31,59.193,59.794,58.801,58.83,104896197,29.361,29.621,29.175,29.193,7555512,58.236,58.352666666666664,47.64542928897105,0.49861359502272506,29.293857142857146,29.202809523809524,51.74262695742804,0.30063905526692736
2013-06-03,58.961,59.174,57.885,58.96,101611562,29.228,29.349,29.024,29.34,10850566,58.41128571428571,58.403285714285715,47.04102211851891,0.5273658478630452,29.303428571428576,29.242285714285718,57.46769984261098,0.2839937739293781
2013-06-04,59.286,59.445,58.525,58.777,81219730,29.368,29.523,29.126,29.209,10057768,58.54557142857143,58.41766666666666,54.64132264484073,0.5292843838733958,29.29557142857143,29.26290476190476,51.57360369440082,0.257266060358031
2013-06-05,58.297,58.96,58.042,58.227,79253126,29.136,29.209,28.885,28.923,8597672,58.544714285714285,58.33942857142858,66.99122091973231,0.480881135632238,29.25342857142857,29.263238095238098,42.77803387222308,0.21057892225674024
2013-06-06,58.273,58.473,56.779,57.355,113844438,28.933,29.031,28.682,28.985,15974077,58.489285714285714,58.23233333333333,53.96179130042827,0.3679169823306765,29.2,29.26742857142857,40.096618086303074,0.17654678930266243
2013-06-07,57.099,57.98,56.612,57.794,110478249,29.136,29.282,28.985,29.254,7061908,58.43071428571428,58.11409523809524,58.42105250858724,0.31023946071457686,29.195999999999998,29.273428571428575,39.364302908997495,0.16933019750898026
2013-06-10,58.175,58.747,57.139,57.413,122922550,29.369,29.441,29.273,29.321,6931401,58.193714285714286,58.002761904761904,45.42931472055326,0.23112186445450078,29.175,29.28671428571429,41.287878514190254,0.16709121308362995
2013-06-11,57.001,57.919,56.683,57.24,78124569,29.049,29.31,28.976,29.012,7925750,57.96657142857142,57.90680952380953,47.531760314801346,0.15270070653615875,29.149142857142856,29.281190476190474,37.440961561110605,0.1387832769887396
2013-06-12,57.492,57.72,56.447,56.536,72410954,29.175,29.228,28.758,28.821,9707739,57.620285714285714,57.7662380952381,40.01334881358474,0.0333599052436,29.074999999999996,29.2702380952381,39.708560766885384,0.0997866515356094
2013-06-13,56.576,57.184,56.086,57.027,78073763,28.767,29.21,28.723,29.157,8251921,57.370285714285714,57.71685714285714,43.65203752176666,-0.021352801241953046,29.067571428571426,29.270714285714288,47.8795082559203,0.0948999888411528
2013-06-14,56.956,57.073,56.053,56.254,74231979,29.116,29.209,28.903,28.933,6267925,57.088428571428565,57.72428571428571,35.35592711336646,-0.1256393627193333,29.069,29.256285714285717,44.72417599920828,0.07212097973477327
2013-06-17,56.439,56.995,56.297,56.51,70826350,29.118,29.379,29.081,29.202,7145433,56.96771428571429,57.70814285714286,40.54882713970815,-0.18549191814782517,29.099999999999998,29.24709523809524,47.22516767014764,0.07491097568009053
2013-06-18,56.453,56.888,56.276,56.48,53253269,29.254,29.503,29.235,29.431,6853085,56.779999999999994,57.69890476190477,35.850295387080735,-0.232664240285267,29.125285714285717,29.23480952380952,52.49916110869232,0.0945109898745109
2013-06-19,56.433,56.465,55.334,55.334,84900606,29.458,29.468,29.069,29.089,12172945,56.483,57.57480952380953,20.65934061393554,-0.3583899714153418,29.092142857142857,29.206238095238096,43.95919648854677,0.08150802675191215
2013-06-20,54.851,55.726,54.31,54.528,97571131,28.782,28.923,28.383,28.448,17115996,56.095571428571425,57.43271428571428,18.978944293956587,-0.5171051172133687,29.011571428571433,29.15152380952381,39.36625733624676,0.019257750496290527
2013-06-21,54.743,54.941,53.384,54.093,131373254,28.488,28.524,28.079,28.273,13069712,55.74657142857143,57.259380952380944,16.383478349306714,-0.6702625093091115,28.933285714285713,29.10390476190476,34.89096559374866,-0.0436934089688954
2013-06-24,53.292,53.458,52.068,52.656,131201439,28.023,28.124,27.743,27.929,12070856,55.122142857142855,57.01266666666666,13.964441281584584,-0.8972517765145014,28.757857142857144,29.040333333333333,32.905982782937045,-0.11995778280664737
2013-06-25,53.07,53.345,52.173,52.668,85798615,28.219,28.273,27.986,28.161,8917632,54.609857142857145,56.74766666666667,15.059710847160787,-1.0639100140513236,28.647571428571432,28.99,39.67479659743986,-0.1598349100834433
2013-06-26,52.837,52.952,51.758,52.07,100421751,28.439,28.448,28.247,28.327,22090022,53.97557142857143,56.47752380952381,15.596927454972402,-1.2300620803374187,28.522571428571432,28.940857142857144,41.328413131629524,-0.1760140279204343
2013-06-27,52.225,52.507,51.478,51.511,92086911,28.498,28.615,28.448,28.468,7062030,53.26571428571429,56.15880952380952,9.729521838711293,-1.3908129917543093,28.384999999999998,28.902095238095242,39.27986891709815,-0.1754362538278187
2013-06-28,51.492,52.665,51.167,52.174,157038434,28.238,28.498,28.132,28.345,9869201,52.81428571428571,55.83033333333333,17.59247800986084,-1.4480188284284594,28.278714285714283,28.84861904761905,36.88876934002073,-0.18279627408200483
2013-07-01,52.677,53.93,52.485,53.532,106782954,28.56,28.719,28.468,28.498,10334132,52.672000000000004,55.578047619047624,29.99568402892318,-1.3680060927352358,28.285857142857143,28.815523809523807,42.79304526104808,-0.17427439508933773
2013-07-02,53.627,55.157,53.566,54.743,128310205,28.478,28.738,28.373,28.541,15642052,52.76485714285714,55.3772380952381,40.82864444280297,-1.1931242503233364,28.324142857142856,28.77747619047619,45.90403726077924,-0.1621814768462002
2013-07-03,55.052,55.332,54.607,55.046,65778191,28.468,28.836,28.468,28.709,12514647,53.10628571428572,55.19957142857143,39.66830076610448,-1.0183407640994986,28.43557142857143,28.753666666666668,43.107692121997644,-0.13745703689107813
2013-07-05,54.992,55.373,54.33,54.603,74822054,28.875,28.913,28.586,28.895,15327941,53.38271428571429,55.02699999999999,41.08242404935143,-0.9051361436779786,28.54042857142857,28.752333333333333,49.40846802873021,-0.10168196812976049
2013-07-08,54.954,55.071,53.719,54.295,81408010,29.04,29.069,28.791,28.875,8448446,53.70057142857143,54.88128571428572,38.102911103938055,-0.8306979237616545,28.618714285714283,28.747095238095238,44.48194376552573,-0.07408974083095288
2013-07-09,54.104,55.4,53.683,55.248,96272163,28.995,29.031,28.846,28.985,13455434,54.23442857142857,54.76004761904762,43.979671558276436,-0.6868879460635497,28.69257142857143,28.73428571428571,42.158930875448284,-0.04285264262441402
2013-07-10,54.889,55.569,54.712,55.037,76762108,28.976,29.173,28.97,29.079,9540942,54.64342857142857,54.646904761904764,48.40271047890306,-0.5832204370856786,28.797428571428576,28.722761904761903,49.807395725229796,-0.010392207931261055
2013-07-11,55.326,56.018,55.094,55.895,89091585,29.378,29.598,29.349,29.571,11141738,54.980999999999995,54.582857142857144,57.310942260952736,-0.4269086230763932,28.950714285714287,28.74938095238095,72.94646464190822,0.05440604953979644
2013-07-12,55.943,56.223,55.389,55.792,76341543,29.598,29.627,29.477,29.59,7779315,55.130857142857145,54.54742857142857,59.42109339781575,-0.307793570811846,29.10057142857143,28.785999999999998,78.7429065463113,0.10606957263490457
2013-07-15,55.595,56.442,55.569,55.915,66057635,29.608,29.699,29.495,29.672,4909985,55.254999999999995,54.49447619047619,71.15409567750784,-0.2011502270625556,29.238142857142858,28.810523809523808,92.95219255725445,0.1518792323517566
2013-07-16,55.793,56.341,55.488,56.275,59047139,29.654,29.718,29.598,29.699,5367705,55.493857142857145,54.49547619047619,72.40094385621501,-0.08658749076823824,29.353,28.846999999999998,92.16008701192912,0.18819302008032324
2013-07-17,56.211,56.54,56.015,56.29,54331236,29.783,29.829,29.664,29.718,5914062,55.77885714285714,54.485,78.25388308843678,0.005352972035211678,29.473428571428574,28.87157142857143,91.47286745341668,0.2160150130861176
2013-07-18,56.691,56.884,56.329,56.478,59767782,29.737,29.792,29.581,29.646,4603676,55.95457142857142,54.48490476190476,84.9936591249949,0.09232224663010413,29.567857142857143,28.881809523809526,86.6293524795952,0.22960757155976452
2013-07-19,56.654,56.77,55.511,55.587,73376842,29.34,29.368,29.069,29.146,14675530,56.03314285714286,54.49695238095238,73.2969281875554,0.08833153873003141,29.577428571428573,28.884523809523806,70.17632192318972,0.19775436157119586
2013-07-22,56.18,56.217,55.658,55.766,56758813,29.201,29.263,29.136,29.227,5437359,56.014714285714284,54.55590476190477,68.17442223325061,0.09847749078860346,29.528285714285715,28.92161904761905,69.05384162741571,0.17700607042264593
2013-07-23,55.729,55.852,54.772,54.809,100344971,29.263,29.31,29.097,29.107,4947220,55.87428571428571,54.59,50.560081346259096,0.02896246757764942,29.459285714285716,28.961333333333332,64.2211050758314,0.1491604739909036
2013-07-24,57.418,58.157,56.939,57.624,161614519,29.431,29.451,29.245,29.3,6249655,56.11842857142857,54.826571428571434,65.3379342081472,0.19872747825193926,29.406142857142857,29.026619047619047,64.66501195766247,0.14104030044477156
2013-07-25,57.652,57.74,57.01,57.36,62696972,29.272,29.359,29.182,29.32,5210846,56.27342857142857,55.05,66.75987830581903,0.30840972333006533,29.352,29.08180952380953,61.492698290482565,0.1346664858380322
2013-07-26,56.944,57.693,56.818,57.69,54660341,29.191,29.403,29.116,29.403,6503867,56.47342857142858,55.317619047619054,70.58324227135134,0.4171532518291059,29.307,29.133047619047623,63.80753091354316,0.1347591782590989
2013-07-29,57.665,58.863,57.584,58.577,67772196,29.34,29.451,29.291,29.359,4292403,56.77328571428571,55.654095238095245,70.34592336085528,0.5683551245639151,29.266000000000002,29.17547619047619,60.130010378212354,0.1297861118851884
2013-07-30,58.859,59.801,58.766,59.3,84455163,29.468,29.627,29.441,29.503,6001307,57.303714285714285,55.99342857142857,74.51972839718435,0.7380163624665315,29.317,29.230619047619047,61.1814341473945,0.13589797028870265
2013-07-31,59.517,59.828,58.792,59.195,88104757,29.561,29.672,29.359,29.403,7382180,57.79357142857143,56.26309523809523,70.78085629837128,0.8541553225045817,29.342142857142854,29.273714285714288,44.41489320358466,0.13116056054457914
2013-08-01,59.601,59.754,59.291,59.739,56271954,29.598,29.746,29.59,29.718,8360264,58.497857142857136,56.501,73.5473092674308,0.97880943281924,29.42942857142857,29.329761904761902,53.555555139012355,0.15108241261918565
2013-08-02,59.913,60.545,59.737,60.506,74882462,29.718,29.867,29.664,29.849,4779411,58.90957142857143,56.761,75.43490293007329,1.1265035712957427,29.507857142857144,29.38404761904762,54.7863705965337,0.1754191068358253
2013-08-05,60.787,61.568,60.457,61.41,87002474,29.783,29.951,29.774,29.913,4714762,59.488142857142854,57.085142857142856,76.83143472926741,1.30149466473123,29.592571428571432,29.432523809523815,55.67338240751463,0.19759265236925216
2013-08-06,61.224,61.73,60.46,60.86,91429189,29.913,29.913,29.672,29.755,5057037,59.940999999999995,57.39776190476191,72.61480591680453,1.3798894568561124,29.642857142857142,29.474428571428575,50.91357989491844,0.20010933160633115
2013-08-07,60.671,61.089,60.404,60.824,81575272,29.69,29.764,29.561,29.681,5665373,60.262,57.663285714285706,71.83480697290119,1.4227128471892172,29.68885714285714,29.507571428571428,50.863344493297085,0.19389750671679096
2013-08-08,61.077,61.109,60.301,60.705,69398648,29.821,29.839,29.598,29.783,5458749,60.462714285714284,57.933190476190475,77.87581687469918,1.4305578071688387,29.728857142857144,29.541095238095235,69.55187171655854,0.1949577862851939
2013-08-09,60.389,60.631,59.735,59.841,72550376,29.727,29.792,29.532,29.627,3960151,60.555,58.121095238095236,70.65382655963981,1.351478413338981,29.760857142857144,29.543761904761908,61.737088694648286,0.1811223040520602
2013-08-12,60.159,61.711,60.127,61.538,98783625,29.458,29.849,29.458,29.821,5377587,60.812000000000005,58.39471428571429,81.72560102365317,1.4094933792746858,29.77557142857143,29.554761904761904,70.07873960567926,0.18369425040442167
2013-08-13,62.011,65.134,61.631,64.464,238766895,29.858,30.079,29.708,30.024,5088581,61.377428571428574,58.801809523809524,81.91489351000297,1.6722972029647707,29.80057142857143,29.571523809523807,70.24608446116042,0.1998096585106417
2013-08-14,65.557,66.398,64.969,65.641,205035729,30.015,30.089,29.893,29.996,5714697,61.98185714285715,59.24780952380952,85.60495303134675,1.9530318545400291,29.81242857142857,29.585666666666672,68.81959857267566,0.2079250391236549
2013-08-15,65.366,66.153,64.401,65.561,132937506,29.699,29.699,29.468,29.513,7592801,62.65342857142857,59.68928571428571,84.58564011036135,2.1443421159788727,29.77785714285714,29.57590476190476,52.50455339933352,0.17338381266235459
2013-08-16,65.856,66.229,65.687,66.143,98193588,29.513,29.627,29.423,29.486,7808139,63.41328571428572,60.14952380952381,84.1610979611473,2.316219476183342,29.75,29.568285714285715,52.91418047691666,0.1421918681395411
2013-08-19,66.411,67.648,66.364,66.857,138397683,29.503,29.69,29.395,29.395,5192514,64.29214285714286,60.68619047619047,84.1482149861659,2.481442827042301,29.69457142857143,29.580142857142864,47.460018502144756,0.1088740555574006
2013-08-20,67.118,67.23,65.946,65.981,97177688,29.477,29.581,29.368,29.441,3580397,65.16928571428572,61.17261904761905,78.66677922428735,2.512732428689155,29.668000000000003,29.59033333333333,50.91698807295472,0.08519914193256284
2013-08-21,66.311,66.782,65.999,66.147,91012161,29.413,29.598,29.3,29.378,6548467,65.82771428571428,61.71252380952381,77.96299519187627,2.5218541117037603,29.604714285714287,29.603238095238094,40.65934034657653,0.060653849013586836
2013-08-22,66.492,66.576,65.6,66.23,66170157,29.458,29.542,29.32,29.503,6527740,66.08,62.12233333333333,76.56395015111424,2.5068827338752726,29.530285714285714,29.612904761904765,40.46306473733028,0.05070350443018867
2013-08-23,66.271,66.278,65.755,65.974,60347161,29.755,29.783,29.636,29.718,5473655,66.12757142857143,62.53252380952381,72.53604572234798,2.446162905276026,29.490571428571428,29.631857142857143,45.038167618048675,0.05948082984854608
2013-08-26,65.936,67.179,65.903,66.23,89722850,29.699,29.839,29.571,29.581,7334649,66.22314285714286,62.939190476190475,77.30878752213965,2.3911355420683478,29.500285714285717,29.640333333333334,45.524691030171994,0.054751032613943096
2013-08-27,65.574,66.168,64.036,64.333,114980660,29.3,29.403,28.995,29.059,7404317,65.96457142857142,63.21328571428572,65.00470359103173,2.169445892352144,29.439285714285717,29.626047619047622,36.99832754265194,0.008780381987246955
2013-08-28,63.993,65.285,63.993,64.642,83358341,29.005,29.227,29.005,29.079,4856720,65.64814285714286,63.46766666666666,66.56568198839352,1.9956839628895793,29.39414285714286,29.60585714285714,34.76190455122655,-0.02574112926714278
2013-08-29,64.737,65.376,64.669,64.744,64955661,29.136,29.386,29.097,29.235,5166529,65.47142857142858,63.731904761904765,72.0438808552635,1.8449396140184575,29.364714285714285,29.59785714285714,41.515151263544546,-0.04005010669702358
2013-08-30,65.162,65.289,64.435,64.529,73441655,29.3,29.3,29.022,29.097,7739017,65.24028571428572,63.96,65.51509483170332,1.6886591171647893,29.32457142857143,29.568285714285715,33.939662610845005,-0.06181297953585485
2013-09-03,64.928,65.915,64.172,64.332,90061942,29.219,29.342,29.013,29.128,7980100,64.96914285714286,64.14219047619046,49.04486241872239,1.5312580541920937,29.270999999999997,29.53395238095238,28.48222843479762,-0.07568630749179661
2013-09-04,65.782,66.132,65.346,65.665,93457251,29.193,29.452,29.157,29.416,7727173,64.925,64.34480952380952,50.169827242799656,1.496824081160014,29.227857142857147,29.510285714285715,37.61742078281643,-0.06271884298443453
2013-09-05,65.869,65.926,65.0,65.216,64045054,29.445,29.526,29.381,29.426,4007886,64.78014285714286,64.5522380952381,47.67989231102636,1.416970409056141,29.205714285714286,29.494619047619047,47.67255180983633,-0.05104668312272054
2013-09-06,65.632,65.759,64.515,65.603,97395330,29.507,29.575,29.202,29.445,5549782,64.96157142857143,64.77980952380953,46.270718142570416,1.3691309746835216,29.26085714285714,29.483380952380955,48.8984413301568,-0.03980443043194626
2013-09-09,66.494,66.881,66.297,66.649,92247478,29.617,29.858,29.59,29.792,6166746,65.2482857142857,65.06285714285714,48.62651866339526,1.399488899608862,29.362714285714283,29.483809523809526,59.37647575282452,-0.0028618742732824387
2013-09-10,66.653,66.818,64.454,65.131,201381996,29.966,30.049,29.863,29.975,7310846,65.30357142857143,65.31476190476191,44.82590691166762,1.2862309900818971,29.46842857142857,29.500380952380947,61.8456074242066,0.04071262840684753
2013-09-11,61.496,62.374,61.205,61.586,243602913,29.727,29.913,29.708,29.839,10071107,64.88314285714286,65.31704761904763,30.32864656045885,0.9000462348675242,29.57442857142857,29.501238095238097,59.90545731040977,0.06353923160744301
2013-09-12,61.689,62.599,61.361,62.244,109494212,29.858,29.97,29.783,29.867,6531552,64.58485714285715,65.21133333333334,33.620973005367105,0.639712922550089,29.680000000000003,29.493761904761907,58.16143461243944,0.08293284686024549
2013-09-13,61.801,62.129,61.19,61.216,81010241,29.919,29.957,29.788,29.89,4306974,63.949285714285715,65.00061904761904,31.615146797325252,0.3464522029560797,29.747714285714284,29.48871428571428,54.219822983769625,0.09901692893169667
2013-09-16,60.703,60.783,58.888,59.27,148654192,30.126,30.126,29.764,29.849,8863382,63.09985714285714,64.70104761904761,26.21326039870236,-0.042495109580038104,29.808142857142858,29.50471428571429,56.900102576415335,0.10721936441295554
2013-09-17,58.986,60.533,58.927,59.954,108268776,29.89,30.057,29.881,29.993,6907878,62.292857142857144,64.40633333333334,33.68115074371801,-0.29217753268292057,29.886428571428574,29.52885714285714,79.85933432350971,0.12391108036650067
2013-09-18,60.991,61.407,60.659,61.187,123653234,30.085,30.413,30.011,30.375,9526609,61.512571428571434,64.13633333333333,37.95411752797175,-0.3861090318924951,29.969714285714286,29.575523809523805,83.64485920507366,0.16604947798974834
2013-09-19,61.981,62.654,61.788,62.189,109532530,30.423,30.495,30.375,30.405,7175287,61.09228571428571,63.955761904761914,41.618004029745315,-0.375370359969601,30.03114285714286,29.621428571428574,82.49999935833331,0.19956475273172458
2013-09-20,62.943,63.011,61.36,61.544,189486492,30.504,30.523,30.153,30.19,8354693,61.086285714285715,63.73657142857142,40.47603850637074,-0.41413213712436914,30.081285714285716,29.660095238095238,79.11560942588241,0.20639791952122977
2013-09-23,65.327,65.432,63.547,64.607,206436374,30.375,30.449,30.113,30.269,8638064,61.42385714285714,63.659285714285716,50.74175968547314,-0.19543971595361143,30.138714285714286,29.696571428571424,79.63636305718997,0.21570142148427607
2013-09-24,65.163,65.241,64.234,64.404,98395445,30.227,30.279,30.021,30.143,5098485,61.87928571428571,63.584523809523816,46.377893913408926,-0.03806599890013018,30.174857142857146,29.716809523809523,70.61826376139778,0.21048107206518907
2013-09-25,64.447,64.474,63.394,63.407,85916079,30.18,30.218,30.001,30.095,4930671,62.470285714285716,63.45009523809524,44.962405979979195,0.006133534391345563,30.21,29.741285714285716,68.57301445862173,0.2001633501890936
2013-09-26,63.993,64.33,63.719,64.024,64209217,30.218,30.357,30.113,30.208,5439682,63.05171428571428,63.435380952380946,45.65850972564098,0.08991227375769739,30.240714285714287,29.796,70.13192560324691,0.19881284615296124
2013-09-27,63.702,63.82,63.3,63.566,61799628,30.03,30.075,29.919,30.021,6657802,63.391571428571424,63.384142857142855,41.239984055386735,0.11799063338936833,30.190142857142856,29.840857142857143,56.59942317441385,0.18057170656735266
2013-09-30,63.209,63.793,62.832,63.144,70054799,29.704,29.947,29.621,29.835,8078133,63.528000000000006,63.30795238095237,43.97915274130609,0.10498090793396386,30.108714285714285,29.869428571428575,45.97238167801302,0.14938481137557957
2013-10-01,63.0,64.407,62.991,64.254,95834066,29.863,30.162,29.835,30.095,8781820,63.91514285714285,63.29485714285714,59.48386173519309,0.1821387480138128,30.095142857142857,29.916952380952385,56.874328251213456,0.14398898395894477
2013-10-02,63.945,64.759,63.698,64.463,78239935,29.929,30.143,29.881,30.104,8728787,63.89457142857143,63.30109523809524,58.147903296315555,0.2571867566460142,30.071571428571424,29.96342857142857,56.42973370047949,0.13883853246204936
2013-10-03,64.588,64.832,63.303,63.652,87499474,30.123,30.133,29.694,29.845,6972520,63.787142857142854,63.2052380952381,59.089552177070615,0.24835899410263096,30.028999999999996,29.98385714285714,48.91774858833642,0.11256010428115104
2013-10-04,63.714,63.811,63.018,63.602,70181642,29.816,30.011,29.797,29.966,5735599,63.815,63.12838095238095,68.82823357409634,0.23462375001191305,30.010571428571428,30.00957142857143,52.709587430322294,0.10034127759491085
2013-10-07,64.07,64.872,63.909,64.224,84575112,29.75,30.011,29.741,29.835,4905383,63.84357142857143,63.062714285714286,68.659325208772,0.27080697757602934,29.957285714285714,30.028142857142857,46.31873222345659,0.07917448999064902
2013-10-08,64.513,64.607,63.275,63.328,78690301,29.816,29.855,29.333,29.361,8690862,63.80957142857143,62.90457142857143,59.63980181585257,0.22459375726214859,29.863,30.007619047619045,27.345844332957157,0.02387658528656189
2013-10-09,63.816,64.229,62.978,64.074,81780985,29.445,29.585,29.219,29.47,11029592,63.94242857142857,62.85423809523809,58.68743655437143,0.24533731676253012,29.81085714285714,29.983571428571434,29.823046863391056,-0.011024925068909397
2013-10-10,64.695,64.836,64.13,64.474,75327135,29.723,30.001,29.704,29.966,8811312,63.97385714285714,62.9917619047619,63.81554122091499,0.2907023583453139,29.79242857142857,29.989619047619044,45.688991285740606,0.001323178499525568
2013-10-11,64.124,65.026,63.884,64.89,72543831,29.909,30.218,29.881,30.218,9567080,64.03485714285715,63.117761904761906,51.77830831658962,0.35611710763843263,29.808714285714284,30.006333333333334,49.07975435326002,0.031085103762549693
2013-10-14,64.499,65.521,64.435,65.318,70939202,30.039,30.347,29.993,30.319,7667683,64.27285714285715,63.313095238095244,55.58543133974627,0.4374521151172104,29.876428571428573,30.026761904761905,53.20466105430979,0.06210558533600263
2013-10-15,65.511,66.1,65.248,65.663,86611099,30.244,30.395,30.123,30.133,7786299,64.56728571428572,63.6175238095238,64.980079560462,0.523712282057943,29.90028571428571,30.040285714285716,50.658806966288736,0.0708640186447056
2013-10-16,65.942,66.171,65.737,65.986,67932110,30.259,30.466,30.244,30.423,8797725,64.819,63.904761904761905,63.55721380737965,0.611093184566414,29.98428571428571,30.060761904761907,53.511923963029425,0.10005237501312436
2013-10-17,65.836,66.465,65.795,66.43,68581262,30.227,30.458,30.162,30.433,7969641,65.26214285714285,64.15442857142857,69.82830227394126,0.7080087841435017,30.13742857142857,30.06352380952381,57.142856865464616,0.12257826817911521
2013-10-18,66.624,67.057,66.592,67.009,78736831,30.748,30.972,30.645,30.953,8521216,65.68142857142858,64.38395238095238,76.18918538194221,0.822059367468654,30.349285714285713,30.089619047619045,67.3710376186468,0.18031133811624045
2013-10-21,67.385,69.038,67.355,68.652,107479988,31.082,31.205,31.055,31.12,5800721,66.27828571428572,64.72242857142858,77.79322534263079,1.0331125667408543,30.514142857142854,30.133904761904763,66.39999970252802,0.23681090757562373
2013-10-22,69.316,69.585,66.897,68.455,144756990,31.231,31.26,30.943,31.11,17567318,66.78757142857143,64.90566666666666,75.26582265142767,1.1709791750966616,30.64157142857143,30.173952380952382,66.09085063171082,0.2775805314247073
2013-10-23,68.339,69.217,68.339,69.126,85003666,30.963,31.026,30.821,30.963,5512781,67.33157142857144,65.13052380952381,85.27061840286223,1.319176897596563,30.733571428571427,30.212999999999997,68.54678136706872,0.29463273778596033
2013-10-24,69.131,70.114,68.793,70.04,104264177,30.998,31.129,30.914,31.035,3794748,67.95685714285715,65.44638095238095,87.32606664858939,1.4931645502948072,30.862428571428573,30.257761904761907,68.02698112904628,0.3103786802309756
2013-10-25,69.962,70.212,69.144,69.257,91559954,31.24,31.334,31.101,31.195,3631247,68.42414285714287,65.69557142857144,78.64541820136185,1.5500020041148588,30.972714285714286,30.304761904761904,72.71209050836029,0.33194169861118894
2013-10-28,69.661,69.921,68.894,69.773,148557120,31.277,31.324,31.137,31.297,5384661,68.90171428571429,65.99114285714286,88.34027349949265,1.6180313254369594,31.09614285714286,30.36552380952381,86.91838244971116,0.3531897420872987
2013-10-29,70.614,71.007,67.752,68.034,172429868,31.474,31.567,31.352,31.502,5342751,69.04814285714285,66.224,71.06831230102618,1.5141679011116906,31.17457142857143,30.44490476190476,87.38042633431715,0.3821653916245644
2013-10-30,68.393,69.462,68.078,69.119,96044079,31.567,31.586,31.306,31.436,5986986,69.11485714285715,66.45566666666666,73.0338191984059,1.502090655260119,31.219714285714286,30.508761904761904,82.12412537161813,0.3952469929244202
2013-10-31,69.533,69.862,69.04,69.228,74342353,31.37,31.512,31.297,31.334,30834394,69.22528571428572,66.68257142857144,72.1869884399941,1.4842057400743016,31.251714285714286,30.567333333333334,76.0991575933638,0.39285511937958617
2013-11-01,69.051,69.105,67.924,68.478,74523668,31.464,31.52,31.222,31.343,4977808,69.13271428571429,66.91238095238094,65.64666261447285,1.3934502567797296,31.306,30.63866666666667,75.02443741430007,0.3872221116805896
2013-11-04,68.616,69.371,68.313,69.361,66254698,31.436,31.492,31.343,31.464,6418549,69.03571428571429,67.18661904761905,67.38435493198753,1.3769045048334903,31.367285714285714,30.709999999999997,83.59414378075822,0.3880484206152168
2013-11-05,69.07,69.644,68.869,69.188,71969237,31.343,31.474,31.269,31.379,4845602,69.02585714285713,67.423,65.26797626227813,1.3344495196353563,31.393571428571427,30.783523809523807,76.91441380810724,0.37749298265100606
2013-11-06,69.42,69.514,68.635,68.991,60179071,31.537,31.707,31.502,31.697,5638791,68.91414285714286,67.69266666666665,62.50610402626372,1.270264565196527,31.45071428571428,30.894761904761904,80.32629504579273,0.3902886596573829
2013-11-07,68.816,69.296,67.863,67.876,70759975,31.697,31.752,31.25,31.287,11314018,68.89157142857142,67.8737142857143,54.02320178595596,1.116555389323409,31.419999999999998,30.98128571428571,58.45997932196572,0.36315947600531473
2013-11-08,68.154,69.02,67.889,68.945,75200409,31.352,31.586,31.205,31.567,9608590,68.86671428571428,68.08661904761905,51.43613364178941,1.0686800476641451,31.438714285714287,31.057523809523815,60.70915148542018,0.3601020303975062
2013-11-11,68.873,69.096,68.13,68.744,61238751,31.557,31.632,31.474,31.605,8408657,68.79757142857143,68.27014285714286,51.415972491933026,1.0029579988124198,31.477428571428568,31.12357142857143,61.70212725114438,0.3566342079936966
2013-11-12,68.562,69.39,68.475,68.876,55096757,31.464,31.752,31.464,31.687,5057912,68.85442857142857,68.43957142857143,48.70680729547948,0.9505665588424108,31.52657142857143,31.188714285714283,67.65853612330761,0.3563943561617222
2013-11-13,68.625,69.167,68.469,68.954,53108867,31.557,31.967,31.537,31.958,7247274,68.79628571428572,68.59628571428573,43.8505095567488,0.9049086892494813,31.59714285714286,31.27561904761905,70.52023077488522,0.3737631975336875
2013-11-14,69.243,70.1,69.12,69.954,76137223,31.752,31.901,31.707,31.875,9105243,68.90571428571428,68.7852380952381,53.85210558705318,0.9385965841353681,31.668,31.344761904761906,65.65377489910097,0.3764907718560693
2013-11-15,69.743,70.074,69.466,69.532,85689577,31.856,31.967,31.837,31.939,8275961,68.98299999999999,68.93295238095237,48.654082354388784,0.9206301589418473,31.702571428571428,31.41647619047619,65.04217389381898,0.37944268026413397
2013-11-18,69.532,69.825,68.635,68.691,65960448,31.994,32.004,31.752,31.819,5627186,69.09942857142858,69.01304761904763,54.0782121965121,0.8289740690159704,31.77857142857143,31.457714285714285,57.73548032782008,0.36785864633581866
2013-11-19,68.741,69.319,68.602,68.812,56325427,31.782,31.939,31.651,31.707,4778023,69.08042857142857,69.02066666666667,47.83528406858071,0.7573691658658817,31.798571428571428,31.485666666666663,56.467780052243995,0.34565624201778533
2013-11-20,68.768,68.927,68.121,68.212,52299532,31.733,31.892,31.529,31.605,4645921,69.00442857142858,69.00909523809523,43.29992078525473,0.6447742227612139,31.798571428571428,31.509238095238093,56.467780052243995,0.3161853412897777
2013-11-21,68.552,69.031,68.033,69.021,70627891,31.687,31.883,31.687,31.875,5789520,69.02514285714285,69.00409523809523,53.55319974483126,0.6137465696420321,31.82542857142857,31.552666666666667,61.29032221644125,0.31103081403803756
2013-11-22,68.808,69.156,68.677,68.848,60271546,31.875,31.875,31.762,31.809,3340860,69.01,68.94733333333333,46.29923522605833,0.5686423221026047,31.804142857142857,31.589523809523808,57.49674019776003,0.29818289879478854
2013-11-25,69.005,69.65,69.002,69.366,61838610,31.865,31.892,31.733,31.809,9859007,68.926,68.95252380952381,51.2231994616376,0.5681459193625784,31.794714285714285,31.618761904761907,59.70216568780222,0.28471877262079204
2013-11-26,69.41,71.01,69.401,70.645,108093005,31.819,32.004,31.79,31.919,5708801,69.08500000000001,68.99404761904762,59.89471155317951,0.6633108924937403,31.791857142857143,31.64838095238095,55.52788805906855,0.27970022621528656
2013-11-27,71.032,72.316,70.645,72.311,97875204,31.985,32.189,31.985,32.173,7093686,69.60214285714285,69.19771428571428,74.89055999006996,0.863211530787467,31.84242857142857,31.680333333333333,73.92008583429752,0.29284295793501514
2013-11-29,72.774,73.948,72.554,73.65,85784777,32.228,32.394,32.218,32.302,4545879,70.29328571428572,69.41347619047619,75.62915338720919,1.1168064863647373,31.92742857142857,31.72157142857143,71.60493768226395,0.31009332657087185
2013-12-02,73.904,74.742,72.954,73.008,127378358,32.329,32.394,32.124,32.199,5306909,70.97842857142857,69.5934761904762,72.16216205714446,1.251551178211713,32.01228571428572,31.762761904761906,66.81766651446921,0.3118582213531411
2013-12-03,73.945,75.012,73.861,75.006,121442841,32.087,32.311,32.087,32.275,6151344,71.83342857142857,69.90433333333333,76.68465949211343,1.5022423051207454,32.06942857142857,31.807142857142853,66.7045449239411,0.31574971189363055
2013-12-04,74.899,75.386,74.278,74.832,101776136,32.181,32.424,32.087,32.302,7059823,72.68828571428571,70.16485714285714,75.37558270978602,1.6676528198771763,32.139857142857146,31.84704761904762,61.345645871478254,0.3173541593325453
2013-12-05,75.845,76.175,75.016,75.216,120550905,32.368,32.386,32.154,32.199,4584380,73.524,70.45190476190476,73.9923398654119,1.808875840613652,32.19557142857143,31.88609523809524,60.54687444814039,0.3067781092139441
2013-12-06,74.937,75.063,74.113,74.173,92774029,32.424,32.497,32.319,32.424,4723416,74.028,70.69866666666665,70.02675403638781,1.815704408534117,32.267714285714284,31.920714285714286,64.28992286384266,0.3129447011812623
2013-12-09,74.289,75.439,74.289,75.019,86349511,32.517,32.618,32.453,32.527,4297407,74.41485714285714,71.03880952380952,77.29468589698708,1.8678498174913472,32.318285714285715,31.9797619047619,71.07142797916669,0.3224262794897754
2013-12-10,74.644,75.213,74.328,74.904,74866930,32.517,32.537,32.424,32.461,8725435,74.59400000000001,71.32257142857142,76.29035033073833,1.878244655648814,32.341,32.02233333333333,73.07221479619872,0.3209155356632287
2013-12-11,75.097,75.622,74.129,74.349,96933561,32.507,32.572,32.114,32.163,8094868,74.78557142857143,71.58947619047619,76.5878172539442,1.8207107578445658,32.335857142857144,32.04890476190476,65.24590114019512,0.29230266758644063
2013-12-12,74.463,74.877,74.174,74.24,70680718,32.173,32.173,31.939,31.948,5910944,74.67614285714286,71.84490476190477,74.07065759275063,1.7461903449455747,32.289142857142856,32.06133333333334,52.056337617583814,0.24940309667059068
2013-12-13,74.547,74.552,73.33,73.433,89649953,32.105,32.105,31.846,31.846,5211439,74.47628571428572,72.05819047619048,69.9782134222488,1.603529732617929,32.224,32.056,51.021534669077006,0.20481336906791014
2013-12-16,73.51,74.518,73.509,73.837,76133485,32.014,32.248,31.976,32.163,6459121,74.27928571428572,72.24309523809524,69.67696497003101,1.505712674724549,32.21885714285714,32.069714285714284,58.317668789263344,0.1928320910992234
2013-12-17,73.614,74.096,73.293,73.506,61879032,32.154,32.257,32.105,32.154,5992003,74.184,72.43233333333333,63.73763556205445,1.3855117014493885,32.180285714285716,32.07995238095238,55.79674357121152,0.18052958453003498
2013-12-18,72.804,73.037,71.362,72.948,152480161,32.124,32.424,31.687,32.404,18375552,73.88814285714285,72.63504761904763,53.42289083848241,1.231035022086246,32.16271428571429,32.10780952380952,55.70934217502191,0.18877657129742076
2013-12-19,72.759,72.844,72.014,72.111,86456519,32.394,32.517,32.338,32.461,9301588,73.48914285714285,72.79214285714286,41.25866175421774,1.029208164783654,32.16271428571429,32.14371428571429,54.07483303072901,0.19763359430552185
2013-12-20,72.238,73.056,72.159,72.715,117510402,32.547,32.789,32.509,32.715,9432801,73.25571428571428,73.00657142857143,48.328579500673165,0.9075351778396481,32.241571428571426,32.19657142857143,62.27402432357943,0.22258273091522085
2013-12-23,75.23,75.588,74.534,75.505,135046926,33.013,33.155,32.941,33.146,7785505,73.43642857142858,73.31533333333333,52.61065180113537,1.024429160401013,32.41271428571429,32.25709523809524,67.72486733897114,0.27397498631125217
2013-12-24,75.48,75.741,74.968,75.187,45181907,33.155,33.239,33.146,33.239,2793498,73.687,73.61719047619047,51.82970820269914,1.078970837218037,32.611714285714285,32.32519047619047,68.56916331352826,0.3185361552248267
2013-12-26,75.242,75.428,74.618,74.685,54960420,33.302,33.36,33.247,33.322,3825986,73.80814285714284,73.87047619047618,47.296058594343165,1.0693613721918354,32.77728571428572,32.397238095238095,72.43307989849671,0.35643979291808137
2013-12-27,74.675,74.753,74.104,74.182,60845998,33.409,33.409,33.256,33.292,4087090,73.90471428571428,74.03890476190476,50.0484965297253,1.0095207785423526,32.93985714285714,32.46261904761905,68.80415902805113,0.37968122082114064
2013-12-30,73.832,74.182,73.152,73.445,68315985,33.266,33.283,33.184,33.23,4957210,73.97571428571429,74.09290476190476,41.417666239929325,0.8923405894603604,33.057857142857145,32.51295238095238,65.50507237888348,0.3886175962913825
2013-12-31,73.398,74.338,73.374,74.303,60185593,33.302,33.463,33.266,33.446,7314580,74.28885714285714,74.124,46.968626989048644,0.8588080699293386,33.198571428571434,32.56742857142857,70.3764993854899,0.4084211087391054
2014-01-02,73.596,73.776,73.112,73.259,63381747,33.331,33.331,33.059,33.116,9139530,74.36657142857143,74.13595238095238,44.76062289688051,0.7394671150839116,33.255857142857145,32.61109523809524,69.45692079526478,0.3929575232353102
2014-01-03,73.224,73.334,71.579,71.649,105949677,33.203,33.203,32.941,32.96,5562043,73.8157142857143,73.97609523809524,39.11618914999357,0.5091063428821201,33.229285714285716,32.64371428571429,71.17154770025041,0.3639195856099988
2014-01-06,71.181,72.421,70.671,72.041,111371946,32.921,33.023,32.781,32.901,4835199,73.36628571428571,73.84319047619047,43.941504124723046,0.3540931299846193,33.181,32.67223809523809,72.47550020679309,0.33231528022709256
2014-01-07,72.092,72.311,71.247,71.526,85837203,33.05,33.247,32.988,33.203,7653380,72.91499999999999,73.6674761904762,40.03793425635559,0.18752616113347642,33.164,32.72004761904762,72.29845582668185,0.3278581716766382
2014-01-08,71.363,72.257,71.347,71.979,69742195,33.175,33.312,33.086,33.203,5018703,72.60028571428572,73.563,43.48605062632839,0.09102467657906743,33.15128571428571,32.75714285714285,72.57856176663802,0.3206298596023345
2014-01-09,72.421,72.429,70.905,71.059,75296626,33.341,33.341,32.901,32.988,6777215,72.25942857142857,73.37442857142858,42.18323259202473,-0.05900953128070796,33.11671428571429,32.779095238095245,62.76223737820299,0.29416175345178175
2014-01-10,71.496,71.626,70.343,70.584,82293116,33.076,33.146,32.881,33.05,13849656,71.72814285714286,73.16871428571429,43.48605062632839,-0.2137769644326113,33.06014285714286,32.80714285714286,62.84343616231651,0.27501823149962235
2014-01-13,70.186,71.852,70.182,70.953,102208792,33.023,33.184,32.591,32.696,6887644,71.39871428571428,73.00699999999999,42.32979273962936,-0.30316139821906063,33.00014285714286,32.83252380952381,49.60300848539808,0.22864631850006845
2014-01-14,71.284,72.411,71.21,72.366,90221824,32.824,33.266,32.789,33.247,6859997,71.50114285714285,72.9177619047619,34.474230835627736,-0.2570191580435477,33.04114285714286,32.894380952380956,52.009550048494326,0.23366380753461158
2014-01-15,73.31,74.196,73.063,73.819,106000094,33.438,33.733,33.389,33.652,10337999,71.75514285714284,72.93614285714285,43.91675554830715,-0.1020300051078209,33.14842857142857,32.980380952380955,57.30973422926153,0.26723974558122165
2014-01-16,73.494,73.753,73.066,73.408,61901334,33.671,33.696,33.566,33.643,7406953,72.024,72.91571428571429,44.2750828817492,-0.012223346766631948,33.211285714285715,33.05085714285714,55.834241809640304,0.2897822640441632
2014-01-17,73.041,73.119,71.506,71.609,116852625,33.585,33.652,33.379,33.454,6773776,71.97114285714285,72.82538095238095,39.66583656877484,-0.08523267887234454,33.247142857142855,33.11276190476191,52.7835049006979,0.2890644962980957
2014-01-21,71.639,72.854,71.577,72.723,88608305,33.714,33.714,33.341,33.624,6726220,72.20885714285714,72.81466666666667,47.18540459530677,-0.0525963130990732,33.338,33.170857142857145,56.52750139450472,0.29876921391815614
2014-01-22,72.964,73.809,72.554,73.044,102612534,33.585,33.643,33.499,33.585,4505267,72.56028571428571,72.85909523809525,44.87753270174258,-0.0008202850647478499,33.414428571428566,33.224380952380955,52.44632145925788,0.29985673668124235
2014-01-23,72.837,73.705,72.157,73.663,108796944,33.438,33.518,33.292,33.518,6858470,72.94742857142857,72.9042380952381,51.702629743439225,0.08913324442156068,33.53185714285714,33.26261904761905,57.79674134633268,0.29194688429698346
2014-01-24,73.374,73.588,72.151,72.324,116677005,33.379,33.438,32.863,32.871,16560198,72.94142857142857,72.75276190476191,52.91123947720541,0.05177907812824856,33.478142857142856,33.24952380952381,48.55001607047893,0.23081014087003382
2014-01-27,72.907,73.48,72.283,72.911,153946079,32.921,32.941,32.405,32.564,8564054,72.81171428571427,72.64438095238094,53.69019335326921,0.0687491292872977,33.322714285714284,33.21738095238096,44.92010834221235,0.15579063942874427
2014-01-28,67.38,68.212,66.494,67.084,287513027,32.275,32.425,32.18,32.369,14047741,71.90828571428571,72.28242857142857,37.0116958761308,-0.38357062127796837,33.14071428571428,33.172,37.00934563298103,0.07968372930319134
2014-01-29,66.758,67.197,66.038,66.323,135707442,32.096,32.303,31.993,32.114,11989421,71.15314285714285,71.90819047619047,33.754595561088905,-0.7942875697689544,32.949285714285715,33.11590476190476,34.28571414718611,-0.0011941487644406834
2014-01-30,66.562,67.084,65.786,66.195,183051179,32.499,32.61,32.33,32.509,8900508,70.22057142857143,71.56295238095238,35.363505025572394,-1.11723346878874,32.790000000000006,33.08157142857143,43.42935511440031,-0.0330364276064401
2014-01-31,65.593,66.425,65.368,66.301,125399329,32.248,32.744,32.238,32.583,11694671,69.25728571428571,71.18190476190476,36.819105033823654,-1.3490659142454007,32.646857142857144,33.04047619047619,43.614984793379904,-0.051704464561211694
2014-02-03,66.57,67.246,66.129,66.425,108441037,32.509,32.63,31.779,31.9,17072235,68.22328571428571,70.85647619047619,35.851768497567505,-1.505435312660211,32.41571428571429,32.98257142857143,40.01505254385083,-0.12022552525727548
2014-02-04,66.996,67.476,66.591,67.384,101619608,31.956,32.105,31.864,32.023,6118645,67.51757142857143,70.65338095238096,33.97864674069331,-1.5342895671144277,32.29457142857143,32.93795238095238,32.799325334685165,-0.16272805970282178
2014-02-05,67.088,68.246,67.05,67.889,88655086,31.946,32.144,31.74,32.051,9834773,66.80014285714286,70.45566666666666,29.691780793446256,-1.4991264950530478,32.22128571428571,32.8974761904762,24.83495745121374,-0.19193969712081582
2014-02-06,67.959,68.417,67.66,68.285,69118384,32.078,32.415,32.078,32.405,9766977,66.97171428571428,70.30133333333333,32.43743569049545,-1.422903273408906,32.22642857142857,32.85947619047619,32.44469641116689,-0.18439964441843415
2014-02-07,69.43,69.674,68.935,69.24,100349532,32.61,32.854,32.47,32.844,11183066,67.38842857142858,70.17090476190477,41.379812198579636,-1.2707864670106943,32.330714285714286,32.84238095238096,41.92266933609182,-0.14137083225082847
2014-02-10,69.021,70.882,69.017,70.481,92647341,32.763,32.969,32.763,32.911,7222555,68.00071428571428,70.14338095238095,41.916642588200666,-1.038127584880911,32.38814285714285,32.83871428571428,40.2940374178828,-0.10070300696565937
2014-02-11,70.697,71.647,70.551,71.41,75715859,33.05,33.409,33.013,33.312,7524589,68.73057142857142,70.18271428571428,44.35617569625681,-0.7699062090256064,32.49228571428572,32.851190476190474,46.61710021000259,-0.03570453408450902
2014-02-12,71.541,71.89,71.049,71.405,82624900,33.419,33.499,33.369,33.446,8600212,69.442,70.2042380952381,41.855432074305604,-0.5513862568993488,32.71314285714286,32.88690476190476,49.122379159504284,0.026316543347554955
2014-02-13,71.238,72.593,71.174,72.539,82460844,33.256,33.714,33.212,33.686,7388884,70.17842857142857,70.2124761904762,50.78714207285495,-0.2834360236733744,32.950714285714284,32.90780952380952,61.0284165482008,0.09375395109805851
2014-02-14,72.279,72.745,72.11,72.481,73373818,33.661,33.821,33.575,33.751,13225785,70.83442857142856,70.14876190476191,48.362279046536244,-0.0749002452350993,33.193571428571424,32.91252380952381,67.18795223265812,0.15070629106101308
2014-02-18,72.733,73.44,72.696,72.747,69951104,33.791,33.858,33.678,33.771,6354601,71.47185714285715,70.1172857142857,87.41905626749468,0.11055542442720423,33.388714285714286,32.91861904761905,71.38499054320015,0.19520506121932613
2014-02-19,72.58,72.865,71.194,71.599,84194209,33.704,33.858,33.585,33.661,9202799,71.80885714285714,70.11680952380952,83.1657026446669,0.16301721206089326,33.505428571428574,32.92847619047619,74.68879634674657,0.21906928215567945
2014-02-20,70.988,71.549,70.482,70.77,82022735,33.661,33.848,33.508,33.771,7156552,71.85014285714286,70.02380952380952,76.42980923512218,0.13613095209228732,33.62828571428572,32.93547619047619,72.15589852170557,0.24404473408979754
2014-02-21,70.962,71.225,69.896,69.983,74764289,33.875,33.929,33.634,33.643,6809922,71.64628571428571,69.8780476190476,69.71936579090928,0.05073424183663633,33.67557142857142,32.9382380952381,68.26326638329235,0.250620433079888
2014-02-24,69.701,70.606,69.608,70.289,77490655,33.604,33.938,33.604,33.771,8383708,71.48685714285715,69.71738095238095,70.29838190962627,0.0076600757749503146,33.722,32.95028571428571,89.85939443628826,0.2631270868974198
2014-02-25,70.539,70.56,69.417,69.559,62349200,33.831,33.84,33.594,33.678,5996708,71.06114285714285,69.58571428571429,61.70739575154443,-0.08440840277224027,33.72085714285714,32.98871428571429,85.71428519637449,0.2625083445960854
2014-02-26,69.87,69.951,68.699,68.931,74079480,33.696,33.84,33.575,33.704,6220176,70.554,69.39619047619047,55.53548653022771,-0.20567677311237276,33.71414285714286,33.04299999999999,85.70194332620845,0.2611061009742883
2014-02-27,68.902,70.452,68.755,70.305,80967174,33.696,33.996,33.671,33.977,5823361,70.20514285714286,69.54957142857143,59.72088538632415,-0.18873687211831225,33.74357142857143,33.11957142857143,85.18352677145495,0.2788096867295806
2014-02-28,70.493,70.981,69.567,70.115,99751584,33.957,34.108,33.634,34.016,10366857,69.99314285714286,69.73014285714287,54.54545446611568,-0.1884707175261866,33.794285714285714,33.210142857142856,81.9520168226126,0.29261381019336596
2014-03-03,69.683,70.703,69.659,70.318,64072608,33.594,33.733,33.379,33.652,9646855,69.92857142857143,69.92647619047618,49.050890801594,-0.1699206452101123,33.77728571428572,33.26457142857143,67.38620321754723,0.2710573392867204
2014-03-04,70.75,70.966,70.319,70.781,69522755,34.016,34.183,33.967,34.092,12401374,70.04257142857143,70.13980952380952,46.12732414163503,-0.11651622222504443,33.84142857142857,33.33642857142858,67.97234979188346,0.2861791089263974
2014-03-05,70.738,71.25,70.5,70.931,53655882,34.164,34.202,34.075,34.134,9543730,70.13428571428571,70.35438095238095,47.13283321317932,-0.06138151792363544,33.89328571428571,33.44280952380952,66.55437876238632,0.29811577620618124
2014-03-06,70.986,71.207,70.364,70.716,49737443,34.183,34.25,34.108,34.183,9260135,70.29957142857143,70.51304761904761,37.59357553745611,-0.03463630494762526,33.96542857142857,33.54566666666667,63.169050935682705,0.3079793670811526
2014-03-07,70.84,70.881,70.09,70.674,59366890,34.278,34.297,33.938,34.083,7691400,70.54857142857142,70.64566666666667,37.67562399025263,-0.01663778988154263,34.019571428571425,33.64242857142857,58.63683620139661,0.30422030731561023
2014-03-10,70.399,71.059,70.397,70.738,47918092,34.065,34.134,33.893,34.025,8076395,70.61042857142857,70.76247619047619,35.909664679094504,0.0027586283597713646,34.026428571428575,33.71957142857143,56.479591433308975,0.29318149630481827
2014-03-11,71.344,71.781,70.96,71.427,75267090,34.083,34.202,33.858,33.947,10105714,70.79785714285715,70.86661904761905,48.710644575419956,0.07288677794073806,34.016571428571424,33.77209523809523,57.417012031204315,0.27496953330428653
2014-03-12,71.216,71.597,70.884,71.495,53819509,33.811,34.045,33.696,34.006,6792363,70.96600000000001,70.91490476190476,56.13470963176755,0.13242436774986288,34.067142857142855,33.824238095238094,56.259988925072015,0.26227389809527324
2014-03-13,71.608,71.903,70.504,70.703,69087181,34.1,34.108,33.428,33.546,10042366,70.95485714285714,70.88123809523809,56.087250459042664,0.11438203078834874,33.98914285714285,33.83538095238095,47.80443609358887,0.2126431423264421
2014-03-14,70.453,70.735,69.682,69.908,63579800,33.479,33.594,33.312,33.341,9553411,70.80871428571429,70.80995238095238,47.024832007129845,0.03552399435653797,33.87585714285714,33.83038095238095,40.59492538568285,0.15498208703944982
2014-03-17,70.249,70.613,70.062,70.183,53487828,33.566,33.831,33.499,33.733,17573703,70.73257142857143,70.6977619047619,55.24546052901209,-0.004726877427444265,33.81157142857143,33.83261904761905,51.063829510679454,0.13931052421300905
2014-03-18,70.068,70.879,69.976,70.802,56191210,33.751,34.212,33.751,34.173,7335053,70.75085714285714,70.61780952380953,65.75180991403852,0.0131703241939789,33.82442857142858,33.852714285714285,57.81927282111715,0.1605443650274765
2014-03-19,70.918,71.446,70.482,70.784,60225016,34.164,34.27,33.821,34.035,8324001,70.75742857142858,70.52433333333333,55.22583443745106,0.025606361655832188,33.825857142857146,33.86528571428571,51.01256958303912,0.16434245267382153
2014-03-20,70.617,70.97,70.261,70.442,55860392,33.996,34.39,33.938,34.297,6300150,70.61671428571428,70.4692380952381,53.453009345651054,0.007775834178303853,33.87585714285714,33.89557142857143,54.551344099864316,0.186345598805012
2014-03-21,70.874,71.116,70.128,70.998,100370851,34.508,34.527,34.061,34.123,9693183,70.54571428571428,70.48009523809525,56.68238978114127,0.038070710551423304,33.89257142857143,33.912333333333336,58.129098787087486,0.18758059251116066
2014-03-24,71.742,72.016,71.29,71.843,95345170,34.312,34.359,33.816,34.096,11017419,70.70857142857143,70.56866666666667,59.70749527679978,0.12877956570926585,33.97114285714286,33.93390476190476,50.080515015649226,0.184256663448906
2014-03-25,72.149,72.715,71.895,72.612,75668667,34.114,34.378,34.031,34.303,8114754,71.09485714285714,70.67928571428573,63.80358007993917,0.25972491301857303,34.10857142857143,33.95923809523809,53.18988269359815,0.19606547499900273
2014-03-26,72.816,73.148,71.797,71.918,80352724,34.518,34.527,33.888,33.888,7994562,71.34271428571428,70.79161904761905,59.15042618329699,0.30399577016383716,34.130714285714284,33.96923809523809,45.107794152069914,0.16997761538726763
2014-03-27,71.933,72.149,71.297,71.611,59515262,33.871,33.926,33.588,33.766,13755582,71.45828571428572,70.9192380952381,56.85643190458214,0.31072654689971557,34.07257142857143,33.97219047619048,44.78103370861558,0.13786914856454047
2014-03-28,71.723,71.807,71.181,71.531,53761202,33.871,34.114,33.756,33.898,6762951,71.56500000000001,70.97761904761904,55.7891661876116,0.30607713782497115,34.053,33.96842857142857,47.958855457594424,0.12167169850611259
2014-03-31,71.847,72.058,71.406,71.513,45120078,34.114,34.295,34.071,34.161,7750051,71.718,71.04419047619048,50.69601801396174,0.297510482420833,34.03357142857143,33.97533333333333,53.24635899713316,0.12857487354858677
2014-04-01,71.649,72.196,71.518,72.168,53756949,34.295,34.566,34.218,34.566,7474158,71.88514285714287,71.13228571428571,54.97413144572981,0.339658994768925,34.09685714285714,34.018857142857144,57.68808324886515,0.16482579560695143
2014-04-02,72.266,72.411,71.981,72.29,48236882,34.661,34.688,34.454,34.585,11177566,71.949,71.20414285714286,63.01886777977619,0.3785427694602248,34.166714285714285,34.04233333333333,66.22930305304271,0.19286482803892113
2014-04-03,72.133,72.283,71.634,71.787,43575329,34.633,34.705,34.312,34.415,8259791,71.83114285714286,71.24490476190476,66.18990161525787,0.3645680314609905,34.18271428571428,34.05571428571428,66.96146527559671,0.199073587601994
2014-04-04,71.946,71.946,70.693,70.858,73750958,34.623,34.651,33.665,33.756,10743887,71.6797142857143,71.25166666666667,55.2268854308229,0.27535627910876315,34.16385714285715,34.03538095238095,50.33498377375775,0.14909955492232285
2014-04-07,70.385,70.736,69.534,69.746,77608565,33.618,33.806,33.363,33.493,11865079,71.41328571428572,71.20747619047619,42.40287761242578,0.11361651553809793,34.124857142857145,34.007285714285715,39.557739387651026,0.08726691330808478
2014-04-08,69.975,70.099,69.113,69.741,65359845,33.56,33.844,33.457,33.796,7799222,71.15757142857143,71.16000000000001,42.4823409838903,-0.014796307949310972,34.110285714285716,33.99638095238095,46.506869146128025,0.061998981407377585
2014-04-09,69.619,70.68,69.553,70.658,55224337,33.907,34.257,33.806,34.247,7083327,71.03542857142858,71.12338095238094,51.43769958464758,-0.042085029394442586,34.122571428571426,34.010666666666665,49.307479033156625,0.07747283554320461
2014-04-10,70.707,70.915,69.704,69.747,64210843,34.247,34.303,33.402,33.457,8604906,70.68957142857143,71.04014285714285,42.04906564272439,-0.1356578450065058,33.96414285714285,33.984523809523814,42.12020809520048,0.025693401198985555
2014-04-11,69.192,69.66,68.902,69.231,72865944,33.25,33.493,33.052,33.078,15167483,70.25257142857143,70.97004761904762,32.67444939540424,-0.24858631484494254,33.74885714285714,33.96223809523809,38.8816075700432,-0.0454009522182659
2014-04-14,69.521,69.572,68.912,69.505,55141578,33.295,33.532,33.177,33.412,5312116,69.92657142857142,70.95085714285715,27.94263802481943,-0.3123725938939117,33.60557142857143,33.96561904761905,40.531349507451885,-0.07394039204980629
2014-04-15,69.319,69.5,68.128,69.011,71395004,33.512,33.665,33.014,33.579,9139442,69.66271428571429,70.89504761904762,28.75931603059614,-0.39819520461439595,33.580285714285715,33.958285714285715,46.53354259558683,-0.08213578915942321
2014-04-16,69.023,69.429,68.503,69.15,57571857,33.786,33.916,33.532,33.907,14896462,69.57757142857143,70.81638095238095,31.56554300495624,-0.44980898561063043,33.639428571428574,33.94561904761905,51.51190205422116,-0.061455421776244634
2014-04-17,69.304,70.318,69.176,69.942,76225876,33.746,33.992,33.569,33.863,8386605,69.6062857142857,70.7762857142857,39.24461885076145,-0.42194161760927784,33.649,33.937428571428576,49.617486186962836,-0.048062479561210125
2014-04-21,69.995,70.902,69.813,70.773,48937241,33.907,34.031,33.796,33.992,3751872,69.62271428571428,70.79204761904762,45.48780480038663,-0.32900915985767654,33.61257142857143,33.92290476190476,48.09727523680205,-0.026731114810843337
2014-04-22,70.393,70.859,70.151,70.842,54306219,34.012,34.209,33.944,34.131,5829438,69.77914285714284,70.78461904761905,41.29235611004817,-0.24694516407100764,33.70885714285714,33.92328571428571,44.790419011481184,0.00137444007688714
2014-04-23,70.494,70.767,69.876,69.917,105031141,34.08,34.08,33.756,33.766,12157180,69.87714285714286,70.69290476190477,35.90352851340745,-0.2536249945621165,33.80714285714286,33.90757142857143,40.94226928263835,-0.00573801053901235
2014-04-24,75.707,75.945,74.711,75.648,203605444,34.32,34.33,33.806,34.031,5331620,70.75471428571429,70.8374761904762,64.14803950911886,0.20120562251250362,33.89557142857143,33.894619047619045,45.84055445368981,0.009894548215356735
2014-04-25,75.218,76.211,75.141,76.203,104551267,33.871,33.907,33.522,33.598,6812125,71.78214285714286,71.04152380952381,70.1378945835332,0.5995349592802341,33.89828571428571,33.880809523809525,48.20045542715115,-0.01251178949235765
2014-04-28,76.319,79.376,76.285,79.154,179365028,33.709,34.031,33.474,33.916,12840887,73.21128571428572,71.40071428571429,81.13170078518573,1.1401914486648508,33.89957142857143,33.88795238095238,54.758155058129496,-0.0045565066195791815
2014-04-29,79.108,79.408,78.544,78.921,90348130,34.002,34.227,33.935,34.151,5826882,74.494,71.75261904761905,79.92567472167434,1.5322021859472272,33.940714285714286,33.900000000000006,54.055288837840116,0.020474629609744
2014-04-30,78.961,79.866,78.583,78.621,122417131,34.088,34.34,34.012,34.257,9752750,75.61514285714286,72.09109523809524,77.046396231326,1.797940487966784,33.978571428571435,33.90457142857143,50.12400776246621,0.04830843002178398
2014-05-01,78.877,79.252,78.125,78.806,65429177,34.247,34.462,34.209,34.295,5296495,76.75285714285714,72.40719047619048,82.36513032132103,2.0004084968086886,34.001999999999995,33.891666666666666,62.774389975963004,0.07259635421900867
2014-05-02,78.942,79.168,78.571,78.952,51295837,34.378,34.388,34.17,34.199,7150560,78.04357142857143,72.72442857142858,85.67339440738148,2.147887324285307,34.063857142857145,33.873285714285714,68.70203504777153,0.08313992612031029
2014-05-05,78.627,80.074,78.609,80.068,76869322,34.114,34.378,33.992,34.378,4343720,78.675,73.1187619047619,86.50722325215311,2.327981706789373,34.11342857142857,33.87152380952381,66.9950735616006,0.10473229810999385
2014-05-06,80.183,80.532,79.198,79.198,100362399,34.312,34.312,33.982,33.992,5001224,79.10285714285715,73.51590476190476,84.31583903655448,2.3731498787593495,34.169714285714285,33.88276190476191,56.74616112563003,0.08966384541689365
2014-05-07,79.306,79.581,78.307,78.921,75755285,34.051,34.096,33.628,34.012,7264324,79.06957142857144,73.95280952380952,82.6113075791631,2.3593967385220367,34.18342857142857,33.90747619047619,51.9070102699971,0.07843170902866348
2014-05-08,78.815,79.641,78.566,78.779,61329017,33.926,34.406,33.88,34.104,4030029,79.04928571428572,74.38319047619048,80.83176323134153,2.3104061387518158,34.17671428571428,33.92214285714286,54.30203471609119,0.0760768248609196
2014-05-09,78.316,78.545,77.754,78.454,77701371,34.08,34.161,33.898,34.141,7915012,79.02542857142858,74.75442857142858,77.77938509302629,2.2197678496013253,34.16014285714286,33.917095238095236,52.75009201236571,0.07631642473108258
2014-05-12,78.713,79.54,78.701,79.429,56840197,34.312,34.623,34.285,34.604,5951658,79.11442857142858,75.2154761904762,79.14601852501227,2.201236223063475,34.20428571428572,33.971714285714285,57.79755990466007,0.11256891551561665
2014-05-13,79.315,79.657,79.141,79.553,42568593,34.661,34.715,34.536,34.623,6112023,79.20028571428573,75.707,84.58722173839041,2.171523567251043,34.26485714285714,34.04528571428571,65.94715261508733,0.14120469700759486
2014-05-14,79.375,80.041,79.282,79.569,44314309,34.566,34.633,34.388,34.462,5439034,79.129,76.18623809523808,73.86488118878778,2.124774066916501,34.27685714285714,34.095285714285716,58.34301168532637,0.14918766316788634
2014-05-15,79.68,79.935,78.786,78.891,61473971,34.491,34.546,34.114,34.257,7740914,79.08514285714286,76.65671428571429,66.11897326389234,2.0098475459488014,34.31471428571429,34.12757142857143,63.99150705058119,0.13738870317190077
2014-05-16,78.866,80.057,78.434,80.056,73643793,34.247,34.491,34.141,34.472,6175408,79.24728571428571,77.17604761904762,56.88339426184868,1.9898356272880733,34.380428571428574,34.15447619047619,62.34458220567313,0.1437298176688131
2014-05-19,80.1,81.371,80.031,81.006,84639303,34.349,34.743,34.349,34.697,3509807,79.56542857142857,77.70290476190476,64.34172501020984,2.0272640599352343,34.46514285714286,34.19419047619048,62.17662762244739,0.16500869862601064
2014-05-20,80.996,81.247,80.488,81.02,62516532,34.734,34.762,34.388,34.501,4508505,79.932,78.19085714285714,67.17743076894114,2.0346024153147937,34.516571428571424,34.21842857142857,55.231560560359355,0.16416441791012915
2014-05-21,80.9,81.286,80.665,81.235,52478753,34.585,34.743,34.527,34.734,4428004,80.19000000000001,78.6857619047619,67.31783816591334,2.034316483884936,34.53514285714286,34.247142857142855,58.68618883197197,0.18021901942434226
2014-05-22,81.273,81.709,80.938,81.364,53517596,34.688,34.914,34.688,34.8,3378390,80.4487142857143,79.23085714285715,67.23842182084937,2.021199967991052,34.560428571428574,34.29638095238095,62.03444098178519,0.1960085901899049
2014-05-23,81.361,82.362,81.256,82.283,61841671,34.886,35.112,34.829,35.093,3524304,80.83642857142857,79.54680952380951,66.28916003411558,2.0612004188663207,34.65057142857143,34.34695238095238,63.69207166155148,0.22951883976190146
2014-05-27,82.487,83.855,82.483,83.823,92959721,35.177,35.402,35.169,35.392,6037989,81.54100000000001,79.90966666666667,80.96130658274761,2.1918993428413387,34.812714285714286,34.432380952380946,77.73375551177784,0.2770095613381116
2014-05-28,83.874,84.387,83.575,83.604,84112408,35.411,35.439,35.271,35.299,7210994,82.04785714285715,80.12157142857143,81.59492630652687,2.251849789342103,34.93085714285714,34.4982380952381,74.77859027843638,0.30364178409625
2014-05-29,84.121,85.331,84.11,85.13,100301688,35.42,35.516,35.337,35.506,4962782,82.63700000000001,80.41723809523809,86.10574176174191,2.394889600254757,35.04642857142857,34.562761904761906,75.84808220432392,0.33756000096833816
2014-05-30,85.478,86.307,84.26,84.813,150300491,35.516,35.59,35.392,35.544,6618342,83.17885714285714,80.71209523809524,86.18413551763098,2.454377889713328,35.19542857142857,34.62404761904762,75.8569844961304,0.36331860391976534
2014-06-02,84.939,85.054,83.404,84.228,98405789,35.571,35.628,35.328,35.486,5811367,83.60642857142857,80.97028571428571,78.57568166010965,2.426348738836566,35.30285714285714,34.6807619047619,69.1074519204919,0.3747326819709471
2014-06-03,84.202,85.581,84.174,85.417,78047724,35.429,35.516,35.319,35.429,6032409,84.18542857142857,81.27814285714287,80.98710620018824,2.471586882863761,35.392714285714284,34.739333333333335,67.17817521718055,0.3748578692535389
2014-06-04,85.403,86.805,85.227,86.394,89398150,35.375,35.544,35.28,35.496,3723386,84.77271428571429,81.57938095238096,82.74009391169906,2.556800962852421,35.45028571428572,34.79257142857142,72.95737077202325,0.3760287952526866
2014-06-05,86.578,87.002,86.097,86.733,80934610,35.619,35.769,35.411,35.731,6030659,85.18842857142856,81.93819047619047,88.88337948786524,2.6214695330674402,35.498714285714286,34.87538095238095,82.29623087110106,0.3914073977277681
2014-06-06,87.075,87.256,86.346,86.494,93342815,35.919,35.919,35.797,35.891,5106296,85.60128571428571,82.29880952380952,85.14959585148567,2.623195968044257,35.583285714285715,34.96485714285715,81.85900262863659,0.4117592099492313
2014-06-09,86.938,88.048,86.051,87.879,80295914,35.936,36.061,35.873,36.004,6801448,85.994,82.73214285714286,85.82299580928574,2.705138947378856,35.654428571428575,35.05533333333334,80.89834461816685,0.4320261943398549
2014-06-10,88.846,89.147,87.757,88.394,66883772,36.004,36.07,35.946,36.024,3824850,86.50557142857143,83.20547619047619,86.52664937474015,2.7795941141238814,35.723,35.145,89.2728203972051,0.44457695197534974
2014-06-11,88.282,88.872,87.662,88.03,48658211,35.873,36.033,35.845,35.936,4527393,87.04871428571428,83.61504761904762,83.16899334527325,2.777214610985382,35.787285714285716,35.20842857142857,83.50055676198005,0.44232381961598577
2014-06-12,88.189,88.273,86.19,86.556,58320003,35.955,36.07,35.516,35.628,5126616,87.21142857142857,83.94852380952382,72.40248524217853,2.626117112959662,35.815714285714286,35.25628571428572,70.33398772854828,0.41094801711658135
2014-06-13,86.473,86.697,85.234,85.608,58118984,35.845,35.901,35.684,35.835,7801299,87.09914285714285,84.23609523809525,64.31092356887726,2.402184690142235,35.86414285714285,35.321666666666665,69.0256405300723,0.39819548789777315
2014-06-16,85.824,86.986,85.769,86.473,37895837,35.769,35.936,35.712,35.835,7518039,87.06200000000001,84.59714285714286,62.10930352133704,2.268366584628396,35.879,35.39680952380952,63.416110909857295,0.3836663497588475
2014-06-17,86.574,86.938,86.096,86.358,31676565,35.806,35.985,35.769,35.919,7488388,87.04257142857143,84.8972380952381,62.7052960991074,2.1284992189451515,35.883,35.465714285714284,68.87941475985888,0.374611710478959
2014-06-18,86.537,86.556,85.674,86.454,35716386,35.995,36.127,35.731,36.107,13870233,86.83900000000001,85.15666666666668,57.03656454097449,2.00231824333639,35.89771428571429,35.53285714285715,68.5150949111453,0.3782456915505108
2014-06-19,86.556,86.565,85.665,86.151,37860944,36.162,36.162,35.901,36.042,6297870,86.51857142857143,85.401,57.121566872503486,1.8564691229211405,35.900285714285715,35.6062380952381,65.09090853862281,0.37159715032110086
2014-06-20,86.142,86.799,85.251,85.261,107532634,36.085,36.085,35.887,35.961,5748351,86.123,85.59271428571428,55.32529118728177,1.6500463747562435,35.90385714285714,35.66466666666666,64.19605445382868,0.35569191545108936
2014-06-23,85.646,85.928,84.973,85.186,46568517,35.922,36.067,35.896,36.067,3990025,85.92728571428572,85.77471428571428,48.65463008955567,1.4635322971369504,35.96657142857143,35.725,68.5249704068817,0.3476329204338313
2014-06-24,85.113,86.041,84.589,84.671,41613569,36.067,36.237,35.793,35.878,8972583,85.79342857142858,85.88842857142858,39.39431237824442,1.2596419822256877,35.97271428571428,35.76238095238095,60.35791711225003,0.32228034119884086
2014-06-25,84.608,85.064,84.08,84.746,39299432,35.802,36.075,35.764,36.02,5414329,85.54671428571429,85.93238095238095,37.3584424833924,1.091526869606028,35.99914285714286,35.79228571428572,58.25242671871277,0.3100721342062016
2014-06-26,84.756,85.392,84.221,85.251,34768469,36.048,36.067,35.774,35.981,12024021,85.38857142857144,86.01080952380951,42.350769157795604,0.9876585976720378,36.007999999999996,35.8247619047619,52.760735743159415,0.2938626029816973
2014-06-27,85.177,86.286,85.13,86.266,68252052,35.951,36.198,35.932,36.198,11527303,85.36171428571429,86.06490476190477,39.600257826640366,0.9759936142745005,36.021,35.85771428571428,55.59400185794929,0.2951245075439033
2014-06-30,86.377,87.895,86.368,87.157,52861317,36.168,36.331,36.15,36.208,4756135,85.50542857142857,86.1765238095238,42.39330948302704,1.0268088709941026,36.044714285714285,35.88933333333333,55.33642646478532,0.29354765775595837
2014-07-01,87.709,88.225,87.345,87.709,40725631,36.34,36.688,36.311,36.577,7932005,85.85514285714287,86.34228571428572,48.07068149140648,1.0989540565038283,36.132714285714286,35.94128571428572,65.98503694574032,0.31840285911575705
2014-07-02,88.03,88.215,87.307,87.671,30350622,36.643,36.661,36.557,36.615,5264078,86.21014285714286,86.44961904761905,58.099665725207835,1.1399230302621106,36.211,35.9977619047619,78.44380340160615,0.3372791238949091
2014-07-03,87.851,88.255,87.41,88.189,24408182,36.744,36.794,36.625,36.774,2322809,86.71271428571427,86.53509523809524,69.99845018131447,1.2003525905540755,36.339,36.05861904761905,77.83046764100375,0.36090834417607454
2014-07-07,88.292,90.026,88.255,90.006,60137317,36.697,36.841,36.678,36.813,11102404,87.46414285714286,86.69095238095238,73.85550289885536,1.3789643247935999,36.452285714285715,36.11014285714286,78.33140145038254,0.37841946155673867
2014-07-08,90.29,90.785,88.084,89.427,69499690,36.774,36.794,36.284,36.481,7333545,88.06071428571428,86.83061904761905,69.5005717406269,1.4569995658668091,36.52371428571429,36.138238095238094,64.23505526884969,0.3613421949853901
2014-07-09,89.509,89.989,88.872,89.462,38832141,36.547,36.669,36.462,36.661,7539318,88.51728571428573,86.906,69.2622949577778,1.5043263266407934,36.58985714285715,36.16952380952381,64.08952141543575,0.3582036847658401
2014-07-10,87.933,89.615,87.709,89.137,42298257,36.085,36.707,36.085,36.557,4683596,88.80014285714286,86.94138095238095,69.06768825454063,1.498336451729898,36.639714285714284,36.19490476190476,62.842892329276516,0.34336634844265035
2014-07-11,89.436,89.933,88.966,89.304,36251885,36.643,36.744,36.547,36.744,3454398,89.028,87.00204761904762,78.44378766030508,1.4898904078341388,36.66357142857144,36.233380952380955,68.54571247766935,0.34274602683966293
2014-07-14,89.905,90.87,89.707,90.458,45599128,36.914,37.058,36.879,37.011,4458156,89.42614285714286,87.18785714285714,82.20131918509428,1.558351308966138,36.720142857142854,36.299238095238096,70.77464745121256,0.3596532275570965
2014-07-15,90.785,90.832,89.127,89.399,48635107,37.094,37.143,36.734,36.943,7855926,89.59900000000002,87.36838095238096,77.07903767707833,1.5097511453633814,36.744285714285716,36.352,74.7559269890361,0.3633764961812247
2014-07-16,90.936,91.067,88.853,88.891,56993284,37.293,37.38,37.207,37.285,8542044,89.43971428571429,87.4835238095238,72.61813805340466,1.413944736325746,36.81171428571429,36.42104761904763,76.90344488445396,0.38943459557413007
2014-07-17,89.127,89.361,86.818,87.307,61033713,37.246,37.293,36.688,36.804,6006507,89.13685714285715,87.52871428571429,60.03710204642459,1.1964104302555114,36.85785714285714,36.46319047619048,64.73326140126545,0.367042113952337
2014-07-18,87.804,88.853,87.24,88.564,53258066,36.981,37.275,36.924,37.246,5052770,89.00857142857141,87.62919047619047,60.959557339428265,1.1126167667502642,36.94142857142857,36.51742857142857,67.36249140388509,0.38057459001558414
2014-07-21,89.089,89.098,87.895,88.103,41588495,37.226,37.302,37.058,37.199,6547357,88.86085714285716,87.72214285714286,54.70459510982054,0.9975121384569832,37.03314285714286,36.57252380952381,66.21931229883126,0.3830906371874576
2014-07-22,88.798,88.994,88.273,88.837,58640916,37.389,37.538,37.35,37.509,5073174,88.79414285714287,87.89242857142858,55.50996475408955,0.9545154964784075,37.142428571428574,36.6462380952381,65.55407178980073,0.405425538678962
2014-07-23,89.49,91.798,89.256,91.151,99020557,37.596,37.682,37.436,37.576,5797299,88.89314285714285,88.17647619047618,63.90664954486147,1.0945435918344657,37.22314285714286,36.71809523809524,65.88429721574204,0.4236488884095806
2014-07-24,91.011,91.273,90.43,91.002,48739410,37.653,37.691,37.473,37.548,12349506,89.12214285714285,88.47795238095237,61.58280483717706,1.179892742420165,37.30957142857143,36.79761904761905,63.372494510292,0.4308649158234843
2014-07-25,90.832,91.761,90.636,91.601,46330790,37.436,37.548,37.321,37.499,5030528,89.50928571428571,88.80438095238095,57.299771093620436,1.2810991396890756,37.34014285714286,36.86804761904762,61.81129446785187,0.42769952515548226
2014-07-28,91.741,93.074,91.49,92.869,58914302,37.519,37.644,37.275,37.567,8221525,90.30385714285714,89.16714285714286,64.81832263583118,1.4469434778377774,37.44914285714286,36.94357142857143,70.56818144395658,0.4257699509836286
2014-07-29,93.159,93.262,92.146,92.267,45964362,37.841,37.841,37.473,37.492,7745101,90.83285714285715,89.45290476190476,61.513832947935796,1.5123663242182346,37.48428571428571,37.00519047619048,66.39053217772477,0.41342319115116055
2014-07-30,92.324,92.567,91.601,92.052,35187956,37.663,37.663,37.35,37.528,8221636,91.397,89.68599999999999,62.07439310172803,1.5292375990266436,37.531285714285715,37.06804761904762,69.67977260822168,0.4019102232920986
2014-07-31,91.124,91.395,89.408,89.661,60546841,37.293,37.33,36.764,36.823,18447217,91.51471428571428,89.77895238095238,51.24868830237973,1.3342935824346398,37.43328571428572,37.0797619047619,51.32328284136484,0.3320706020544506
2014-08-01,89.004,90.617,88.921,90.158,51711818,36.726,36.879,36.443,36.625,16425009,91.37285714285714,89.89738095238096,48.90013193396379,1.206000765076979,37.29742857142857,37.080238095238094,43.38134409899214,0.2577737979274701
2014-08-04,90.382,90.579,89.256,89.652,42582820,36.734,36.981,36.547,36.888,6708495,91.17999999999999,89.96704761904762,50.966755772752414,1.0513781786562788,37.20314285714286,37.08566666666667,49.11603963753631,0.2176065149456221
2014-08-05,89.436,89.734,88.498,89.21,59603481,36.661,36.784,36.387,36.537,13020810,90.83842857142858,89.92914285714285,51.22513244357074,0.8829943496525345,37.065714285714286,37.07252380952381,38.0128203422502,0.15565657511715614
2014-08-06,88.862,89.548,88.827,89.059,41075935,36.291,36.606,36.246,36.425,9681775,90.29414285714286,89.91161904761904,57.560849231326415,0.7289614995823399,36.90257142857143,37.069857142857146,43.111595563954005,0.09641196043539679
2014-08-07,89.474,90.437,88.693,89.05,49506505,36.577,36.643,36.15,36.274,7271238,89.83457142857142,89.892,52.35055129300566,0.5992552894181387,36.728571428571435,37.05142857142857,30.2439022669046,0.036850943685465154
2014-08-08,88.845,89.373,87.919,89.295,44397365,36.255,36.537,36.141,36.509,6379162,89.44071428571428,89.8995238095238,55.888164317088126,0.5103486542248987,36.58299999999999,37.04914285714286,36.97129889818802,0.008512814394947554
2014-08-11,89.797,90.558,89.392,90.474,38777694,36.678,36.794,36.606,36.688,6892754,89.55685714285714,89.9552380952381,57.745812358432715,0.5289278015324612,36.56371428571428,37.04647619047619,33.6909016799076,0.0004927664961726919
2014-08-12,90.523,91.313,90.116,90.456,35843833,36.652,36.764,36.49,36.669,7101659,89.59942857142858,89.95514285714286,45.79857325097574,0.5360205488357508,36.57,37.03019047619048,31.63223959382279,-0.007312031903119021
2014-08-13,90.624,91.653,90.523,91.653,33844029,36.754,37.029,36.754,37.029,5817702,89.88528571428573,90.06247619047619,53.49286396084348,0.6309562277903353,36.59014285714285,37.034285714285716,40.735451420815366,0.015374374272980162
2014-08-14,91.735,91.963,91.238,91.898,29809389,37.058,37.094,36.933,37.094,4887712,90.26928571428572,90.20566666666666,51.65644163712322,0.7176898084209711,36.669714285714285,37.025190476190474,42.81150138467838,0.03815860276681349
2014-08-15,92.273,92.547,91.294,92.349,51895143,37.181,37.275,36.832,37.094,9438137,90.73928571428573,90.44576190476191,46.809032811079256,0.8134418752008514,36.76528571428572,37.039,41.39687137884465,0.05557463816492003
2014-08-18,92.831,93.659,92.349,93.462,50442748,37.293,37.464,37.246,37.445,4499347,91.36957142857143,90.679,56.90033481965534,0.9679776326471909,36.93257142857143,37.048476190476194,49.223140268058245,0.09658635093363444
2014-08-19,93.698,94.904,93.612,94.762,73588829,37.548,37.691,37.499,37.682,5346456,92.15057142857144,90.99609523809524,63.90599334003649,1.1817252758584544,37.10014285714286,37.0714761904762,52.38685656124742,0.14652331847683087
2014-08-20,94.685,95.271,94.209,94.798,55845077,37.624,37.746,37.596,37.682,7419798,92.76828571428571,91.27995238095238,84.76113125096006,1.3385962182506574,37.24214285714286,37.07971428571428,67.03688975068762,0.1839779418399985
2014-08-21,94.798,95.128,94.359,94.806,35506462,37.682,37.917,37.682,37.861,3658885,93.38971428571428,91.45400000000001,83.68115925050193,1.4468843216263139,37.41242857142857,37.09328571428572,74.70023939016644,0.22550531978162525
2014-08-22,94.529,95.635,94.437,95.492,46837483,37.88,37.944,37.784,37.871,4668472,93.93814285714286,91.66780952380952,91.24293767268341,1.5699603647653504,37.532714285714285,37.10866666666667,71.85415695599902,0.2562688743537649
2014-08-25,95.957,96.304,95.453,95.703,42651286,38.049,38.058,37.832,37.907,3633743,94.48171428571429,91.86314285714286,97.40108025060375,1.6653280867145668,37.648857142857146,37.128095238095234,85.41882047783672,0.28032272623388366
2014-08-26,95.585,95.664,95.06,95.09,35148584,37.962,37.972,37.88,37.927,3554479,94.87328571428573,91.96890476190477,91.24606739468678,1.6721680046324394,37.767857142857146,37.14523809523809,90.77090050445564,0.2975692172939972
2014-08-27,95.203,96.682,94.924,96.266,50529216,37.927,37.962,37.802,37.917,4586955,95.27385714285715,92.15933333333334,92.55720673557433,1.7522828348571835,37.83528571428571,37.16547619047619,98.29511970832921,0.30689260240042415
2014-08-28,95.75,96.885,95.721,96.372,72606328,37.727,37.917,37.717,37.861,3737097,95.50385714285713,92.36504761904762,92.4331453059043,1.8035376695363112,37.86085714285714,37.181333333333335,94.41524223271082,0.3062326607897745
2014-08-29,96.91,96.998,96.332,96.613,47291611,37.953,38.039,37.822,38.03,8138700,95.76314285714287,92.69609523809524,91.47412494519149,1.8423665266833638,37.91057142857142,37.23880952380952,94.3783060044332,0.31570726310862085
2014-09-02,97.144,97.778,96.826,97.357,56799272,38.116,38.116,37.927,38.039,6025458,96.12757142857143,93.03890476190476,92.45724113517886,1.911142793374836,37.936,37.30614285714286,95.60585796372689,0.32025052973325785
2014-09-03,97.173,97.261,92.914,93.255,132973538,38.179,38.179,37.784,37.832,7299371,95.808,93.21047619047619,57.260696083969336,1.6160228565276924,37.93042857142857,37.35109523809523,79.76278642203168,0.3036476699122943
2014-09-04,93.171,94.341,92.172,92.482,90877484,37.907,38.087,37.7,37.812,5710811,95.34785714285714,93.36628571428571,52.52595149348069,1.304723500234033,37.91685714285715,37.411809523809524,77.5306740142409,0.28558391740399003
2014-09-05,93.122,93.678,92.662,93.284,61989515,37.89,38.049,37.793,38.039,7441971,95.08985714285714,93.5674761904762,53.924943266312724,1.109936557266252,37.93285714285714,37.48866666666667,80.86218084123388,0.2862851492860443
2014-09-08,93.593,93.603,92.418,92.706,49137848,38.021,38.189,37.934,38.097,6764987,94.58128571428571,93.74157142857142,46.67721513242958,0.89856859275001,37.95857142857143,37.575476190476195,76.33279396715717,0.28819881928724556
2014-09-09,93.385,97.153,90.615,92.359,201284504,38.116,38.275,37.717,37.822,9069321,94.00800000000001,93.88747619047619,38.47260860226263,0.6950459015449724,37.952999999999996,37.638,55.4858928081485,0.26447649442451393
2014-09-10,92.378,95.289,92.142,95.184,106928476,37.832,38.106,37.727,38.049,7665475,93.80385714285714,94.1117619047619,51.460793163756335,0.7530261759393682,37.955714285714286,37.70280952380953,62.2089149228709,0.2609849123306347
2014-09-11,94.645,95.605,93.897,95.595,66170138,37.972,38.152,37.841,38.135,10933012,93.55214285714285,94.3564761904762,52.89753942412298,0.8226571467504868,37.96942857142857,37.772619047619045,59.71631146380963,0.2621355541393555
2014-09-12,95.385,96.323,95.261,95.814,66492385,38.106,38.125,37.851,37.972,5884425,93.91771428571428,94.55461904761904,51.22452078512748,0.8853064014116114,37.989428571428576,37.81752380952381,53.23096561405402,0.2470469053668296
2014-09-15,96.91,97.134,95.605,95.788,65021888,38.039,38.039,37.682,37.746,7289384,94.39,94.73985714285715,50.32785615177117,0.9222275393778858,37.980000000000004,37.848571428571425,45.40787185641193,0.21438147507078043
2014-09-16,94.065,95.433,93.207,95.06,70954298,37.653,38.077,37.567,38.03,12615321,94.6437142857143,94.86895238095238,49.88530350983374,0.8825705672502835,37.97871428571428,37.893142857142855,52.55329661093402,0.2090010783992753
2014-09-17,95.443,95.947,94.815,95.74,64628387,38.021,38.248,37.88,38.106,8107386,95.07714285714285,94.97742857142856,47.909712234085475,0.8956875199451844,37.980000000000004,37.924619047619046,54.536725509594724,0.2084665672931223
2014-09-18,96.13,96.469,95.721,95.938,39549055,38.179,38.352,38.179,38.332,7832900,95.58842857142857,95.03342857142857,48.28783330629402,0.9115519413449391,38.05285714285714,37.95557142857143,60.45272931809231,0.22370059343738546
2014-09-19,96.362,96.469,95.08,95.148,75183589,38.469,38.469,38.109,38.251,16840855,95.58328571428571,95.05009523809524,44.460409844782134,0.8505733319989446,38.081714285714284,37.982666666666674,55.10392574066738,0.22662525103260833
2014-09-22,95.947,96.276,94.806,95.243,55962429,38.261,38.261,37.882,37.993,6729034,95.533,95.07090476190476,41.59376486541174,0.8006832724600628,38.06142857142857,37.988952380952384,49.04722423916275,0.20575282890883528
2014-09-23,94.825,97.036,94.771,96.75,67229669,37.936,38.08,37.843,37.909,6294600,95.66671428571429,95.13080952380953,67.51177463221116,0.8726875474941664,38.05242857142857,37.990761904761904,51.68048855367658,0.18035417534851206
2014-09-24,96.295,96.949,95.375,95.898,63786691,37.919,38.163,37.746,38.154,7534829,95.68242857142857,95.14009523809524,66.98150716467075,0.8511901840878977,38.11071428571428,38.00252380952381,56.79650206870002,0.1779437866576714
2014-09-25,94.742,94.933,92.105,92.244,106124440,38.003,38.023,37.32,37.32,9862549,95.28014285714286,95.00457142857142,45.972114589960505,0.5331601679252884,38.00928571428572,37.973619047619046,38.48863255240444,0.10749754153912505
2014-09-26,92.869,94.967,92.745,94.967,66137193,37.388,37.803,37.388,37.728,5148258,95.16971428571428,94.94271428571429,57.50913312486694,0.49513482571327927,37.955285714285715,37.964619047619045,44.687589799704504,0.08362657979053267
2014-09-29,92.983,94.665,92.963,94.359,52777909,37.426,37.775,37.301,37.718,5090069,94.94414285714286,94.84685714285713,56.529119822968944,0.411198904313963,37.86757142857143,37.95780952380952,48.379052157946795,0.06317352907820606
2014-09-30,95.012,95.703,94.762,94.967,58608757,37.775,38.003,37.683,37.833,7129923,94.91828571428572,94.76847619047619,49.17169244305644,0.38925253963570583,37.807857142857145,37.94842857142857,46.51162769665282,0.05560292206338602
2014-10-01,94.815,94.914,93.028,93.482,54606482,37.709,37.755,37.141,37.245,13772719,94.66671428571428,94.58395238095238,42.54568541623936,0.2491606295358224,37.70100000000001,37.91061904761905,37.63201764123172,0.0021319003615900556
2014-10-02,93.564,94.463,92.408,94.159,50644838,37.264,37.359,36.847,37.225,14107661,94.29657142857143,94.627,44.34420062737898,0.19056827114377484,37.60328571428572,37.88171428571429,39.18958015957913,-0.04138108701572918
2014-10-03,93.726,94.454,93.348,93.897,46100381,37.509,37.645,37.32,37.528,7071423,94.01071428571429,94.69438095238095,43.640277082736034,0.12159057415689745,37.51385714285714,37.86819047619048,46.913929598868854,-0.050829939382396105
2014-10-06,94.209,94.874,93.708,93.897,39284946,37.718,37.785,37.445,37.538,7327432,94.24685714285715,94.72357142857143,45.887262137179334,0.06616257139901904,37.545,37.84433333333333,42.44935525037101,-0.05685590702713483
2014-10-07,93.717,94.369,93.057,93.075,44640757,37.436,37.464,36.95,36.95,9498796,93.97657142857143,94.74114285714286,40.669420869030795,-0.04359056547851026,37.43385714285714,37.78971428571428,34.668434884520366,-0.10783515909037078
2014-10-08,93.084,95.289,92.662,95.002,60880729,36.999,37.718,36.741,37.654,9144391,94.06842857142858,94.86699999999999,47.07682694196903,0.024638065919191376,37.42471428571429,37.78171428571428,42.0197738728162,-0.09038773368019548
2014-10-09,95.703,96.499,94.835,95.203,82050763,37.615,37.683,36.989,37.027,16136335,94.10214285714287,94.86790476190475,50.17832820812552,0.09384695871318627,37.30957142857143,37.73304761904762,37.23404244445629,-0.12570513276133966
2014-10-10,94.914,96.169,94.539,94.952,70335317,36.781,36.969,36.079,36.079,31831713,94.31214285714286,94.83728571428571,49.065930494516095,0.1269781771846823,37.142999999999994,37.63514285714285,32.54923405257304,-0.22756685417520828
2014-10-13,95.502,95.928,94.075,94.075,56785539,36.032,36.382,35.634,35.68,30167214,94.30014285714287,94.7544761904762,41.051716024973324,0.08152852581979175,36.922285714285714,37.526,30.78116909278556,-0.3366087515316565
2014-10-14,94.626,94.752,92.904,93.075,67552864,35.974,36.144,35.644,35.738,22719146,94.18271428571428,94.62528571428572,40.649221558854684,-0.03478135517343617,36.66657142857143,37.43038095238095,28.474697006656044,-0.41357765969945604
2014-10-15,92.34,93.452,89.71,91.936,107047620,35.225,35.634,34.685,35.49,30655382,93.90257142857142,94.4765238095238,48.77583460390609,-0.2163713604510633,36.374,37.309428571428576,31.794667639250775,-0.48895127538990124
2014-10-16,90.059,92.105,89.928,90.729,76540345,34.893,35.51,34.798,35.281,28605056,93.56742857142858,94.23790476190477,30.847794610279408,-0.45246186190274784,36.13557142857143,37.17490476190477,24.65299350628912,-0.5591049483623038
2014-10-17,91.898,93.313,91.247,92.057,72278875,35.634,35.954,35.463,35.698,13484462,93.1467142857143,94.05309523809524,40.23251862158395,-0.5263394700269686,35.856142857142856,37.04947619047619,30.70309506498974,-0.5744321286300007
2014-10-20,92.716,94.218,92.576,94.027,82008266,35.5,35.974,35.321,35.954,9725244,92.97871428571429,93.99971428571429,46.42476794082256,-0.4210716191838202,35.70285714285715,36.94009523809524,32.520930147852454,-0.5594727156929551
2014-10-21,97.104,97.104,95.443,96.584,100342644,36.212,36.674,36.212,36.657,12205632,93.21185714285716,94.06357142857144,60.908707212496694,-0.1298210623217102,35.78542857142857,36.8764761904762,44.64480862932105,-0.48529684839819254
2014-10-22,96.94,98.132,96.71,97.085,72394711,36.781,36.866,36.457,36.486,12739150,93.64185714285713,94.0795238095238,60.41874370845584,0.13981195017507275,35.900571428571425,36.80871428571429,43.44974284554216,-0.4352924298806613
2014-10-23,98.102,99.014,97.67,98.806,75378691,36.741,37.093,36.665,36.894,33976192,94.46057142857144,94.218,65.83446223329572,0.48675733660216736,36.065714285714286,36.748714285714286,44.48311858288136,-0.35860757286687317
2014-10-24,99.143,99.423,98.518,99.173,49878793,37.056,37.245,36.847,37.215,7280345,95.49442857142857,94.54795238095238,66.62465333168984,0.7823099061778009,36.31214285714285,36.74371428571429,47.33366342039442,-0.26883331084333406
2014-10-27,98.826,99.413,98.686,99.074,36271985,37.102,37.349,37.066,37.255,6268223,96.68657142857141,94.74352380952381,69.80521617845669,0.9970555386808826,36.594142857142856,36.72119047619048,52.76819736090855,-0.19224283990360647
2014-10-28,99.343,100.6,99.303,100.6,50990915,37.359,37.785,37.359,37.765,8168676,97.90700000000001,95.04071428571429,68.98399342337383,1.2756732788051721,36.889428571428574,36.72342857142857,51.04421435284683,-0.0893614983992208
2014-10-29,100.52,101.21,100.24,101.18,55900054,37.718,37.853,37.492,37.728,13896014,98.92885714285714,95.33657142857143,69.76129068460898,1.5256937500842582,37.142857142857146,36.71842857142857,57.41798924786205,-0.01068966105647462
2014-10-30,100.8,101.19,99.82,100.82,43133355,37.701,37.919,37.538,37.853,9690172,99.53399999999999,95.68599999999999,69.26207976827271,1.6754739626238973,37.31371428571429,36.74738095238096,72.73193208143337,0.06104114781383885
2014-10-31,101.8,101.83,101.05,101.79,47360766,38.316,38.45,38.241,38.44,10507332,100.20614285714285,96.04938095238094,75.1712886752105,1.8511083289997003,37.59285714285715,36.805238095238096,83.7408310092001,0.16337108470295902
2014-11-03,102.01,103.96,101.8,103.11,55411077,38.497,38.666,38.43,38.6,10051042,100.821,96.48809523809524,82.0709491116015,2.0729174954878573,37.836571428571425,36.85628571428571,84.13645010068936,0.2544458662006761
2014-11-04,103.07,103.19,101.53,102.35,44070830,38.545,38.696,38.355,38.591,6784691,101.27485714285714,96.89061904761904,84.1084762755456,2.1624498339559324,38.03314285714286,36.90642857142857,89.22337433616812,0.322183135280639
2014-11-05,102.81,103.01,101.92,102.59,39689849,38.838,38.847,38.525,38.696,7675762,101.77714285714286,97.34371428571428,91.47492822710323,2.227098249177857,38.239,36.98957142857143,94.3621716495011,0.3799581109383823
2014-11-06,102.71,102.97,102.06,102.88,36913586,38.676,38.705,38.44,38.676,9058933,102.10285714285715,97.71885714285715,90.80763130447865,2.275502583050553,38.369142857142855,37.03823809523809,93.1344144542638,0.41929795669942393
2014-11-07,102.93,103.49,102.74,103.18,35579243,38.715,38.762,38.535,38.725,7884175,102.38857142857141,98.09871428571428,89.48321963137204,2.3114261770186175,38.51157142857143,37.119095238095234,92.69645568636366,0.44925028079483553
2014-11-10,103.19,103.5,102.85,103.01,28715933,38.705,38.865,38.638,38.829,5084330,102.70142857142856,98.48242857142857,84.90873520331118,2.29966915033242,38.651,37.25004761904762,91.0430834185175,0.47589383635909854
2014-11-11,102.89,103.91,102.6,103.86,28975210,38.856,38.865,38.686,38.847,3221135,102.99714285714286,98.94838095238096,85.4600647758356,2.3320570166001318,38.70914285714286,37.40085714285714,97.35258669757891,0.4927810227828502
2014-11-12,103.55,105.48,103.54,105.3,49565600,38.725,38.999,38.705,38.972,4763369,103.31000000000002,99.53052380952381,85.01941315894376,2.4457277720338055,38.76228571428572,37.554857142857145,97.01357404606806,0.510367496217043
2014-11-13,105.84,107.39,105.65,106.81,62848423,39.046,39.311,38.999,39.18,5690960,103.94714285714285,100.23880952380952,86.66346603809022,2.6273703550996856,38.846428571428575,37.73057142857143,96.85264599144654,0.5349225110590226
2014-11-14,107.1,108.09,107.01,108.08,46514993,39.19,39.454,39.19,39.454,4580575,104.73142857142857,101.06504761904762,88.8658724974863,2.8410519189820747,38.95471428571428,37.92928571428571,97.16859658500218,0.5699223373761413
2014-11-17,108.17,111.03,107.24,107.91,49355439,39.34,39.435,39.19,39.379,4358470,105.45,101.81995238095239,85.72825012705796,2.9625283360525287,39.05514285714286,38.10457142857143,92.56329045575636,0.5848661062869738
2014-11-18,107.86,109.52,107.82,109.32,46700497,39.35,39.597,39.34,39.51,5093833,106.32714285714285,102.54819047619046,86.79927656282173,3.1364197928906066,39.16728571428571,38.27390476190477,94.77386867998285,0.600359188980228
2014-11-19,109.29,109.57,107.73,108.54,44193084,39.52,39.52,39.074,39.254,7558225,107.11714285714287,103.11752380952382,83.62369327781087,3.1746946403518876,39.228,38.397571428571425,83.02687356795084,0.5852342915008037
2014-11-20,108.78,110.62,108.72,110.1,45810221,39.123,39.454,39.046,39.454,5164968,108.00857142857144,103.73728571428572,84.42419211417244,3.292947644598172,39.31471428571428,38.53890476190476,79.23875368550031,0.5826693798972613
2014-11-21,111.23,111.29,109.83,110.25,60391456,39.766,39.785,39.35,39.51,6815894,108.71571428571428,104.2822380952381,82.75229347169433,3.3600353528298967,39.391571428571424,38.66347619047619,77.91410976024689,0.5784869633429466
2014-11-24,110.63,112.44,110.39,112.3,50094566,39.587,39.728,39.473,39.719,3283308,109.5,104.90733333333331,90.81214099496562,3.537838709959246,39.46857142857142,38.78271428571428,80.81967151285501,0.585290061901901
2014-11-25,112.73,113.34,111.18,111.32,72696667,39.775,39.901,39.71,39.738,5003818,109.96285714285715,105.4904761904762,83.75870060536569,3.5586494460582117,39.509142857142855,38.900952380952376,79.87385256982004,0.5854658221756992
2014-11-26,111.64,112.76,111.53,112.66,43101440,39.775,40.118,39.748,40.1,10800595,110.64142857142858,106.0647619047619,84.9785406874321,3.6412943310809567,39.612142857142864,39.012142857142855,84.13231007773128,0.6078090437899206
2014-11-28,112.91,113.02,111.75,112.6,26213573,40.156,40.374,40.1,40.289,5729361,111.11,106.60857142857142,84.27947589665847,3.659762040644864,39.72342857142858,39.13409523809524,85.13027799109429,0.6334647411367911
2014-12-01,112.47,112.89,105.32,108.94,88523014,40.193,40.242,39.663,39.834,12302060,111.16714285714285,106.99523809523808,67.20835746135131,3.3405585419767476,39.806285714285714,39.228428571428566,69.4994175502554,0.610050091010983
2014-12-02,107.44,109.57,106.74,108.51,62668871,39.814,39.91,39.683,39.844,5938283,110.93999999999998,107.31523809523809,63.83105289151492,3.0180992932541386,39.862,39.29528571428572,69.4044371461027,0.585550862667283
2014-12-03,109.57,110.14,108.98,109.73,45449566,39.929,40.052,39.758,39.985,4505077,110.86571428571428,107.6304761904762,63.351416462512404,2.828387924103893,39.929857142857145,39.36123809523809,69.59381006796386,0.5709312294901139
2014-12-04,109.58,110.95,109.14,109.34,44522535,39.956,40.109,39.834,39.985,3972639,110.44285714285715,107.96333333333334,58.17711694799745,2.616410208398108,39.96785714285714,39.42761904761905,66.93310856665394,0.5529707621348905
2014-12-05,109.79,109.88,108.52,108.87,40469204,40.013,40.09,39.844,39.939,7571727,110.09285714285714,108.26238095238097,52.69256982019798,2.3830212834616873,39.99657142857143,39.48680952380952,61.28431788832923,0.5289279941257021
2014-12-08,108.0,108.52,105.67,106.39,60872177,39.863,39.929,39.36,39.53,7055468,109.19714285714285,108.42952380952381,45.52414601664677,1.975175017104533,39.91514285714286,39.52747619047619,53.040676301824696,0.47143661754726907
2014-12-09,104.32,108.2,103.52,108.02,63577767,39.009,39.578,38.875,39.52,8670904,108.54285714285713,108.66000000000001,46.22093019493646,1.7631567170571287,39.805285714285716,39.565333333333335,50.2116847150875,0.42022329837559624
2014-12-10,108.3,108.72,105.59,105.99,47045201,39.53,39.53,38.847,38.923,8722435,108.12142857142858,108.80190476190477,43.08943086161232,1.415015237338423,39.67514285714286,39.56980952380953,43.87717328365511,0.3276861018920769
2014-12-11,106.27,107.73,105.39,105.67,43789936,39.084,39.538,38.991,39.094,9526265,107.71571428571428,108.88809523809522,37.12957579780281,1.1006022234580968,39.568,39.58157142857143,43.2685113665822,0.2650921604660539
2014-12-12,104.57,105.91,103.74,103.89,59159400,38.81,39.084,38.469,38.515,9473758,106.88142857142857,108.82095238095239,33.12101908366803,0.6997304635979162,39.358,39.55980952380952,34.43853597680969,0.16684229569676745
2014-12-15,104.77,105.65,100.66,102.44,70959092,38.772,38.933,38.109,38.279,10811220,105.89571428571428,108.61285714285717,22.97149121043853,0.2620134954613178,39.114285714285714,39.51690476190476,27.66749367638181,0.06913835839095128
2014-12-16,100.68,104.3,100.59,101.05,64100708,38.003,38.696,37.765,37.765,16506692,104.77857142857142,108.27809523809522,22.4664879187919,-0.1947962487535051,38.80371428571429,39.436476190476185,23.474052076193374,-0.04920106096136578
2014-12-17,101.42,103.98,101.12,103.58,56384329,37.882,38.6,37.813,38.478,16117978,104.37714285714286,108.07190476190475,27.116935464736017,-0.348652358907529,38.65342857142857,39.39357142857143,30.073709970262385,-0.08447894152558888
2014-12-18,105.91,106.64,104.74,106.64,62279357,39.123,39.597,39.046,39.578,11241655,104.17999999999999,107.94428571428571,36.9527145132514,-0.22111908499506683,38.66171428571429,39.39680952380952,42.86287881949804,-0.02340629591036958
2014-12-19,106.27,107.18,105.71,105.82,93393464,39.651,39.832,39.574,39.623,12269408,104.15571428571427,107.8147619047619,42.19999997045999,-0.18409308309790617,38.761714285714284,39.41438095238096,47.691970976222294,0.028299124966629563
2014-12-22,106.18,107.43,106.01,106.92,47699142,39.773,40.099,39.707,40.099,6407300,104.33428571428571,107.66333333333333,46.15384612258568,-0.06523689263035237,38.90528571428571,39.445095238095234,52.53126846626207,0.10645808291906889
2014-12-23,107.17,107.27,106.45,106.53,27476050,40.271,40.336,40.184,40.203,7028813,104.71142857142857,107.48619047619047,41.935483841376175,-0.002483616422082946,39.146428571428565,39.478095238095236,52.179999853896035,0.17477683250666587
2014-12-24,106.57,106.7,106.04,106.04,15296050,40.299,40.299,40.156,40.166,2786207,105.22571428571428,107.18809523809526,41.72517549728425,0.00762204005359024,39.416,39.49938095238095,51.7967042435668,0.22335959263932637
2014-12-26,106.13,108.4,106.04,107.91,35610489,40.242,40.413,40.223,40.336,2390545,106.2057142857143,107.02571428571429,47.75070287401545,0.16462650549688362,39.78328571428572,39.527857142857144,53.84615370008791,0.2724388537957978
2014-12-29,107.72,108.64,107.63,107.84,29133164,40.184,40.299,40.099,40.136,4866342,106.81428571428572,106.79619047619049,53.829899590405795,0.2801755709524798,40.02014285714286,39.52957142857143,56.11873974441391,0.29183213414578546
2014-12-30,107.57,107.84,106.14,106.51,31555587,40.041,40.108,39.812,39.851,5773821,106.7957142857143,106.50619047619045,45.94739663750601,0.2614157154438743,40.05914285714285,39.508714285714284,53.166252009885646,0.28096553460066787
2014-12-31,106.81,107.09,104.34,104.49,43715939,39.965,40.031,39.375,39.414,6248100,106.60571428571428,106.29428571428573,45.97207300517674,0.08259912533948466,40.02928571428572,39.48871428571429,54.84507583030765,0.23438953171374521
2015-01-02,105.44,105.49,101.62,103.5,56196458,39.66,39.755,39.136,39.336,8912923,106.11714285714285,106.05571428571429,44.37532396986757,-0.13741500223905234,39.92028571428572,39.46452380952381,52.43264963127117,0.18900503336400476
2015-01-05,102.51,102.83,99.79,100.58,67880159,39.136,39.194,38.62,38.736,7548374,105.26714285714286,105.62,41.8991678616452,-0.5411592332223591,39.71071428571428,39.405047619047615,52.21221206587163,0.1034302265844218
2015-01-06,100.97,101.69,99.044,100.59,69460979,38.849,38.849,38.088,38.269,9175601,104.48857142857142,105.20333333333333,45.12901523792491,-0.850518283329265,39.43971428571428,39.32333333333333,49.90432439750081,-0.0020478154974128415
2015-01-07,101.49,102.42,100.99,102.01,42324520,38.459,38.688,38.316,38.592,6855869,103.64571428571428,104.87666666666667,52.52365926733276,-0.9699247381613958,39.19057142857143,39.259190476190476,58.2125122512462,-0.058897588461839234
2015-01-08,103.4,106.17,102.88,105.93,62679241,38.868,39.526,38.849,39.441,14910479,103.37285714285716,104.8547619047619,55.75698183338572,-0.7397169778371477,39.09128571428572,39.25495238095238,59.311544995095396,-0.03504031555976184
2015-01-09,106.66,107.19,104.34,106.04,56712884,39.554,39.651,39.031,39.316,9620778,103.30571428571429,104.7604761904762,48.281786902866855,-0.5421500205707162,39.01485714285714,39.2452380952381,46.87797887123649,-0.025920910117278595
2015-01-12,106.59,106.62,102.98,103.42,52421263,39.298,39.394,38.727,38.859,5905497,103.15285714285714,104.63809523809522,43.76947037316864,-0.590185595127565,38.93557142857143,39.24219047619048,41.71006931772122,-0.05493652226214607
2015-01-13,105.48,106.79,103.09,104.35,70853466,39.184,39.66,38.556,38.831,12253471,103.27428571428571,104.57523809523812,43.26872705051008,-0.5469065085823104,38.86342857142857,39.22966666666667,34.75961526763605,-0.0792771127202343
2015-01-14,103.21,104.59,102.7,103.95,51653023,38.516,38.783,38.26,38.61,9264876,103.75571428571429,104.57809523809523,43.24607326673063,-0.5386746714476374,38.84542857142857,39.23419047619048,31.377133402085633,-0.11507356264927893
2015-01-15,104.14,104.2,100.96,101.12,63283616,38.774,38.868,38.088,38.117,9786364,103.83142857142857,104.51523809523808,38.52611937782808,-0.751841469459535,38.82371428571428,39.22647619047619,28.354109360456945,-0.1811354699993899
2015-01-16,101.33,101.84,99.59,100.32,82925523,37.991,38.526,37.972,38.488,19746879,103.59,104.4804761904762,31.369661245008572,-0.9741021634066414,38.80885714285715,39.26090476190476,31.272800884106417,-0.20123371114264899
2015-01-20,102.1,102.96,100.8,102.9,86996261,38.793,38.897,38.326,38.812,12606511,103.15714285714286,104.44809523809525,39.20454543055667,-0.9313251895656833,38.719,39.276809523809526,36.91182275271538,-0.1888407808572552
2015-01-21,103.13,105.12,102.49,103.72,57995531,38.583,39.04,38.45,38.878,14603247,102.82571428571428,104.3090476190476,43.76396957475656,-0.8217839685841284,38.65642857142858,39.243476190476194,39.94626977490233,-0.17171423113670414
2015-01-22,104.4,106.46,103.88,106.39,80829941,38.985,39.544,38.658,39.516,9245470,103.25,104.33619047619047,54.12684618775953,-0.5136045621902099,38.75028571428572,39.23838095238095,51.01190462020499,-0.10544454994668229
2015-01-23,106.33,107.68,105.58,106.96,53300672,39.506,39.69,39.375,39.506,6797319,103.62285714285714,104.33809523809524,57.654867220921744,-0.22083033140079067,38.84671428571429,39.210142857142856,51.70957346662632,-0.05311993306052187
2015-01-26,107.67,108.26,106.79,107.06,58694780,39.46,39.564,39.223,39.345,10212085,104.06714285714284,104.36333333333332,66.38018195503929,0.019044981398906202,38.95171428571428,39.16928571428572,56.7174055164254,-0.024362812331361283
2015-01-27,106.41,106.47,103.2,103.31,100510975,38.592,38.698,38.039,38.211,11322046,104.38,104.23333333333333,55.78231289196631,-0.0923808559391972,38.96514285714285,39.076190476190476,49.442307559193786,-0.0920162042121433
2015-01-28,111.34,111.82,109.16,109.16,155781252,38.955,39.021,38.144,38.144,12716134,105.64285714285714,104.29285714285714,62.790697642967075,0.28803913880659593,38.916,38.971809523809526,45.469255534674446,-0.14931711005364434
2015-01-29,110.11,112.84,109.4,112.57,89138209,38.107,38.583,37.8,38.507,17644449,107.02428571428572,104.51809523809524,62.09912533274824,0.8548292869543559,38.872428571428564,38.894238095238094,39.524450302076616,-0.16355209770662782
2015-01-30,112.08,113.58,110.61,110.91,88431556,38.4,38.592,37.953,38.03,13645838,108.05142857142857,104.72761904761906,58.399448057344166,1.1567323456233538,38.751285714285714,38.80752380952381,36.63201652539537,-0.21089230629279854
2015-02-02,111.75,112.82,109.88,112.3,66181590,38.181,38.469,37.543,38.42,16391737,108.89571428571428,105.09952380952379,65.99423627795679,1.4909671369381243,38.59471428571429,38.76019047619048,45.37212721163615,-0.21446777106779535
2015-02-03,112.17,112.75,111.33,112.32,54824287,38.546,38.887,38.43,38.859,10369642,109.66142857142857,105.5195238095238,64.84171318779202,1.7374363650401392,38.50228571428572,38.73747619047619,50.27163354602193,-0.17980504095056915
2015-02-04,112.17,114.08,111.99,113.17,74030839,38.993,39.223,38.793,38.936,6178931,110.53428571428572,106.11904761904762,66.88644685214614,1.9785454598204666,38.44385714285715,38.747,53.25349286515991,-0.14445612087637727
2015-02-05,114.06,114.26,113.31,113.99,44438620,39.031,39.316,38.975,39.298,5342114,112.05999999999999,106.75714285714284,75.44483981588658,2.2103141755620896,38.59914285714286,38.796,62.102889758261895,-0.08623738154900451
2015-02-06,114.06,114.28,112.59,113.02,45964935,39.355,39.534,39.059,39.174,5025837,112.61142857142856,107.28142857142856,74.94108401220836,2.2893316688005427,38.74628571428571,38.82371428571429,57.405008462074676,-0.049533384850363404
2015-02-09,112.68,113.89,112.57,113.77,40895791,39.068,39.306,39.031,39.117,7518064,112.78285714285713,107.65476190476188,73.00042314760871,2.3849797712659893,38.83342857142857,38.80828571428572,53.49369971388046,-0.02475921780897039
2015-02-10,114.21,116.07,114.2,115.96,65164771,39.384,39.745,39.24,39.699,11798678,113.50428571428571,108.12714285714284,74.4799999582912,2.607439341331329,39.07185714285714,38.826523809523806,58.41016168454367,0.041360248879392714
2015-02-11,116.67,118.71,116.42,118.67,77332011,39.755,39.918,39.641,39.851,6557257,114.41428571428571,108.85333333333334,74.52076673149799,2.968198955014074,39.27628571428571,38.873761904761906,53.811148861579966,0.1048172641038505
2015-02-12,119.8,121.15,119.34,120.19,78330856,40.156,40.422,40.099,40.393,7102065,115.53857142857143,109.60761904761904,75.4520969197257,3.338273308127171,39.495428571428576,38.94814285714286,59.00142057519384,0.1965762673241116
2015-02-13,120.96,120.96,119.42,120.77,56927581,40.491,40.681,40.413,40.652,4528040,116.62428571428572,110.40857142857142,75.8972421207948,3.63644240748215,39.740571428571435,39.04538095238095,63.00497494884187,0.28688800754141397
2015-02-17,121.16,122.47,120.61,121.49,66393629,40.691,40.736,40.565,40.671,5602832,117.69571428571429,111.37857142857145,88.77986342820316,3.8860456345268375,39.93671428571429,39.167,81.45780021984417,0.35589135947757455
2015-02-18,121.3,122.37,121.12,122.31,47218044,40.671,40.746,40.555,40.708,3934144,119.02285714285713,112.42571428571429,85.71428564910377,4.102731403470386,40.155857142857144,39.27271428571429,83.0412368137687,0.4088496396614332
2015-02-19,122.1,122.61,121.97,122.07,39279445,40.681,40.89,40.604,40.852,3279094,120.20857142857143,113.33857142857141,81.16797892806089,4.20659938308745,40.40371428571429,39.36985714285714,82.02676832876949,0.45716909405435757
2015-02-20,122.22,123.07,121.71,123.07,51474822,40.852,41.118,40.642,41.062,7274402,121.2242857142857,114.26,91.70096013142565,4.319811055059944,40.59842857142856,39.47385714285714,94.66705912629958,0.5065684489883608
2015-02-23,123.59,126.4,123.23,126.4,74617465,41.081,41.118,40.881,41.09,4246009,122.32857142857142,115.21285714285716,92.67554471565023,4.62492206808615,40.77542857142857,39.548809523809524,94.0303425737384,0.541732405714562
2015-02-24,126.34,126.97,124.65,125.61,72791386,41.062,41.273,40.852,41.213,4884362,123.10285714285713,116.10095238095238,88.43261993996197,4.748243550450425,40.89257142857143,39.63009523809524,93.33578744230434,0.5729208914035908
2015-02-25,125.03,125.07,121.79,122.38,78560740,41.1,41.146,40.871,40.955,6155834,123.33285714285714,116.83047619047619,73.41128617042403,4.533088090189381,40.93585714285714,39.706761904761905,84.84639241013116,0.5702461050755758
2015-02-26,122.38,124.36,120.33,123.93,96020337,41.081,41.273,40.964,41.213,7930861,123.68142857142857,117.81238095238095,74.36274504700593,4.436506597504078,41.013285714285715,39.849714285714285,84.28213348372704,0.5822331402308336
2015-02-27,123.57,124.07,121.88,122.08,65231155,41.173,41.291,41.034,41.072,6353756,123.64857142857143,118.42761904761905,71.28759393806261,4.162700509531206,41.065285714285714,39.98914285714285,83.77224157551191,0.5737416932415869
2015-03-02,122.83,123.82,121.94,122.67,50608817,41.213,41.422,41.081,41.393,7180925,123.73428571428572,118.90857142857142,71.07007571046486,3.9478074148569533,41.14257142857143,40.12657142857143,87.0201687643844,0.5861573208911253
2015-03-03,122.55,123.09,121.74,122.94,39791443,41.348,41.356,40.936,41.118,9035537,123.71571428571428,119.48142857142855,68.17708328362083,3.7559930823930046,41.150571428571425,40.27361904761905,75.64148859451366,0.5672674870451431
2015-03-04,122.68,123.13,121.96,122.16,33320315,40.994,41.034,40.736,40.955,6171834,123.11,119.95095238095239,60.104226934484075,3.500685635791413,41.13128571428571,40.39433333333333,69.87041001505187,0.5330003239231331
2015-03-05,122.19,122.35,119.53,120.14,59469141,41.053,41.053,40.766,40.909,8083103,122.32857142857144,120.32333333333334,49.859313410352826,3.0996249794990973,41.087857142857146,40.491952380952384,61.30587166595866,0.49640923801359804
2015-03-06,122.02,122.95,119.99,120.32,76646735,40.89,40.945,40.336,40.403,8473708,122.03428571428572,120.66380952380953,48.70466317317989,2.7644392803584026,41.009,40.56180952380952,45.07710532578902,0.4217192506142382
2015-03-09,121.62,123.14,118.85,120.82,93152478,40.527,40.766,40.422,40.594,6556458,121.59,120.98904761904762,48.04664719109895,2.5102118604577583,40.92057142857143,40.62352380952381,48.574601747484515,0.3736320040692789
2015-03-10,120.14,120.9,117.66,118.32,72453061,40.356,40.375,39.764,39.764,9230365,121.05285714285712,121.24142857142859,39.40520443166899,2.0829942310716945,40.73371428571428,40.65161904761904,36.49112750118046,0.2654880701201563
2015-03-11,118.53,118.57,116.03,116.16,72539762,39.699,39.861,39.479,39.506,12086622,120.12285714285713,121.3552380952381,35.75903612045175,1.5522340458709607,40.46414285714286,40.67014285714286,31.34700653025007,0.1571532150874262
2015-03-12,116.23,118.69,115.58,116.79,50910842,39.422,39.793,39.355,39.394,12956172,119.24428571428572,121.3947619047619,34.592737954646864,1.1689634273134715,40.21785714285714,40.65561904761905,26.239316134658097,0.06155008689839292
2015-03-13,118.22,119.17,116.5,117.47,54534273,39.67,39.803,39.326,39.544,15934338,118.57428571428571,121.33761904761906,24.816694847860475,0.9096036728617207,40.01628571428572,40.641,28.716960241729723,-0.0020882623881561813
2015-03-16,117.73,118.74,116.77,118.74,37748111,39.735,40.041,39.632,40.012,9064074,118.3742857142857,121.26857142857142,31.136738032074987,0.7973462735292856,39.88814285714285,40.62285714285714,34.90067878083748,-0.014590236759232766
2015-03-17,119.67,121.0,119.42,120.73,53688174,39.918,40.136,39.851,40.021,10002450,118.43285714285715,121.26666666666667,45.13847963276734,0.8590551911630939,39.833571428571425,40.59280952380953,37.47317582493985,-0.023501011702279584
2015-03-18,120.69,122.74,120.1,122.09,68680174,39.975,40.708,39.812,40.565,16634867,118.61428571428571,121.29523809523809,44.517282441999875,1.006102859495428,39.82942857142857,40.587761904761905,41.92825097483915,0.013181441111029812
2015-03-19,122.35,122.83,121.07,121.17,48202149,40.509,40.652,40.422,40.452,9434430,119.02142857142859,121.24095238095238,47.12933749780375,1.0364552736077002,39.92771428571428,40.57557142857143,42.22277958075286,0.032756793701388176
2015-03-20,121.91,122.02,118.95,119.67,72283235,40.694,40.913,40.626,40.712,18770067,119.52285714285713,121.12666666666668,41.05011929745217,0.9287660792670778,40.1,40.56890476190476,41.32484061693056,0.06846105235536015
2015-03-23,120.8,121.51,120.24,120.89,39679274,40.704,40.904,40.704,40.712,3921436,120.10857142857142,121.02285714285715,44.21230939475031,0.9311319118575625,40.28828571428571,40.552238095238096,44.43835599393511,0.09565429144487325
2015-03-24,120.91,121.7,120.28,120.4,34557741,40.741,40.857,40.578,40.578,7436726,120.52714285714285,120.73714285714286,44.94833521071892,0.8832859754329405,40.436,40.527857142857144,44.79425555727166,0.10517999966093328
2015-03-25,120.26,120.52,117.27,117.27,54353186,40.531,40.608,39.534,39.534,8541061,120.31714285714285,120.34000000000002,42.25580137120446,0.5860472961779521,40.367714285714285,40.447904761904766,35.115825829915266,0.028162477611850534
2015-03-26,116.66,118.67,116.52,118.07,50057655,39.257,39.764,39.182,39.564,9406326,119.93714285714286,120.1347619047619,44.12532633849845,0.4103070512211531,40.30242857142857,40.38166666666667,39.87448695190862,-0.030106663339559248
2015-03-27,118.41,118.5,116.81,117.14,41611700,39.564,39.699,39.374,39.594,8264273,119.23,119.81142857142856,40.6026557421636,0.19375492709578168,40.163714285714285,40.304571428571435,37.44349559914396,-0.07302286592724982
2015-03-30,117.89,120.13,117.85,120.1,49559739,39.813,40.101,39.813,40.072,6901853,119.07714285714287,119.71714285714286,54.44111772643834,0.2580089047514633,40.10942857142857,40.256952380952384,54.24242403322479,-0.06768344783011315
2015-03-31,119.83,120.21,118.18,118.24,44289056,39.946,40.023,39.66,39.66,8321036,118.87285714285714,119.50619047619045,55.26849033567584,0.15703399944177932,39.95914285714286,40.17442857142857,52.0348835284121,-0.09559491857645952
2015-04-01,118.62,118.91,116.99,118.08,42743165,39.68,39.735,39.325,39.604,10895801,118.47142857142856,119.2747619047619,53.347171730832336,0.06336951238215249,39.80085714285714,40.10233333333334,52.816523406804905,-0.12084071567315391
2015-04-02,118.82,119.33,118.02,119.1,33903042,39.623,39.755,39.515,39.594,5714660,118.28571428571429,119.12904761904763,54.15604279662495,0.07063101668150296,39.66028571428571,40.03752380952381,50.69676680330141,-0.1400408049577635
2015-04-06,118.28,121.18,118.15,121.02,39136637,39.325,40.053,39.276,39.975,7674332,118.82142857142857,119.17095238095239,55.626850899369416,0.22867771074304244,39.723285714285716,39.99304761904762,49.47157935087059,-0.12309454095046135
2015-04-07,121.31,121.77,119.73,119.76,36819494,39.975,40.215,39.88,39.89,4894571,119.06285714285714,119.1442857142857,47.516641030966056,0.24938463388819798,39.76985714285714,39.96861904761905,48.16885639520158,-0.11519539346952001
2015-04-08,119.62,120.13,118.76,119.37,39279005,39.89,40.138,39.813,40.014,7526794,119.38142857142857,119.07523809523809,42.6724137609152,0.23165490548183243,39.82985714285714,39.940999999999995,41.273360602525614,-0.0978020967996116
2015-04-09,119.62,120.3,118.46,120.28,34132932,40.014,40.186,39.804,40.118,7604239,119.40714285714284,119.16857142857143,47.601078131190555,0.2877167432776133,39.83642857142858,39.957857142857144,44.69504427391031,-0.07476401995795356
2015-04-10,119.7,120.89,119.04,120.78,42287023,40.072,40.309,40.033,40.274,4509914,119.77,119.38857142857144,53.162393119984415,0.36824705216858433,39.924142857142854,39.99442857142857,42.80551885700483,-0.04341778858675838
2015-04-13,121.99,122.19,120.33,120.54,38264547,40.349,40.521,40.148,40.158,4061555,120.12142857142858,119.56714285714287,48.94387443058454,0.4079987522721211,40.00328571428572,40.03080952380952,41.234177032506814,-0.027617547044243906
2015-04-14,120.69,120.97,119.67,120.03,26857714,40.177,40.225,39.843,40.033,6113908,120.25428571428571,119.68904761904761,48.88487036260467,0.39380992754102806,40.065999999999995,40.054095238095236,41.351951577617484,-0.02489522051327242
2015-04-15,120.14,120.81,119.76,120.48,30457939,40.118,40.475,40.101,40.387,13118407,120.17714285714285,119.77190476190476,61.538461476524965,0.41410290044353815,40.124857142857145,40.07195238095238,67.33035313180619,0.005760678854450418
2015-04-16,120.01,120.78,119.85,119.91,29850770,40.245,40.359,40.128,40.245,9523399,120.19857142857144,119.73285714285716,56.72514614077838,0.3798127464447276,40.17557142857142,40.08261904761905,63.23357913514561,0.01838554954021987
2015-04-17,119.32,119.88,118.27,118.55,54670854,39.919,39.995,39.564,39.69,10615356,120.08142857142857,119.56428571428572,54.99645635932314,0.24012886229814967,40.12928571428571,40.04095238095238,51.549386468143446,-0.01620619621355246
2015-04-20,119.32,121.77,118.96,121.27,49502951,39.872,40.416,39.852,40.368,5063256,120.22285714285714,119.56904761904761,54.21773606639883,0.34493346745627207,40.165,40.036952380952386,54.48756799186597,0.01096216476241807
2015-04-21,121.75,121.84,120.38,120.6,34094920,40.608,40.616,40.301,40.349,5225854,120.19714285714285,119.61333333333332,59.305993625371926,0.3696671784211105,40.175714285714285,40.019666666666666,61.85886372942368,0.030607323193592606
2015-04-22,120.69,122.46,120.05,122.22,39585604,40.425,40.799,40.282,40.761,6368693,120.43714285714285,119.67666666666666,64.63932101096532,0.5140634798502788,40.26185714285714,40.022000000000006,67.73995677756531,0.07851612454914658
2015-04-23,121.94,123.94,121.78,123.24,48161636,40.665,41.087,40.569,40.922,6164584,120.89571428571428,119.81190476190474,64.63932101096532,0.7027037333363779,40.38885714285714,40.03838095238095,69.46072656141541,0.12800004441974977
2015-04-24,123.99,124.13,122.81,123.82,46851616,41.25,41.326,41.05,41.279,6508368,121.37285714285714,120.12380952380951,60.9374999333496,0.8887585902461552,40.51628571428571,40.12147619047619,69.24439168553077,0.19378943982355423
2015-04-27,125.74,126.53,124.63,126.06,102018381,41.43,41.565,41.308,41.39,9665770,122.25142857142858,120.50428571428571,72.85921618142021,1.203089220699738,40.679857142857145,40.20842857142858,71.9683652584776,0.25198011212199134
2015-04-28,127.78,127.86,123.14,124.06,125135690,41.509,41.679,41.106,41.527,9560483,123.03857142857143,120.8338095238095,65.23716693220788,1.2761050796511313,40.94228571428572,40.30047619047619,72.07470061014118,0.305628301391458
2015-04-29,123.72,125.06,121.94,122.24,66696822,41.25,41.574,41.068,41.326,8955774,123.17714285714285,120.93571428571428,56.01226989054158,1.1735835437338267,41.079142857142855,40.360190476190475,67.13961380818532,0.32814322687162445
2015-04-30,121.17,121.54,118.38,118.94,87540921,41.096,41.24,40.588,40.751,9040826,122.93999999999998,120.96904761904761,45.18324604017982,0.8166383683714429,41.13657142857143,40.412142857142854,56.04869368889627,0.2961746559302014
2015-05-01,119.84,123.69,119.08,122.54,61568872,41.0,41.27,40.886,41.25,11021710,122.98571428571428,121.1814285714286,54.452359716726036,0.814853534473599,41.20642857142857,40.49052380952381,62.62135902064277,0.30755911281733717
2015-05-04,123.07,124.07,121.9,122.3,53651452,41.279,41.499,41.27,41.288,8044220,122.85142857142857,121.3338095238095,55.11491659433938,0.7850237810268794,41.25871428571429,40.57119047619047,64.80301936606682,0.3160049509731593
2015-05-05,121.79,122.07,119.55,119.57,51844979,41.25,41.25,40.616,40.646,8468545,122.24428571428572,121.2647619047619,48.14058027486847,0.534928973841815,41.168285714285716,40.603142857142856,52.86061392974406,0.2678071894032428
2015-05-06,120.28,120.45,117.25,118.8,75857987,40.79,40.876,40.063,40.301,10317025,121.20714285714287,121.21904761904761,47.75030398587336,0.27146519073281183,41.01271428571429,40.62271428571429,50.59196602361791,0.19947210909173663
2015-05-07,119.07,120.33,118.35,119.55,45652779,40.368,40.741,40.282,40.598,5893423,120.56285714285714,121.22761904761906,52.07813795805927,0.12178313626584725,40.879999999999995,40.650523809523804,60.152057056769046,0.1673523497697076
2015-05-08,120.89,121.79,120.35,121.79,58208702,41.01,41.21,40.941,41.18,10259887,120.49857142857142,121.2995238095238,51.102629316563345,0.1818124880508094,40.85914285714286,40.701095238095235,59.277879152218816,0.1867074973120566
2015-05-11,121.58,121.74,119.89,120.54,44047350,41.152,41.2,40.932,40.97,6317763,120.72714285714287,121.28809523809522,49.875827785668,0.12705699457121966,40.89042857142857,40.7342380952381,56.79877363801561,0.18299192917785945
2015-05-12,119.86,121.08,119.12,120.12,50464764,40.751,40.932,40.396,40.751,7993885,120.38142857142857,121.26809523809523,45.42682924059342,0.04920517495533261,40.81914285714286,40.76247619047619,49.88568799762234,0.1605254079424867
2015-05-13,120.39,121.39,120.13,120.26,36354556,40.913,41.16,40.838,40.922,9724152,120.09,121.27904761904763,43.251811566778784,-0.0011824919796765698,40.76685714285714,40.804809523809524,49.99999984032847,0.15473510887839126
2015-05-14,121.6,123.07,121.36,123.07,47366643,41.26,41.602,41.21,41.583,7289188,120.59,121.40238095238097,48.45742490010679,0.18351301104250695,40.90071428571429,40.861761904761906,53.24232066011247,0.20116453144779456
2015-05-15,123.18,123.6,122.35,122.89,40021590,41.65,41.709,41.353,41.45,8848268,121.17428571428572,121.5442857142857,42.87640446740361,0.3117671742531485,41.06485714285714,40.91914285714285,50.63694252464605,0.22463869976915163
2015-05-18,122.51,124.75,122.49,124.23,53256393,41.39,41.728,41.336,41.65,3545602,121.84285714285716,121.81476190476191,50.39370075472386,0.5155928898825266,41.21514285714285,41.01247619047619,51.288497649688026,0.256424572958025
2015-05-19,124.72,124.9,123.74,124.11,46769197,41.699,41.746,41.499,41.546,4770281,122.17428571428572,121.94999999999999,54.70085466235235,0.6598370501063187,41.26742857142857,41.068571428571424,52.35243782443666,0.27010952120619436
2015-05-20,124.04,125.0,123.45,124.1,38199509,41.574,41.795,41.42,41.574,11505119,122.68285714285715,122.11666666666667,65.54216861942223,0.7645316252092158,41.35371428571428,41.12690476190477,59.966093281781276,0.27998679380853986
2015-05-21,124.11,125.61,123.89,125.41,41631624,41.517,41.804,41.46,41.756,3879744,123.43857142857142,122.26857142857142,60.02795242205506,0.942346102851559,41.49728571428572,41.174285714285716,56.63693578359995,0.299053183524812
2015-05-22,125.6,126.9,125.42,126.49,47777927,41.659,41.833,41.621,41.728,4146607,124.32857142857142,122.42333333333333,63.82838277930048,1.15707429926249,41.61242857142857,41.212666666666664,55.786427990265736,0.3083496064247342
2015-05-26,126.54,126.84,123.23,123.72,74044081,41.602,41.631,41.0,41.124,8280033,124.42142857142856,122.41857142857143,63.660302772136674,1.0911539483107902,41.54685714285715,41.205285714285715,56.34962784567092,0.26393683682866964
2015-05-27,124.37,126.22,124.09,126.01,48026583,41.279,41.927,41.25,41.9,13151907,124.86714285714285,122.41619047619047,71.57390777965084,1.2097502095502364,41.61114285714286,41.229571428571425,69.05840263007926,0.28803581407586876
2015-05-28,125.83,125.92,125.12,125.75,32191239,41.785,41.89,41.689,41.814,4874202,125.0842857142857,122.49666666666666,69.11220709201164,1.2681404403270022,41.63457142857143,41.2432380952381,65.2610439473759,0.29677392087551624
2015-05-29,125.25,125.47,123.95,124.31,53319512,41.814,41.833,41.4,41.509,8085597,125.11285714285715,122.5952380952381,58.1712061728666,1.1845642343506597,41.62928571428571,41.251952380952375,54.43755037439287,0.2759074926316458
2015-06-01,125.22,125.41,124.09,124.57,33649578,41.756,41.766,41.363,41.621,7247615,125.17999999999999,122.86333333333334,63.96396390190603,1.1263257341201864,41.636,41.29338095238096,59.01911864054659,0.26534937941913483
2015-06-02,123.92,124.68,123.43,124.0,35247319,41.479,41.728,41.26,41.537,5890794,124.97857142857141,122.93285714285713,63.30589843029612,1.022391573151907,41.60471428571429,41.307047619047616,61.31260769764643,0.247352574145296
2015-06-03,124.69,124.96,123.95,124.16,32466240,41.631,41.851,41.546,41.621,5911201,124.64571428571428,123.02142857142856,63.35616432280915,0.9420740217020978,41.58942857142857,41.32290476190476,60.318866003996526,0.2371345349803775
2015-06-04,123.68,124.61,123.03,123.47,40290158,41.42,41.631,41.142,41.24,8721826,124.61,123.20714285714286,51.60256404467663,0.8133685438231737,41.606,41.351190476190474,44.48020578605641,0.1960333984838698
2015-06-05,123.63,123.79,122.49,122.77,37331747,41.19,41.279,40.922,41.106,8074210,124.14714285714285,123.39619047619048,49.53846148511241,0.6474213056693259,41.492571428571424,41.389523809523816,44.465894265597626,0.15090819583294746
2015-06-08,123.02,123.32,121.03,121.97,55195489,41.096,41.106,40.569,40.646,8755470,123.60714285714286,123.51142857142857,40.93097908723643,0.44620997884601366,41.32571428571429,41.39180952380953,35.095011730602735,0.07713878411689024
2015-06-09,120.91,122.22,119.88,121.61,58732198,40.539,40.704,40.274,40.549,8052530,123.22142857142856,123.50285714285714,40.15748027069253,0.2547628141970222,41.18857142857143,41.361761904761906,35.16810458424476,0.0107252702753442
2015-06-10,122.09,123.45,122.0,123.0,40948345,40.722,41.27,40.646,41.18,9367179,122.99714285714286,123.62,46.09374995416816,0.2127485078287492,41.12557142857143,41.371761904761904,45.03027229303135,0.00890584751886081
2015-06-11,123.29,124.22,122.6,122.71,37084550,41.363,41.43,41.142,41.2,5898035,122.81285714285715,123.74333333333334,39.663093372489776,0.1542729286760789,41.07742857142858,41.393142857142855,42.688058759170794,0.008974324304872994
2015-06-12,122.32,122.46,121.31,121.37,38579953,41.0,41.068,40.799,40.838,6412222,122.41428571428571,123.79619047619046,30.78078074842861,-0.00019395446264525162,40.96557142857143,41.38914285714285,39.24081224628353,-0.01995179017109905
2015-06-15,120.34,121.43,119.97,121.12,46094023,40.569,40.646,40.282,40.588,9591059,122.07857142857144,123.70333333333333,37.962962913751724,-0.14115582638656576,40.872428571428564,41.3417619047619,42.91380206219111,-0.06233034948792948
2015-06-16,121.22,122.0,120.59,121.78,33001274,40.569,40.904,40.503,40.857,9585000,121.93714285714286,123.65047619047618,26.935659718964004,-0.19733785337669474,40.83685714285714,41.313523809523815,34.076335732192845,-0.07336391761948136
2015-06-17,121.89,122.03,120.95,121.49,34493316,40.886,41.04,40.636,40.876,11518550,121.86857142857143,123.52000000000001,26.847826046101048,-0.2622401496979876,40.86971428571428,41.276666666666664,35.38029909746754,-0.07965672549897107
2015-06-18,121.43,122.44,121.42,122.03,37101639,40.857,41.308,40.847,41.24,9365365,121.92857142857143,123.42095238095239,36.265060179793835,-0.26702411234631995,40.96842857142857,41.26209523809524,45.8830729591788,-0.05464218209402105
2015-06-19,121.92,121.98,120.62,120.81,57335314,41.154,41.253,40.896,40.896,13974917,121.61571428571428,123.2642857142857,29.697624145165605,-0.36505115872498095,40.92785714285714,41.22980952380952,39.63989695485611,-0.06186278561329317
2015-06-22,121.68,122.2,121.28,121.78,35668278,41.243,41.356,41.135,41.233,5656519,121.48285714285714,123.09142857142858,38.509316714375736,-0.36031393114443233,40.93257142857143,41.204904761904764,45.94882712066001,-0.03993177371969381
2015-06-23,121.67,121.78,121.08,121.23,31717403,41.319,41.329,41.163,41.263,4153877,121.46285714285715,122.8409523809524,35.42288552279402,-0.39637093026344417,40.99328571428571,41.18276190476191,45.15954552941217,-0.019901131652403592
2015-06-24,121.41,123.87,121.32,122.25,57926303,41.193,41.404,41.07,41.07,5041552,121.62428571428572,122.77095238095238,44.12331400599939,-0.3387361468921313,41.06214285714286,41.180190476190475,47.578347388576375,-0.019376826538120895
2015-06-25,122.98,123.31,121.69,121.69,33466523,41.282,41.319,40.962,40.972,5111349,121.61142857142856,122.56523809523812,44.72656243885041,-0.3343928135169847,41.07857142857143,41.136,48.07138725590114,-0.02656289145954105
2015-06-26,121.84,122.14,120.73,120.96,46175652,40.953,40.992,40.511,40.626,10583232,121.53571428571429,122.33714285714288,45.034414883925066,-0.38541279091803915,41.042857142857144,41.07942857142857,49.70238074528765,-0.05949142789131656
2015-06-29,119.73,120.69,118.79,118.84,51514057,40.193,40.434,39.751,39.761,13634356,121.08,122.07666666666665,38.39061185771429,-0.5901103482445791,40.83157142857142,40.99619047619048,40.45542621938571,-0.15361502278354777
2015-06-30,119.83,120.36,119.16,119.7,46494077,40.06,40.079,39.696,39.8,11840576,120.92142857142858,121.84476190476191,35.52631574584487,-0.6751570344890894,40.675000000000004,40.909476190476184,30.486425218662276,-0.22249687037393784
2015-07-01,121.1,121.14,120.24,120.81,31685901,40.156,40.243,39.897,40.069,8477030,120.78285714285714,121.69285714285715,42.22585919875927,-0.6455479478203756,40.508714285714284,40.83957142857143,35.05944504865725,-0.25246986355303136
2015-07-02,120.65,120.9,120.03,120.66,28513099,40.184,40.262,39.973,40.126,5368070,120.70142857142856,121.52619047619048,46.78150492702253,-0.6269590856403795,40.34628571428572,40.76838095238095,39.770114782533945,-0.268528819877929
2015-07-06,119.23,120.46,119.15,120.25,29403250,39.839,40.146,39.741,39.963,7810884,120.41571428571429,121.37285714285714,46.112600478500745,-0.6379568821017472,40.18814285714286,40.70757142857143,40.78986131121185,-0.29105331477774854
2015-07-07,120.15,120.39,118.11,119.95,49193474,40.04,40.079,39.271,40.02,20450284,120.16714285714286,121.23857142857143,41.551246483682604,-0.6632348493338469,40.05214285714286,40.65585714285714,36.84375966180051,-0.3008368556277148
2015-07-08,118.79,118.95,116.94,116.97,63669393,39.696,39.78,39.348,39.368,16809679,119.59714285714286,121.0004761904762,33.28402363417335,-0.9132020903352469,39.87242857142858,40.595,30.23072878258256,-0.3570850787366311
2015-07-09,118.19,118.38,113.77,114.59,82356224,39.819,39.925,39.214,39.214,9355376,118.99,120.6661904761905,25.781249976501456,-1.2884960587513348,39.794285714285714,40.53142857142857,21.892341757354828,-0.40936975406428644
2015-07-10,116.37,118.19,115.67,117.65,64290561,39.713,39.973,39.618,39.839,7019600,118.69714285714285,120.41142857142856,40.813953455151434,-1.323743514818048,39.79985714285714,40.46757142857143,36.39639626523815,-0.3958107987903503
2015-07-13,119.32,120.01,118.63,119.92,43423667,40.089,40.474,40.079,40.444,7355794,118.57000000000001,120.27857142857142,44.97297293893937,-1.1551910258125702,39.85342857142857,40.43157142857143,40.50084262773621,-0.33241491304820414
2015-07-14,120.29,120.59,119.33,119.87,33279159,40.454,40.704,40.434,40.598,6372649,118.45714285714287,120.20714285714287,46.2222221862716,-1.0139582663260711,39.920857142857145,40.420142857142864,42.22585910891699,-0.26667266737503326
2015-07-15,119.98,121.35,119.84,121.02,35239317,40.578,40.732,40.493,40.608,6801348,118.56714285714285,120.20238095238095,46.60783228612742,-0.8000128477389268,40.013,40.42109523809523,44.35759633097056,-0.21132848438465146
2015-07-16,121.94,122.69,121.54,122.63,37955852,40.923,41.144,40.848,41.126,5415920,118.95,120.24285714285713,52.450469200505395,-0.4948417893274666,40.171,40.43390476190476,51.70580400445693,-0.12423741811715416
2015-07-17,123.19,123.72,122.44,123.72,48373947,41.483,41.761,41.424,41.761,8087577,119.91428571428573,120.34904761904761,57.062435987775146,-0.16315686562244025,40.51285714285715,40.47604761904762,61.81553177900955,-0.003932595051537646
2015-07-20,124.99,126.9,124.73,126.03,61718915,41.906,42.117,41.761,41.982,9683666,121.54857142857144,120.5395238095238,68.22098322579353,0.2828430816179264,40.90828571428572,40.511380952380954,76.70112982115509,0.10799776598336308
2015-07-21,126.78,126.85,124.35,124.78,80429635,41.771,41.925,41.664,41.704,6215420,122.56714285714285,120.72857142857144,62.62425442958551,0.5293348570157406,41.17471428571429,40.54985714285714,71.64620259139456,0.17228511134138103
2015-07-22,116.42,119.77,116.42,119.51,120975577,40.886,41.233,40.858,41.032,8936592,122.50857142857141,120.62047619047618,47.322899478479385,0.2960240274041581,41.258714285714284,40.540285714285716,60.02916041649478,0.16708248891428923
2015-07-23,120.43,121.29,119.35,119.45,53440014,41.144,41.31,40.848,40.943,6576790,122.44857142857143,120.53571428571429,47.49896648759879,0.10507082440472004,41.30799999999999,40.52504761904762,58.45230688633719,0.1540025711846411
2015-07-24,119.61,120.0,118.23,118.81,44180009,41.144,41.203,40.694,40.722,10137817,122.13285714285713,120.37190476190476,47.05159702462235,-0.09678790528892023,41.324285714285715,40.50847619047619,57.759149292858694,0.12437012770773492
2015-07-27,117.48,117.97,116.55,117.17,46582952,40.395,40.656,40.3,40.358,9001396,121.35285714285715,120.15666666666667,44.60403724283942,-0.3846625464416036,41.21457142857143,40.4792380952381,53.25125033753023,0.07069946540864436
2015-07-28,117.75,118.24,116.95,117.75,35226815,40.531,40.8,40.253,40.722,8204600,120.5,120.00380952380952,51.669520516978885,-0.5595539314308411,41.06614285714286,40.48380952380952,63.78818719082794,0.05688114633775143
2015-07-29,117.54,117.87,116.68,117.39,38782874,40.722,41.08,40.578,40.992,8713050,119.26571428571428,119.93476190476191,56.560449822312734,-0.7189183620471198,40.92471428571429,40.54242857142857,67.68802209557651,0.06694507132394278
2015-07-30,116.73,116.97,116.14,116.78,35237502,40.819,41.135,40.626,41.07,7081908,118.12285714285714,119.79571428571428,47.69719424733928,-0.8842447009966605,40.83414285714286,40.60290476190477,63.741906476359304,0.08028922826384388
2015-07-31,117.0,117.04,115.4,115.76,44937189,41.116,41.183,40.858,40.933,11350590,117.58714285714287,119.55523809523808,38.20861674972105,-1.0850645426124288,40.82,40.64404761904762,56.095736528212306,0.078900300188117
2015-08-03,115.95,116.97,112.15,113.02,73291498,40.914,40.982,40.464,40.712,9568084,116.66857142857143,119.19142857142857,33.15297587485773,-1.4486121160423266,40.787,40.67195238095238,51.39774381570177,0.059283330326067585
2015-08-04,112.06,112.33,108.07,109.41,130079349,40.675,40.712,40.328,40.474,7679506,115.32571428571428,118.67523809523811,24.528301871724608,-2.0049116437604084,40.751571428571424,40.696285714285715,48.44403142633153,0.02425256100023887
2015-08-05,107.8,112.08,106.98,110.13,104065281,40.732,41.154,40.646,40.867,10810518,114.32000000000001,118.20761904761905,21.461187200892397,-2.3604749587103555,40.824285714285715,40.73661904761905,46.90265471020398,0.027880846445810903
2015-08-06,111.17,111.68,109.4,110.37,55158515,40.867,41.032,40.318,40.464,6753096,113.26571428571427,117.89333333333335,18.289786211113707,-2.593004906791265,40.78742857142857,40.78880952380952,33.57812092426087,-0.0017423583640194806
2015-08-07,109.84,111.44,109.76,110.74,40338410,40.367,40.549,40.213,40.493,8230604,112.31571428571428,117.71,9.994767130302094,-2.7161209070621624,40.716142857142856,40.849714285714285,30.18365706080094,-0.022618175712302957
2015-08-10,111.71,115.04,111.71,114.78,57321780,40.675,41.173,40.675,41.126,5796010,112.03,117.57333333333335,27.16894975432122,-2.4593471647437752,40.72414285714285,40.911,42.971789736963736,0.011779610418955144
2015-08-11,112.93,113.28,108.64,108.8,101212493,41.012,41.07,40.395,40.511,28443874,111.03571428571429,117.04380952380953,26.3157894573896,-2.7071814445257445,40.66385714285714,40.91419047619048,43.57583215534862,-0.010464626776425234
2015-08-12,107.88,110.64,105.09,110.47,106071713,40.213,40.771,39.839,40.694,10439060,110.67142857142858,116.59619047619047,31.461601963647297,-2.737283157237812,40.66128571428572,40.9187619047619,46.99927677561108,-0.01317490233660834
2015-08-13,111.24,111.58,109.8,110.38,50629240,40.722,40.848,40.493,40.578,6910899,110.80999999999999,116.0895238095238,32.192648903646074,-2.7368524973143593,40.67614285714286,40.91733333333333,48.21958440280066,-0.02440175752094831
2015-08-14,109.59,111.49,109.31,111.16,44781223,40.474,40.819,40.444,40.781,6192327,110.95714285714284,115.54333333333335,36.825953506551365,-2.6431036612225967,40.66385714285714,40.90090476190476,55.44681926957111,-0.016725911781946934
2015-08-17,111.24,112.79,110.72,112.32,42648223,40.626,41.012,40.493,41.012,5816398,111.23571428571427,115.00047619047618,38.39247539386511,-2.4469972664359148,40.74214285714286,40.86523809523809,53.86666646556444,0.00790588658088609
2015-08-18,111.61,112.6,111.21,111.68,36051444,40.914,40.972,40.752,40.8,4880424,111.37,114.31714285714287,37.938318524244345,-2.3165207774556364,40.786,40.80895238095238,47.399783135537106,0.01020252761636442
2015-08-19,111.3,111.7,109.93,110.25,50369291,40.675,40.877,40.3,40.531,9598577,110.72285714285714,113.6252380952381,36.66802774547356,-2.301970584921733,40.701,40.75309523809524,43.05948992973655,-0.009573067328673801
2015-08-20,109.37,109.62,107.01,107.98,71456351,40.099,40.272,39.539,39.539,14278658,110.60571428571428,113.07619047619049,34.887334868359645,-2.445420199490073,40.56214285714286,40.682,35.28915143646093,-0.10409157542147085
2015-08-21,105.87,107.27,101.28,101.4,133808438,39.118,39.417,38.031,38.031,24617860,109.30999999999999,112.21666666666665,30.358350222278006,-3.054841747092155,40.181714285714285,40.54333333333333,27.751037279914556,-0.2972546051190008
2015-08-24,90.948,104.32,88.196,98.855,169159067,35.579,38.079,30.109,36.665,37555294,107.66357142857143,111.26642857142856,31.49219707378957,-3.7005157032238003,39.62271428571428,40.35014285714286,23.374807727212726,-0.5541743052510313
2015-08-25,106.51,106.51,99.213,99.452,108070357,37.944,38.012,36.204,36.243,19353390,105.991,110.42271428571428,31.195407141563265,-4.116590561124966,38.97442857142857,40.15419047619047,17.808409878958813,-0.7828131095681385
2015-08-26,102.64,105.34,100.7,105.15,100948881,36.963,38.128,36.646,38.07,35770808,104.96671428571427,109.82271428571428,42.28951253790094,-3.941121112915056,38.55414285714285,40.027904761904765,36.09109917438119,-0.8072815390522834
2015-08-27,107.59,108.55,105.47,108.25,88265831,38.588,38.964,38.089,38.954,20913798,104.47671428571428,109.38747619047619,46.59650080228675,-3.5114385410934403,38.29042857142857,39.93085714285714,41.86661023294232,-0.7467336528754416
2015-08-28,107.54,108.62,106.93,108.6,55457595,38.781,39.099,38.695,39.031,14392351,104.241,108.99795238095237,40.605047109502244,-3.106856029938683,38.07614285714286,39.83376190476191,38.23694547610137,-0.6846436149548367
2015-08-31,107.4,109.79,107.37,108.09,58654593,38.714,39.099,38.579,38.675,11494451,104.2567142857143,108.6327142857143,48.705324555730336,-2.795153423991934,37.952714285714286,39.726238095238095,39.38237328806921,-0.6565942278095704
2015-09-01,105.6,107.25,102.91,103.26,80160471,37.859,38.184,37.253,37.436,22144878,104.52242857142858,108.16795238095239,38.211249164978504,-2.904387525612094,37.867714285714285,39.570238095238096,33.209647447440176,-0.7259732637748542
2015-09-02,105.68,107.7,104.6,107.7,64558315,37.992,38.377,37.628,38.339,13195079,105.78599999999999,108.08652380952381,46.16375606509326,-2.6026833314328712,38.106857142857145,39.46857142857143,39.326913857319376,-0.7000226707131887
2015-09-03,107.84,108.11,105.49,105.81,55530094,38.551,38.867,38.253,38.368,11474581,106.69428571428571,107.88080952380953,42.57769143740045,-2.4874144233843793,38.41042857142857,39.34957142857143,38.30344153793039,-0.6694001528362321
2015-09-04,104.47,105.89,104.03,104.74,52152843,37.859,38.05,37.599,37.781,14334412,106.63571428571429,107.61271428571429,39.457579956817625,-2.454113547581329,38.369142857142855,39.221809523809526,34.8608377389137,-0.6846058707065765
2015-09-08,107.03,107.91,105.76,107.67,57209226,38.502,38.867,38.405,38.839,9834702,106.55285714285715,107.4665238095238,44.75679914679405,-2.166323818133563,38.352714285714285,39.14304761904762,41.486498169591826,-0.6043185457251496
2015-09-09,109.07,109.32,105.23,105.6,88677659,39.089,39.28,38.253,38.329,10040247,106.12428571428572,107.02938095238093,44.02006171254421,-2.0812882885875013,38.252428571428574,39.00985714285714,40.63616256430463,-0.5752123105320024
2015-09-10,105.72,108.59,105.35,107.92,65588130,38.272,38.935,38.253,38.714,14588244,106.1,106.9874761904762,49.92293858980423,-1.8058754003267694,38.257999999999996,38.924285714285716,46.30078014095498,-0.5151409033518206
2015-09-11,107.16,109.49,107.13,109.49,52068455,38.445,38.896,38.435,38.896,7135480,106.99,106.9408095238095,61.92511789896957,-1.4442741300333068,38.466571428571434,38.83866666666667,54.40203554589024,-0.4476873404231725
2015-09-14,111.76,112.06,110.11,110.54,60880851,39.059,39.099,38.704,38.8,7744623,107.3957142857143,106.9484285714286,68.01850421118708,-1.0607486432787852,38.532428571428575,38.754,62.47808289015859,-0.3973953769842211
2015-09-15,111.15,111.71,109.69,111.47,45210576,38.925,39.407,38.82,39.3,9159921,108.2042857142857,106.96319047619048,68.34361069183679,-0.673989374245707,38.665571428571425,38.68347619047619,67.70531669780206,-0.31357807939548366
2015-09-16,111.44,111.72,110.66,111.59,38776840,39.251,39.502,39.205,39.464,8028390,109.18285714285715,106.92842857142858,61.84694625217597,-0.3537194127611514,38.906,38.6097619047619,59.99999987948348,-0.23125309604937172
2015-09-17,110.88,111.67,109.03,109.22,66878079,39.3,39.8,39.059,39.195,17457353,109.40428571428572,106.8112857142857,51.833648365759124,-0.28782449236429386,38.95685714285714,38.53333333333334,51.89614465357261,-0.18557679176339548
2015-09-18,107.57,109.57,107.24,108.76,77489421,38.734,39.092,38.599,38.676,11849399,109.85571428571428,106.74033333333334,50.301204792762945,-0.26961252347940956,39.00642857142857,38.44499999999999,47.388553676116,-0.1890773876446019
2015-09-21,108.98,110.59,108.97,110.44,52388174,38.753,39.188,38.715,39.072,7207757,110.21571428571428,106.85747619047618,54.237288108210514,-0.11825428548152672,39.05757142857143,38.4227619047619,52.90332006133593,-0.1580755480911904
2015-09-22,108.69,109.46,107.87,108.71,52517731,38.445,38.599,38.174,38.415,12724712,110.10428571428572,107.20557142857143,61.06374336764543,-0.13632684220134195,38.988857142857135,38.44104761904762,57.825739279047085,-0.18439518322066561
2015-09-23,108.94,109.97,108.61,109.59,37299049,38.551,38.656,38.299,38.512,5879909,109.96857142857142,107.71676190476191,54.48504979768435,-0.07873324029006312,38.94771428571429,38.528999999999996,51.5874471054828,-0.19517671862728037
2015-09-24,108.56,110.72,107.73,110.24,52307402,38.077,38.618,37.876,38.512,11419919,109.79285714285716,108.2304761904762,61.16994448530611,0.01913904884600015,38.835142857142856,38.63704761904762,51.32841315155021,-0.20139955441734259
2015-09-25,111.62,111.86,109.32,109.96,58573958,38.869,38.917,38.271,38.445,11213573,109.55999999999999,108.45952380952379,63.707983146433186,0.0732653261025149,38.689571428571426,38.65490476190476,56.7755100418659,-0.20932457329083576
2015-09-28,109.15,109.83,107.8,107.8,54334671,38.28,38.338,37.546,37.565,13030339,109.35714285714286,108.43809523809523,50.35577445511871,-0.05747067121619409,38.456714285714284,38.58876190476191,36.509953301325865,-0.2833475986385494
2015-09-29,108.16,108.82,103.4,104.55,76529838,37.663,37.913,37.131,37.403,13568871,108.75571428571428,108.2452380952381,47.3007711741794,-0.4185034819791156,38.27485714285715,38.51123809523809,39.4147232391847,-0.35103689087805634
2015-09-30,105.62,106.93,104.25,105.74,69340249,37.856,38.203,37.748,38.145,12909656,108.0842857142857,108.13333333333333,44.05021830694851,-0.6016659008733711,38.142428571428574,38.486000000000004,43.98647207444298,-0.3408785085485775
2015-10-01,104.56,105.08,102.86,105.04,66686622,38.145,38.28,37.653,38.164,13998198,107.55999999999999,108.21809523809523,37.24928363773699,-0.7941530848973741,38.10657142857143,38.52066666666666,41.98774067692027,-0.3275193371104024
2015-10-02,103.55,106.41,103.1,105.82,60522325,37.719,38.705,37.585,38.705,15446895,107.02142857142857,108.12857142857145,36.26309659443047,-0.8736897323817345,38.134142857142855,38.53809523809524,49.052463457663194,-0.27016364054647113
2015-10-05,105.33,106.77,104.56,106.2,54302250,38.947,39.564,38.869,39.468,8873240,106.4442857142857,108.14714285714284,34.15514128213036,-0.8957348011243909,38.270714285714284,38.59047619047619,51.59211510191636,-0.1612819564516883
2015-10-06,106.06,107.11,105.22,106.71,50964296,39.333,39.604,39.323,39.515,10207978,105.98,108.24095238095238,35.66392476502374,-0.8621150139441482,38.423571428571435,38.67304761904762,50.49428170053889,-0.07038853493638442
2015-10-07,107.11,107.14,104.87,106.2,48782741,39.727,39.865,39.228,39.701,15759543,105.75142857142858,108.17095238095239,40.039577799435726,-0.8666338130029914,38.72871428571428,38.71409523809524,54.984239407056855,0.01646401508200057
2015-10-08,105.64,105.64,103.74,104.96,64652927,39.544,39.96,39.352,39.884,15920855,105.80999999999999,108.14047619047618,38.08030109578888,-0.9592153927442268,39.08314285714285,38.78814285714286,62.742615848439485,0.0989215512493189
2015-10-09,105.45,107.64,104.95,107.49,55008109,39.998,40.087,39.835,40.057,11780625,106.05999999999999,108.12,41.2150088995229,-0.8189962270971165,39.35628571428572,38.85209523809524,60.90325418360733,0.17619829267670895
2015-10-12,108.06,108.08,106.84,106.99,31773458,40.144,40.164,39.932,40.107,6568717,106.33857142857143,108.00095238095238,44.47300767206798,-0.739690655982173,39.633857142857146,38.90976190476191,71.6368283880011,0.23872339444829294
2015-10-13,106.24,107.81,106.11,107.16,34474745,39.894,40.26,39.884,40.018,9269794,106.52999999999999,107.83999999999999,41.81818177875722,-0.6555658848125461,39.82142857142857,38.96776190476191,69.29779575341641,0.27789008792235137
2015-10-14,106.69,106.91,105.02,105.66,46380294,39.904,40.182,39.835,39.942,13209130,106.45285714285716,107.56333333333333,35.41401270727411,-0.7018434471746531,39.88914285714286,38.99833333333333,67.97385596992609,0.2993467271066166
2015-10-15,106.35,107.47,105.93,107.23,39298405,40.107,40.473,40.087,40.453,8720966,106.52714285714286,107.35571428571427,41.96586223734422,-0.6048604154392763,40.023142857142865,39.04542857142857,72.70465829537196,0.35350965835232984
2015-10-16,107.15,107.37,105.97,106.44,40924861,40.559,40.559,40.289,40.531,7752132,106.56142857142856,107.22333333333333,45.6466068733001,-0.5850035054991451,40.141714285714286,39.109047619047615,90.96685047692382,0.3981386254724484
2015-10-19,106.22,107.12,105.56,107.1,31042788,40.443,40.685,40.327,40.685,7343990,106.86714285714287,107.1442857142857,59.78511121742198,-0.5101298181614595,40.256142857142855,39.20471428571429,95.4318933178166,0.44085204842441783
2015-10-20,106.74,109.45,106.24,109.08,51079941,40.521,40.694,40.414,40.578,6139510,107.0942857142857,107.0795238095238,62.08393626127533,-0.287705934142906,40.33057142857143,39.276428571428575,90.86328475912467,0.4607574134332353
2015-10-21,109.3,110.8,109.01,109.07,44152631,40.665,40.772,40.221,40.27,9751623,107.39142857142858,107.09666666666668,65.34653458378887,-0.11096122804126196,40.353857142857144,39.364761904761906,82.241273376798,0.4465321875748103
2015-10-22,109.6,110.72,109.39,110.72,43450707,40.559,41.266,40.559,41.176,14741704,107.9,107.15047619047618,67.49999993249999,0.16040241609012185,40.519285714285715,39.491619047619054,84.02643867354173,0.5025718859754775
2015-10-23,111.87,114.3,111.51,114.16,61927636,42.201,42.491,42.067,42.327,17284637,109.11428571428571,107.33714285714285,73.32942549668155,0.6455972664370364,40.86,39.67328571428571,85.56854909232156,0.6325679814634526
2015-10-26,113.19,113.24,110.17,110.51,69194942,42.289,42.289,42.008,42.162,8582517,109.58285714285714,107.36333333333334,59.405940552886996,0.7272103569773662,41.104142857142854,39.85028571428571,81.99178120669934,0.714045629136784
2015-10-27,110.62,111.72,109.29,109.81,72898797,42.067,42.181,41.872,41.921,7951676,110.06428571428572,107.45904761904761,58.8523785765604,0.7270244836744553,41.30271428571429,40.05771428571428,76.47900737817129,0.7505190496314285
2015-10-28,112.1,114.37,111.26,114.34,89241471,42.114,42.549,41.988,42.549,15304510,111.09857142857142,107.92523809523809,69.80574320197296,1.0799611985092241,41.569,40.3027619047619,78.73625164927596,0.8206390337838485
2015-10-29,113.79,115.7,113.37,115.54,53436940,42.299,42.491,42.172,42.432,7879294,112.02142857142859,108.39190476190477,68.00894850326063,1.439897813282812,41.83385714285714,40.506904761904764,75.92228747808082,0.8568909981906359
2015-10-30,115.97,116.2,114.51,114.56,51494522,42.501,42.51,42.142,42.152,9671266,112.80571428571429,108.8452380952381,66.57906259605313,1.6273137044782686,42.102714285714285,40.69680952380953,71.25337746881168,0.8531922124900788
2015-11-02,114.92,116.34,114.67,116.16,33585292,42.23,42.549,42.122,42.529,14231483,113.58285714285714,109.33761904761903,68.54905189778702,1.8832399587826387,42.296,40.878904761904764,74.62247479021093,0.87064538936297
2015-11-03,115.8,118.38,115.71,117.51,47482394,42.394,42.905,42.318,42.752,7123410,114.06142857142858,109.87619047619049,74.5748651578578,2.1699828650463644,42.35671428571429,41.03528571428571,76.78231012677239,0.8921868197977076
2015-11-04,118.04,118.69,116.59,116.95,46788462,42.848,42.915,42.694,42.801,7557879,114.98142857142857,110.36380952380952,71.0389609959071,2.325237474055882,42.448,41.191761904761904,74.5401335611284,0.9028054696278005
2015-11-05,117.32,118.12,115.7,116.42,41082805,42.838,43.051,42.587,42.674,6967724,115.92571428571429,110.85047619047617,71.84763568275538,2.378098065455873,42.55557142857143,41.333333333333336,72.17049430780325,0.8907054890715784
2015-11-06,116.6,117.28,116.12,116.56,34320534,42.625,42.838,42.472,42.82,7112903,116.24285714285715,111.40285714285714,71.1917562277471,2.4035803172313024,42.59428571428572,41.47314285714286,72.12435212233349,0.8827216810680198
2015-11-09,116.46,117.28,115.57,116.07,35181795,42.694,42.694,42.201,42.404,10506655,116.31857142857143,111.81142857142856,66.77868454465184,2.3570654966310656,42.59028571428571,41.58490476190476,67.78340456778973,0.8332218693151674
2015-11-10,112.56,113.67,111.74,112.43,61415434,42.162,42.172,41.949,42.122,17886793,116.01428571428572,112.07047619047619,56.86835646785951,2.0033907454869393,42.586,41.68085714285714,68.1284258117075,0.7624488331063546
2015-11-11,112.04,113.03,110.92,111.79,46967285,42.22,42.432,42.038,42.104,8492428,115.39,112.29095238095236,52.2814498621774,1.6524103479183196,42.525285714285715,41.78019047619048,60.99526046115314,0.6968751000868423
2015-11-12,111.93,112.48,111.34,111.41,33783843,41.902,42.104,41.728,41.736,8319287,114.51857142857145,112.56476190476191,43.25649825377191,1.3282814284794426,42.38014285714286,41.86561904761905,41.40238563292597,0.6082019462956296
2015-11-13,110.91,111.26,108.08,108.15,47584787,41.593,41.65,40.906,40.915,15579339,113.26142857142858,112.60857142857144,44.09999996913001,0.799140179021876,42.11071428571428,41.88761904761905,34.76667469173384,0.46630472385185584
2015-11-16,107.23,109.98,106.87,109.92,39580968,40.849,41.554,40.83,41.544,9401720,112.33285714285715,112.7742857142857,50.26103461302067,0.5166603946431962,41.949285714285715,41.935857142857145,45.79334955565566,0.39999431055429113
2015-11-17,110.63,110.76,109.11,109.46,28685340,41.631,41.872,41.467,41.554,9728219,111.31857142857143,112.88666666666666,35.64705879417299,0.2527612998206479,41.76842857142857,41.97723809523809,37.12140809741147,0.344281088619681
2015-11-18,111.45,113.1,111.19,112.91,48480343,41.746,42.22,41.699,42.181,10527954,110.86714285714287,113.06904761904764,43.168831137435646,0.31833595430644834,41.73657142857143,42.05357142857143,47.130116473857335,0.3467247912222575
2015-11-19,113.25,115.29,112.42,114.36,44970842,42.22,42.578,42.21,42.374,9700157,111.14285714285714,113.32095238095238,49.492900573382315,0.4817538636123544,41.77257142857143,42.15376190476191,52.58982717306169,0.3600841047573553
2015-11-20,114.77,115.45,114.42,114.86,35613492,42.549,42.694,42.501,42.684,7547098,111.58142857142857,113.51809523809524,46.509129932807326,0.6441838055060174,41.85542857142857,42.22557142857143,51.83692801002198,0.3911766255639719
2015-11-23,114.83,115.27,112.95,113.35,33739180,42.713,42.732,42.279,42.432,7483724,111.85857142857142,113.4795238095238,38.92438761741524,0.6436467650465687,41.954857142857136,42.23057142857143,46.2335215048801,0.39097644527782904
2015-11-24,112.95,114.91,112.77,114.45,44451376,42.114,42.578,42.018,42.442,11704929,112.75857142857141,113.66714285714286,43.530020672390265,0.7236402887316586,42.173,42.243904761904766,45.73532890465794,0.3871617576430708
2015-11-25,114.78,114.79,113.52,113.63,22215769,42.452,42.462,42.299,42.309,6810116,113.28857142857143,113.84904761904761,42.886282478306576,0.7126535589837033,42.28228571428571,42.26238095238095,45.670225233835524,0.36915125584782515
2015-11-27,113.89,114.01,113.21,113.41,13551137,42.354,42.482,42.289,42.404,3935712,113.85285714285715,113.8047619047619,42.00101571416891,0.6783744566571528,42.40371428571428,42.25547619047619,45.004802922654406,0.35841195950285254
2015-11-30,113.59,114.97,113.35,113.9,40696103,42.462,42.587,42.309,42.452,17630295,113.99428571428572,113.72666666666667,44.48958859203385,0.6828751661545027,42.44242857142857,42.25642857142857,50.63224428112443,0.34974257393909625
2015-12-01,114.33,114.38,112.52,112.95,36200728,42.625,42.838,42.529,42.829,8055837,113.79285714285713,113.65,51.52941172226989,0.6028358340951172,42.507428571428576,42.288666666666664,59.08506789329455,0.36903872400807813
2015-12-02,112.7,113.71,111.76,111.95,34660013,42.876,43.033,42.51,42.559,10041557,113.37714285714286,113.44952380952381,50.46082945239333,0.4534849518936568,42.48957142857143,42.29009523809524,55.491189771451424,0.3584127592586057
2015-12-03,112.21,112.45,109.96,110.91,43169645,42.674,42.801,41.806,42.008,12275362,113.02857142857142,113.13523809523811,48.61265257044523,0.24834126980540816,42.428999999999995,42.25466666666667,53.143781612572205,0.30204868135793106
2015-12-04,111.0,114.81,110.82,114.6,60012168,42.132,43.117,42.047,43.042,13296217,113.05,113.02333333333334,67.4796747455438,0.37914503717436787,42.514714285714284,42.26614285714285,73.43027075831162,0.3369309715342297
2015-12-07,114.55,115.4,113.41,113.88,33325471,42.994,43.033,42.625,42.829,13270123,113.08571428571429,112.90238095238097,61.37931029544188,0.4198699826950758,42.589000000000006,42.27352380952381,65.58331289881976,0.34342927897680653
2015-12-08,113.13,114.19,112.52,113.83,35636755,42.462,42.838,42.336,42.722,11782536,113.1457142857143,112.77238095238097,62.86050612830798,0.44300354419767984,42.634428571428565,42.268857142857144,63.83886234745403,0.33607120897909226
2015-12-09,113.25,113.29,110.79,111.31,48154922,42.539,42.856,41.892,42.094,16831595,112.77571428571427,112.54571428571428,45.01867991094265,0.25505401495672686,42.58328571428571,42.25409523809524,48.96943835925801,0.27637960189850475
2015-12-10,111.72,112.6,111.2,111.84,30342878,42.21,42.529,42.086,42.21,9395714,112.61714285714287,112.51761904761906,41.67767499448567,0.14717271409891453,42.49485714285714,42.25828571428571,48.021235359001594,0.2357166094348102
2015-12-11,110.9,111.1,108.64,108.97,48700025,41.746,41.845,41.304,41.332,17562777,112.19142857142857,112.38333333333334,33.18103937952405,-0.16797272348595982,42.31957142857143,42.22152380952381,35.65365014873706,0.13113202434860938
2015-12-14,107.99,108.47,105.71,108.29,67497102,41.322,41.659,40.897,41.65,21772415,111.81714285714285,112.2347619047619,34.8321342633304,-0.467212337280543,42.26842857142857,42.21742857142857,41.81665956772009,0.07306567393237628
2015-12-15,107.78,108.59,106.24,106.37,55386059,41.968,42.122,41.776,41.835,17626568,110.64142857142858,112.14999999999998,26.914285692754305,-0.8494973641876271,42.096000000000004,42.26123809523809,43.87240044130556,0.04149727205148679
2015-12-16,106.94,107.83,104.74,107.19,58414146,42.094,42.482,41.669,42.404,18819386,109.68571428571428,112.02000000000001,31.599999974720006,-1.0739144380984555,42.03528571428571,42.302190476190475,50.88142499307113,0.06168160365988484
2015-12-17,107.85,108.06,104.91,104.91,46504966,42.578,42.578,41.728,41.736,12538733,108.41142857142857,111.80333333333336,28.27198361984624,-1.4193817816115057,41.89442857142857,42.310857142857145,44.39785296518446,0.02350486513473271
2015-12-18,104.84,105.44,101.87,102.09,100184873,41.616,41.705,40.859,40.927,21237533,107.09428571428573,111.28809523809522,23.024211954210173,-1.8988290532344223,41.727714285714285,42.25114285714286,38.658336971409106,-0.07120915923836435
2015-12-21,103.28,103.37,101.63,103.33,49431782,41.269,41.373,40.996,41.346,11502002,105.87857142857142,110.76285714285714,28.31379619493265,-2.153907923557398,41.604285714285716,42.202190476190474,39.03917212911328,-0.11117930187553782
2015-12-22,103.4,103.72,102.49,103.23,34053824,41.502,41.715,41.308,41.646,9770393,105.05857142857143,110.20904761904761,29.511278176073375,-2.3371872900661828,41.649142857142856,42.1527619047619,43.281824782053654,-0.11729631617103564
2015-12-23,103.27,104.78,103.2,104.56,33920744,41.869,42.035,41.733,41.995,8289371,104.5257142857143,109.79047619047621,35.280482128237054,-2.348050756247531,41.69842857142857,42.13195238095238,49.901410481022296,-0.09291168274248918
2015-12-24,104.93,104.93,103.93,104.01,14122706,42.025,42.084,41.926,41.975,2531588,104.18857142857144,109.29333333333332,21.26966900174847,-2.373678249623268,41.71842857142857,42.10971428571428,40.43735426310755,-0.07434353196236998
2015-12-28,103.59,103.69,102.22,102.83,27737339,41.822,41.975,41.588,41.946,7395056,103.5657142857143,108.77904761904763,20.75172047165036,-2.4608373598222215,41.653,42.09242857142857,41.816496647742156,-0.06126200605814347
2015-12-29,102.97,105.35,102.87,104.68,32127908,42.199,42.629,42.112,42.52,7015842,103.53285714285714,108.36333333333334,27.88786851665394,-2.353502333797792,41.765,42.09795238095238,48.27703843809648,-0.004525630992922913
2015-12-30,104.53,104.64,103.18,103.32,23107102,42.501,42.501,42.16,42.16,7414934,103.70857142857143,107.8595238095238,29.5442908134347,-2.351077429262432,41.94114285714286,42.08404761904762,50.589917642427764,0.011259570337301739
2015-12-31,103.02,103.04,100.91,101.35,40331735,42.015,42.042,41.568,41.568,9102594,103.42571428571429,107.30714285714285,24.98807819027975,-2.479535667255959,41.972857142857144,42.023999999999994,44.711696766727535,-0.023726492100131225
2016-01-04,98.786,101.46,98.211,101.44,65260163,40.821,41.036,40.384,41.026,22198499,103.17,106.80666666666667,29.301814161065124,-2.5447432820114955,41.88428571428572,41.951,47.33170550006213,-0.0941033046411377
2016-01-05,101.81,101.91,98.597,98.885,54763789,41.15,41.249,40.734,40.917,16468442,102.35928571428573,106.23404761904762,26.563668060209736,-2.7706496094466075,41.73028571428572,41.89904761904762,43.36651572721611,-0.1568645873482879
2016-01-06,96.816,98.558,96.149,96.949,69848688,40.316,40.68,40.167,40.413,14278759,101.35057142857143,105.39352380952381,26.542502844898394,-3.0705061382411145,41.50714285714285,41.77385714285714,37.83367547404663,-0.24445403006929922
2016-01-07,95.003,96.4,92.839,92.857,79584675,39.589,40.1,39.201,39.221,17321357,99.92585714285714,104.39242857142857,19.312293912115294,-3.5968722945531653,41.11785714285714,41.60204761904762,25.390443736590967,-0.4053807555051989
2016-01-08,94.879,95.417,93.157,93.349,72263364,39.559,39.692,38.861,38.908,19816517,98.30714285714285,103.41714285714285,23.194991869940665,-3.9290295703582956,40.60185714285715,41.420428571428566,26.86518318453659,-0.5518118850574822
2016-01-11,95.283,95.369,93.715,94.86,51663692,39.181,39.336,38.676,39.161,19715871,97.09857142857143,102.63380952380952,32.15343599673439,-4.023955873962208,40.17342857142857,41.2807619047619,34.10727133234312,-0.6400663382957958
2016-01-12,96.806,96.94,95.159,96.238,48788856,39.579,39.714,39.123,39.627,16274731,96.3682857142857,101.89085714285714,32.61253307558228,-3.942545361128097,39.89614285714286,41.157761904761905,34.6600034829128,-0.6647435727326965
2016-01-13,96.584,97.417,93.675,93.762,63633079,39.919,39.919,38.492,38.56,22580499,95.27142857142857,101.16666666666667,29.20948614804864,-4.031348573453187,39.54385714285714,41.02576190476191,25.77708000614146,-0.7616189721036903
2016-01-14,94.31,96.74,92.175,95.814,64047546,38.725,39.589,38.264,39.306,20396049,94.83271428571427,100.57257142857142,31.38515237359985,-3.8912901378280793,39.31371428571429,40.914142857142856,30.131520552410038,-0.7693291115299274
2016-01-15,92.618,94.071,91.807,93.512,81347795,38.007,38.55,37.714,38.161,20699397,94.34171428571429,99.96028571428572,29.206940246835018,-3.9208478861237523,38.992000000000004,40.73919047619048,25.836289868004556,-0.8579415670743487
2016-01-19,94.745,94.977,91.943,93.059,55141551,38.628,38.696,37.881,38.22,20255339,94.37057142857144,99.28738095238094,30.073010546925715,-3.935460391071942,38.849,40.539952380952386,26.483211263473237,-0.9128836155256934
2016-01-20,91.557,94.532,89.941,93.184,72332171,37.569,38.298,36.908,37.919,30531119,94.347,98.72900000000001,24.780624765403246,-3.892088873398052,38.70771428571429,40.35819047619048,19.92417305805479,-0.9695375439074994
2016-01-21,93.445,94.235,91.404,92.712,48343798,38.133,38.686,37.658,38.133,22807489,94.04014285714285,98.28242857142857,25.78524468768292,-3.8514064721048555,38.56085714285714,40.225142857142856,23.164067663028533,-0.9858044388629637
2016-01-22,94.957,97.68,94.707,97.641,66786882,38.861,39.201,38.803,39.191,11589607,94.24057142857143,98.01152380952382,42.54112534305694,-3.382445542634642,38.49857142857143,40.122523809523805,35.08595802595015,-0.9029160581145348
2016-01-25,97.739,97.748,95.517,95.736,51552663,38.978,39.316,38.666,38.715,10781406,94.52257142857142,97.65466666666667,39.30954342340755,-3.128445435014001,38.520714285714284,39.98295238095238,35.37896994871497,-0.8656568873502124
2016-01-26,96.209,97.124,94.418,96.266,62947239,38.889,39.201,38.642,39.113,11808286,94.58714285714287,97.25971428571428,44.68827320708896,-2.8515114995845607,38.49314285714286,39.84571428571429,38.989257745867945,-0.7948509058414146
2016-01-27,92.463,93.029,89.863,89.941,136183663,38.793,39.026,38.133,38.306,18569123,94.077,96.5897619047619,37.93471522171042,-3.1066030145662182,38.51385714285715,39.671,37.59858734239196,-0.7946940723990039
2016-01-28,90.295,91.0,88.948,90.585,57221872,38.87,38.948,38.336,38.803,18098876,93.72357142857142,96.00666666666667,45.56145969219892,-3.219684936394401,38.597142857142856,39.52133333333333,47.32051273557856,-0.7458681308427089
2016-01-29,91.258,93.715,90.835,93.715,64001873,39.123,40.054,39.045,40.024,16602146,93.79942857142858,95.48452380952381,50.64820059829008,-3.021903707782357,38.89785714285715,39.40247619047619,56.40790069020319,-0.6017125569072306
2016-02-01,92.876,93.108,91.847,92.839,39944544,39.861,40.356,39.826,40.171,15245800,93.81757142857144,94.98542857142859,46.33837008918588,-2.902389597527531,39.189,39.30776190476191,55.8707276468042,-0.470186536793598
2016-02-02,91.867,92.463,90.769,90.961,36704829,40.054,40.064,39.326,39.453,14374572,92.86328571428574,94.49071428571428,40.60931770051853,-2.9254894872421033,39.22642857142857,39.20704761904762,49.017393191072564,-0.41905718728241936
2016-02-03,91.462,93.233,90.575,92.761,46169095,39.706,39.723,38.793,39.405,22115272,92.43828571428571,94.07742857142857,48.17475654883313,-2.7666590363091643,39.324999999999996,39.12985714285714,55.39246958832232,-0.3780520594627532
2016-02-04,92.79,94.214,92.142,93.506,46932646,39.326,39.701,39.026,39.443,18755506,92.044,93.82128571428571,45.58091442758167,-2.551260146987815,39.37214285714286,39.059666666666665,50.96113361674535,-0.33858591020845097
2016-02-05,93.429,93.816,90.69,91.009,44587215,39.287,39.356,38.181,38.336,24488579,92.19657142857143,93.53842857142857,45.243072688684364,-2.552617026898588,39.37642857142857,38.9607619047619,51.23430657112704,-0.39211430141709513
2016-02-08,90.148,92.636,90.06,91.968,54462376,37.692,37.891,37.128,37.778,25265546,92.39414285714285,93.49609523809525,47.96569081963381,-2.448089032220139,39.230000000000004,38.892047619047624,47.08750650247429,-0.4740967811228174
2016-02-09,91.27,92.868,90.923,91.948,43358326,37.326,38.143,37.264,37.609,25506576,92.14171428571429,93.42938095238094,47.68625980278519,-2.3398908707800956,38.885,38.83019047619048,47.921137249075144,-0.5464067378025348
2016-02-10,92.849,93.264,91.087,91.252,42513754,37.929,38.371,37.649,37.687,17480127,91.91499999999999,93.25757142857144,47.289671023165674,-2.2839761759677515,38.530142857142856,38.760000000000005,46.95355182276639,-0.5906107581322004
2016-02-11,90.786,91.688,89.625,90.7,47475842,37.195,37.832,37.123,37.589,25372376,91.87771428571428,92.99385714285714,34.614532052817154,-2.258174336146496,38.26385714285714,38.66295238095238,37.405660295018926,-0.6263305944801516
2016-02-12,91.174,91.474,90.031,90.98,40597943,37.891,38.143,37.678,38.113,11212947,91.6232857142857,92.86138095238096,38.639403757837215,-2.189888856672326,38.07928571428572,38.641666666666666,45.30274646781543,-0.6053779808555504
2016-02-16,91.977,93.749,91.579,93.545,46978971,38.54,38.803,38.331,38.793,10594143,91.62885714285714,92.75333333333333,44.07628333621857,-1.9068174541592526,37.98642857142857,38.61723809523809,47.60837060291222,-0.5278182068664137
2016-02-17,93.575,95.065,93.07,94.979,43799633,39.016,39.667,38.968,39.589,11466456,92.196,92.82319047619048,63.935605172875704,-1.5489145894648715,38.16542857142856,38.68523809523809,59.60473112225392,-0.39753840437501964
2016-02-18,95.675,95.724,93.013,93.177,38283311,39.723,39.772,39.356,39.433,11928358,92.36871428571429,92.82880952380953,56.73806796327688,-1.3946042015764988,38.40185714285714,38.742999999999995,54.97002196756389,-0.30338142630484555
2016-02-19,92.926,93.66,92.732,92.965,33669312,39.287,39.579,39.186,39.463,8839679,92.51400000000001,92.81838095238096,47.701642518520295,-1.2747245050647962,38.66671428571429,38.81652380952381,44.55022330994692,-0.22376121355692646
2016-02-22,93.226,93.798,92.849,93.778,34204278,39.821,40.044,39.763,39.986,6790604,92.87485714285715,92.86914285714286,52.88869742567886,-1.1014201900762544,38.99514285714286,38.904761904761905,48.32518546504567,-0.1171099219332703
2016-02-23,93.314,93.41,91.523,91.659,30704980,39.821,39.861,39.277,39.356,8404232,93.01185714285715,92.58428571428571,52.115920896712595,-1.122125696110004,39.247571428571426,38.912619047619046,49.107635568076,-0.08247304192119032
2016-02-24,90.97,93.294,90.331,93.022,35993405,38.928,39.733,38.725,39.657,10418327,93.30357142857143,92.45504761904762,50.81272960631639,-1.0168308567220805,39.46814285714286,38.957476190476186,52.2151897448993,-0.03038462547957721
2016-02-25,92.975,93.66,92.202,93.66,25516566,39.792,40.171,39.482,40.152,9688812,93.32000000000001,92.33095238095238,50.48275857637876,-0.8718524970110622,39.66228571428571,39.006952380952384,55.76891769230844,0.050258830427438284
2016-02-26,94.087,94.884,93.488,93.808,28393158,40.375,40.413,39.957,40.044,10069555,93.1527142857143,92.51509523809524,60.28968451995771,-0.7365235542515904,39.72728571428571,39.08971428571429,66.59541373254262,0.10425289040669838
2016-02-29,93.758,95.085,93.555,93.594,31134115,40.005,40.381,39.763,39.763,14014712,93.21228571428571,92.65838095238095,56.32389539603803,-0.6391743990497218,39.77442857142857,39.13542857142858,70.38406223344083,0.12295190730888805
2016-03-01,94.522,97.542,94.299,97.309,50578114,40.104,40.947,40.044,40.947,12677858,93.83285714285715,92.8295238095238,66.19539599258441,-0.259266378318344,39.98642857142857,39.17938095238095,78.36505759736394,0.23065111533984606
2016-03-02,97.289,97.661,96.449,97.522,33443244,40.802,41.064,40.729,41.064,9013753,94.36771428571429,93.0525238095238,69.51082891628383,0.05832841146627743,40.14042857142857,39.22190476190476,78.50751289901993,0.3217356673260454
2016-03-03,97.357,98.459,97.232,98.26,35928675,41.084,41.089,40.744,41.064,8123056,95.31071428571428,93.40009523809523,73.25581389039118,0.3653633218506229,40.384428571428565,39.29861904761905,79.82832598839548,0.38943170472461475
2016-03-04,99.093,100.42,98.132,99.73,45219857,41.074,41.368,40.903,41.169,8125250,96.269,93.73195238095238,75.0802567615728,0.7190190115038888,40.600428571428566,39.382619047619045,78.26489065932142,0.4464080108947286
2016-03-07,99.113,99.54,97.729,98.607,33651382,40.937,41.103,40.616,40.917,16293324,96.97571428571428,93.97485714285715,65.81677284580456,0.8983216856025393,40.70971428571428,39.45280952380953,71.33386882308683,0.46585773212892434
2016-03-08,97.552,98.508,97.183,97.797,31433660,40.675,41.001,40.521,40.665,12055282,97.54557142857142,94.29809523809524,59.16243979527412,0.9639483198894965,40.79842857142857,39.56371428571428,62.133513561148156,0.4556846335844398
2016-03-09,98.072,98.338,97.055,97.885,25017401,40.724,41.026,40.724,41.016,12520269,98.15857142857143,94.57985714285714,67.22775168755933,1.011399975585661,40.97742857142857,39.71790476190476,67.0987252237239,0.4705212699546095
2016-03-10,98.171,98.964,96.94,97.935,34622277,41.189,41.373,40.472,40.976,13331104,98.248,94.86495238095239,68.40468071710367,1.0410398770503377,40.98157142857143,39.878238095238096,66.30739363476968,0.47359246631351937
2016-03-11,98.964,99.004,98.26,98.984,26173003,41.382,41.616,41.288,41.607,9087838,98.45685714285716,95.23314285714285,68.94744497268414,1.1360792314508785,41.05914285714285,40.064904761904764,67.07394123888037,0.520937791480037
2016-03-14,98.646,99.62,98.518,99.233,25905632,41.482,41.733,41.462,41.655,10366278,98.59585714285716,95.63947619047619,81.90933593303572,1.2174567400957272,41.14357142857143,40.25852380952381,77.59903935500924,0.5559241540295332
2016-03-15,100.63,101.81,100.52,101.24,41393259,41.492,41.85,41.472,41.812,6512944,98.81157142857144,96.12804761904762,82.84047305308759,1.4274424606568488,41.23542857142858,40.43466666666667,76.79681644487556,0.5895240203685432
2016-03-16,101.27,102.9,101.25,102.57,39570655,41.616,42.363,41.607,42.298,15204727,99.37771428571429,96.55780952380952,83.73977573671931,1.6817909031402678,41.43271428571428,40.60157142857143,76.74476543508807,0.6478997102880655
2016-03-17,102.14,103.06,101.59,102.41,35559413,42.218,42.587,42.17,42.452,9651242,100.0367142857143,96.91166666666666,82.54388611110656,1.849137507329388,41.688,40.73790476190476,79.6697877980836,0.6985370774866908
2016-03-18,102.93,103.09,101.82,102.53,45667572,42.617,42.646,42.33,42.52,9651257,100.70028571428573,97.35704761904762,84.04968745795642,1.9687493766247997,41.902857142857144,40.884904761904764,85.8517552140639,0.7356741933547113
2016-03-21,102.54,104.21,101.77,102.52,36677182,42.422,42.686,42.403,42.666,8204856,101.35528571428571,97.81204761904762,77.66804703330645,2.039228768504387,42.144285714285715,41.03742857142858,80.61987847214883,0.7680331964609408
2016-03-22,101.88,103.86,101.84,103.3,33517703,42.472,42.842,42.467,42.676,13442807,101.97185714285713,98.26547619047618,78.93629796623509,2.1334308132134225,42.297000000000004,41.16552380952381,79.8518514378053,0.7854308975104303
2016-03-23,103.07,103.65,102.51,102.73,26553819,42.617,42.666,42.343,42.432,10943680,102.47142857142856,98.79266666666668,72.76894855147052,2.137453146666786,42.408,41.312,73.23369530391592,0.7706464080476536
2016-03-24,102.1,102.84,101.53,102.28,26997489,42.247,42.55,42.188,42.55,6913010,102.61999999999999,99.2335238095238,64.4952249996665,2.0803486712052717,42.51342857142857,41.44976190476191,73.35136928409909,0.7596939287472182
2016-03-28,102.6,102.78,101.69,101.82,18989484,42.588,42.641,42.363,42.442,6569198,102.51285714285714,99.62209523809523,69.75285860364681,1.9752058636932048,42.534,41.55880952380952,77.10629183096763,0.7338400611614375
2016-03-29,101.53,104.34,101.53,104.24,30594055,42.363,43.133,42.317,43.105,10335181,102.77428571428571,100.11885714285715,83.0647643269109,2.0633679847171607,42.62728571428572,41.70457142857143,87.84119068555323,0.7581102211878346
2016-03-30,105.17,106.89,105.12,106.05,45807935,43.328,43.574,43.263,43.358,11231627,103.27714285714285,100.71199999999999,85.60837320553705,2.2533141708787525,42.747,41.8757619047619,87.46001240420989,0.7886682072918489
2016-03-31,106.21,106.38,105.39,105.5,24742478,43.301,43.487,43.193,43.273,14926940,103.70285714285714,101.10204761904762,81.61303793208668,2.3325789700551667,42.83371428571429,41.98652380952381,86.2188580236319,0.7968413507375374
2016-04-01,105.3,106.47,104.73,106.46,25945411,42.969,43.622,42.929,43.602,9897129,104.15428571428572,101.52766666666668,81.47524409391599,2.444680120748316,42.966,42.10738095238095,84.76821150688242,0.8204090118332985
2016-04-04,106.89,108.59,106.74,107.56,35942137,43.534,43.631,43.348,43.437,7838565,104.8442857142857,101.9705238095238,82.71391520719769,2.5923983428497905,43.10957142857143,42.22038095238096,79.83924945822206,0.8163619199643506
2016-04-05,106.01,107.18,105.92,106.3,25609378,43.153,43.263,42.929,43.019,10996032,105.41857142857143,102.28338095238095,71.11853080169786,2.5780761710734623,43.17657142857143,42.30847619047619,68.58638713883309,0.7705431224036232
2016-04-06,106.7,107.43,105.71,107.41,25984596,43.029,43.437,42.87,43.437,11418747,106.21714285714286,102.70257142857142,70.57823120849528,2.6260223194415886,43.31871428571428,42.42847619047619,67.91443820358543,0.7592088152275096
2016-04-07,106.42,106.89,104.65,105.06,30475096,43.123,43.213,42.646,42.813,10898366,106.3342857142857,103.04842857142856,59.498207825593205,2.446196397856042,43.277,42.53076190476191,54.94656049075048,0.6918989299444931
2016-04-08,105.42,106.26,104.7,105.18,23790775,43.039,43.198,42.666,42.813,8983287,106.21000000000001,103.39580952380952,59.498207825593205,2.2870029105983463,43.19914285714286,42.61633333333333,54.09103581198704,0.6312783767461809
2016-04-11,105.48,107.07,105.34,105.53,27359835,42.999,43.253,42.696,42.696,8343267,106.21428571428571,103.75747619047618,60.53184038856224,2.1641361851332164,43.11671428571428,42.69823809523809,50.42229709856079,0.567256252425608
2016-04-12,105.84,106.97,105.18,106.91,27011785,42.774,43.024,42.482,42.989,9833329,106.27857142857144,104.13490476190476,62.12222962594283,2.153296030593495,43.02914285714286,42.764047619047616,54.08083422239066,0.5340052290698836
2016-04-13,107.25,108.74,107.25,108.44,32986760,43.243,43.497,43.193,43.427,8074793,106.40428571428572,104.57333333333334,68.0126182364557,2.2423153279701467,43.02771428571428,42.84842857142857,62.347976948902584,0.5368084987590436
2016-04-14,108.04,108.79,107.77,108.5,25034296,43.367,43.554,43.268,43.417,6666373,106.71857142857142,104.91904761904763,70.11642943197734,2.2912926654821035,43.08457142857143,42.92485714285714,61.055852880698424,0.5320895961079941
2016-04-15,108.51,108.7,106.22,106.34,45477740,43.358,43.472,43.163,43.253,6623445,106.5657142857143,105.09857142857142,63.17016311862577,2.1312459337267313,43.05828571428572,42.97033333333333,60.19612752256837,0.5092461299727589
2016-04-18,105.4,105.46,103.52,104.04,60827213,43.123,43.437,43.057,43.437,7291846,106.42,105.17619047619047,49.413145499308484,1.7980897087476961,43.14742857142857,43.01723809523809,54.74556867740485,0.5002235154226611
2016-04-19,104.43,104.54,102.82,103.49,31809676,43.517,43.564,42.949,43.193,6633689,106.17857142857143,105.22190476190475,41.888466376017824,1.4727041796758442,43.20171428571428,43.049285714285716,47.635425432245356,0.4679895750723375
2016-04-20,103.22,104.62,102.66,103.71,27283535,43.233,43.477,43.105,43.283,7037041,105.91857142857144,105.27857142857142,44.207119701042075,1.2185394012899025,43.28557142857143,43.07866666666666,50.143102260445474,0.4445813360505966
2016-04-21,103.51,103.51,102.14,102.57,30241777,43.223,43.306,43.019,43.105,11542048,105.29857142857142,105.24380952380952,37.55598205209317,0.914580792568259,43.30214285714286,43.09909523809524,42.56655680648167,0.40697566347173364
2016-04-22,101.64,103.07,101.28,102.29,33801240,42.442,42.656,42.149,42.373,15291756,104.42,105.22285714285715,32.20796755902016,0.6436778279850159,43.15157142857144,43.09628571428571,36.39386176227262,0.31448146799289134
2016-04-25,101.63,102.26,101.17,101.71,27531875,42.257,42.398,42.149,42.383,9592982,103.45,105.19571428571427,33.75796174999209,0.3778287494313588,43.00385714285714,43.08833333333333,40.91947442236655,0.23922839212777802
2016-04-26,100.58,101.93,100.58,101.01,40792313,42.432,42.53,42.043,42.179,7548842,102.68857142857142,105.15714285714287,26.676384812429347,0.10939623775048801,42.850428571428566,43.075809523809525,30.869829552257542,0.16126967579895535
2016-04-27,92.926,95.55,92.617,94.678,112434674,41.642,42.033,41.487,41.983,13099356,101.35114285714285,104.70180952380952,20.67562985597904,-0.6072776245379288,42.642714285714284,43.022380952380956,35.48951031578562,0.08271775074589982
2016-04-28,94.484,94.746,91.232,91.792,81721131,42.053,42.198,41.32,41.457,23240027,99.67999999999999,104.02285714285715,17.295290197276984,-1.392075919783423,42.394714285714294,42.93185714285714,29.976373177888675,-0.0217285466688395
2016-04-29,90.98,91.688,89.548,90.739,69258022,41.223,41.292,40.794,41.096,12195498,97.827,103.31995238095239,15.067781389119588,-2.075082265975368,42.08228571428571,42.82819047619047,27.9614323990469,-0.132109793399259
2016-05-02,90.957,91.068,89.441,90.641,48928736,41.183,41.442,41.009,41.397,12845271,96.12285714285714,102.56666666666668,9.100507811986176,-2.5943712008439945,41.83828571428571,42.723190476190474,28.119845961056242,-0.1930739064399063
2016-05-03,91.184,92.676,90.68,92.132,57833504,41.114,41.203,40.881,41.029,12833077,94.67171428571429,101.83200000000001,8.9219143513901,-2.852715851230016,41.64628571428572,42.60852380952381,16.395739845981012,-0.2679936655864026
2016-05-04,92.152,92.829,90.816,91.174,39613522,40.833,41.009,40.775,40.891,11520510,93.16657142857143,101.11171428571429,8.246577977855594,-3.0990346986694277,41.433142857142855,42.50719047619047,15.827922017967964,-0.3346459707229812
2016-05-05,91.543,91.612,90.259,90.804,35564617,41.009,41.101,40.813,40.91,13890240,91.70857142857143,100.32095238095238,9.02521362346485,-3.2862185854248906,41.25185714285714,42.386857142857146,17.00929308979731,-0.381537138898679
2016-05-06,90.931,91.008,89.449,90.296,43943729,40.735,41.213,40.735,41.213,9462131,91.08257142857144,99.61790476190477,9.967377365749542,-3.4359470598296014,41.14185714285714,42.31066666666666,19.700272404413354,-0.3897562918693964
2016-05-09,90.57,91.32,90.171,90.366,31804157,41.233,41.407,41.183,41.213,7730936,90.87885714285714,98.91247619047618,10.673618593465704,-3.508515556188499,41.107000000000006,42.23447619047619,21.103327409385358,-0.3917541320388196
2016-05-10,90.891,91.125,89.704,90.979,33492603,41.34,41.749,41.292,41.749,14262151,90.91314285714286,98.21957142857143,12.729082488541039,-3.476487847567242,41.20028571428571,42.18938095238096,30.191115593317363,-0.34609712211983634
2016-05-11,91.037,91.125,90.044,90.093,24986431,41.642,41.876,41.447,41.467,7332028,90.83485714285715,97.41876190476191,12.921248131893137,-3.4824548810113782,41.21028571428571,42.11690476190476,29.401408347178275,-0.32887756025032644
2016-05-12,90.296,90.356,87.133,87.979,76624902,41.603,41.603,41.067,41.35,9571558,90.24157142857143,96.44442857142857,11.651213882677666,-3.616081988342117,41.256142857142855,42.017999999999994,34.78131493991731,-0.32097189143232896
2016-05-13,87.649,89.274,87.649,88.154,43567098,41.32,41.574,41.124,41.173,11196161,89.81014285714286,95.47557142857143,12.8684123928915,-3.665606565443497,41.29642857142857,41.911142857142856,32.85147379253955,-0.32523985014834267
2016-05-16,89.976,91.924,89.255,91.427,61321587,41.213,41.847,41.213,41.749,6555060,89.89914285714285,94.76542857142856,26.993806098914234,-3.401540561002207,41.41628571428572,41.83952380952381,44.48717932748195,-0.27892853745976964
2016-05-17,92.08,92.225,90.579,91.047,45087968,41.622,41.823,41.2,41.33,10190180,90.00642857142857,94.14671428571428,37.794957947621555,-3.1862006365994517,41.433,41.73919047619048,42.081008831158385,-0.27289057410023076
2016-05-18,91.701,92.722,91.437,92.09,42224835,41.223,41.73,41.163,41.407,11178086,90.25271428571429,93.60385714285715,51.14333941712656,-2.8979747626474506,41.46071428571429,41.65414285714286,49.31954254478122,-0.25890766179175984
2016-05-19,92.168,92.168,91.125,91.737,30385734,41.311,41.359,40.934,41.183,8842929,90.36099999999999,93.03371428571428,54.046383331442584,-2.667290960973972,41.37985714285714,41.55414285714286,51.22985560723273,-0.2628708198202574
2016-05-20,92.168,92.937,92.05,92.732,30922310,41.407,41.774,41.377,41.681,6020714,90.73799999999999,92.56523809523809,57.90309163121598,-2.376786091161719,41.41042857142857,41.486333333333334,53.80289213892862,-0.22325368357682862
2016-05-23,93.364,94.65,93.171,93.909,37195696,41.661,41.838,41.565,41.574,8622665,91.58514285714286,92.16614285714286,56.879597305744134,-2.028204941409527,41.44242857142857,41.44828571428572,57.84624220850915,-0.19820602773280882
2016-05-24,94.68,95.528,94.309,95.342,30438731,41.769,42.452,41.769,42.383,9698918,92.612,91.86290476190477,65.56385355355528,-1.6176732150634052,41.61528571428572,41.44828571428572,68.00193027219427,-0.11178742525977015
2016-05-25,96.092,97.134,95.547,96.998,35401739,42.56,42.813,42.501,42.676,10081730,93.40785714285714,91.67185714285714,71.10248017201994,-1.1454939626262615,41.74771428571428,41.47195238095238,69.98641897242877,-0.01943339283491241
2016-05-26,97.075,98.102,96.063,97.787,56007085,42.676,42.876,42.589,42.813,6669313,94.37071428571429,91.81990476190477,75.0417863842625,-0.6995587196897333,41.95957142857143,41.51147619047619,68.81467522027154,0.06407399317128437
2016-05-27,96.841,97.846,96.652,97.729,35434339,42.804,43.076,42.755,43.076,7983982,95.17628571428573,92.10261904761904,74.63365667147056,-0.34683385733559646,42.198,41.58857142857143,70.63122901686883,0.14974987687219254
2016-05-31,96.998,97.778,96.239,97.251,40046258,43.057,43.163,42.851,43.123,12665126,95.96400000000001,92.41271428571429,71.17488176931472,-0.10466100099162645,42.47514285714286,41.685095238095236,67.06408322431761,0.21891759342564399
2016-06-01,96.432,96.94,95.761,95.886,28795510,42.959,43.109,42.89,42.999,7036167,96.41457142857143,92.6624761904762,68.94499306918495,-0.022620603559843744,42.663428571428575,41.761380952380954,69.80351577630589,0.26072229906237965
2016-06-02,95.049,95.283,94.105,95.167,39671824,42.823,42.959,42.607,42.959,7959873,96.5942857142857,92.807,75.86728076420448,-0.015442279605494491,42.861285714285714,41.85328571428571,71.22131337454547,0.28731319608190375
2016-06-03,95.235,95.703,94.904,95.361,26032342,42.9,42.954,42.627,42.833,8505257,96.597,93.00638095238095,75.90023711186629,0.005833527248839232,42.92557142857144,41.9457619047619,72.1925130987446,0.2948210134495497
2016-06-06,95.429,99.223,95.0,96.054,23399089,42.89,43.09,42.851,42.939,8852875,96.46214285714287,93.25638095238095,70.41383561406558,0.07771817903217482,42.96314285714286,42.04238095238095,68.1957183624648,0.3057992633706377
2016-06-07,96.657,97.261,96.374,96.442,21261857,43.076,43.213,43.067,43.114,4520044,96.27,93.54904761904761,73.78538038682692,0.16410395260562893,43.006142857142855,42.13290476190476,79.47785819144423,0.3248756783986124
2016-06-08,96.432,96.959,96.101,96.354,19634691,43.105,43.273,43.039,43.203,8356766,96.07357142857143,93.83419047619047,70.52763325752096,0.22289504070329258,43.02428571428572,42.227666666666664,79.55891997569965,0.34321901577496305
2016-06-09,95.926,97.377,95.886,97.046,26357497,43.029,43.263,42.999,43.213,13244604,96.0442857142857,94.12309523809525,74.75058265300626,0.3216185992903178,43.03714285714286,42.297380952380955,85.94192591955141,0.3544769693800731
2016-06-10,95.955,96.75,95.906,96.258,26692624,42.88,43.024,42.735,42.88,8481761,96.09742857142858,94.41666666666667,66.76174168713968,0.3324405486187203,43.02014285714286,42.364666666666665,72.54606956914454,0.3326935772543962
2016-06-13,96.11,96.531,94.563,94.796,36532227,42.501,42.755,42.393,42.403,12135131,96.04442857142858,94.74128571428571,54.10534103883415,0.2205040069401889,42.940714285714286,42.41480952380952,63.68438399089422,0.27378415519291366
2016-06-14,94.777,95.901,94.222,94.914,31680335,42.307,42.569,42.198,42.501,8621836,95.98057142857144,95.06319047619047,47.744519322468044,0.13970467648617557,42.89328571428571,42.47804761904762,52.54529735304815,0.23232766605422484
2016-06-15,95.265,95.838,94.495,94.602,26709300,42.569,42.651,42.343,42.412,7255184,95.77314285714286,95.21438095238096,35.28978382931518,0.04991939278019686,42.818,42.50961904761905,43.75591267143664,0.19010018691646025
2016-06-16,93.929,95.195,93.56,95.0,31329507,42.179,42.55,41.944,42.482,9837734,95.56714285714285,95.40261904761905,32.026312337370186,0.010755203064348962,42.727714285714285,42.56447619047619,41.91499727073271,0.1604336413023546
2016-06-17,94.095,94.125,92.81,92.839,56080025,42.394,42.492,42.007,42.198,11692491,95.06499999999998,95.43828571428571,25.19277593824073,-0.19243902196161855,42.58414285714286,42.60214285714286,28.77175995995904,0.11270704697447087
2016-06-20,93.492,94.046,92.546,92.616,34353316,42.571,42.743,42.364,42.374,6994071,94.43214285714286,95.48014285714287,25.86188934881085,-0.36723291311346884,42.464285714285715,42.658857142857144,32.95402801030674,0.08806989133895371
2016-06-21,92.459,93.832,92.204,93.404,32787026,42.502,42.767,42.463,42.668,5851583,94.02442857142857,95.51214285714286,36.24778363170774,-0.4371343046071985,42.434000000000005,42.70585714285715,43.00802678406738,0.09121662249244622
2016-06-22,93.735,94.359,92.859,93.063,26879714,42.678,42.835,42.473,42.512,6626376,93.77685714285714,95.47185714285715,37.83252364912612,-0.5141210437591894,42.449571428571424,42.750523809523806,40.99879155296691,0.08019806003444074
2016-06-23,93.433,93.774,92.761,93.589,31379225,42.797,43.138,42.638,43.099,9944778,93.58757142857142,95.38838095238096,40.131432327707664,-0.5266192462998305,42.535000000000004,42.78461904761905,54.51766278422304,0.11747755599999721
2016-06-24,90.482,92.183,90.229,90.96,64987579,41.581,42.285,41.355,41.473,24099675,93.06728571428572,95.10085714285715,26.663001615055606,-0.7401307241159998,42.40085714285714,42.727333333333334,33.57974899862978,0.01563696103284684
2016-06-27,90.57,90.619,89.109,89.635,45491756,41.138,41.138,40.443,40.611,18889728,92.30085714285714,94.71266666666668,21.28090453987572,-1.0046752640105296,42.13357142857143,42.62247619047619,25.703746775412043,-0.13309441064834715
2016-06-28,90.472,91.213,89.732,91.145,39565203,41.062,41.413,40.993,41.413,13511673,92.05885714285715,94.39914285714286,30.377457965397028,-1.0800343734548363,42.021428571428565,42.543285714285716,34.73738054462419,-0.18412788520599577
2016-06-29,91.515,92.08,91.184,91.934,32943084,41.698,42.119,41.683,42.052,10716299,91.96142857142856,94.14595238095238,30.88257289211988,-1.063828155800607,41.975428571428566,42.49228571428572,41.0596025604752,-0.1710386942160511
2016-06-30,91.973,93.267,91.836,93.102,34702639,42.149,42.532,42.052,42.512,13624024,91.91828571428572,94.01338095238096,38.523636324412294,-0.9458337897660982,41.95314285714285,42.469095238095235,47.22054370678433,-0.12213931444654236
2016-07-01,92.995,93.944,92.839,93.384,25603482,42.542,42.74,42.482,42.609,7625605,91.96414285714286,93.92847619047619,44.38345261564289,-0.8201136022488527,41.967,42.45242857142857,51.650640909758195,-0.07469804181292261
2016-07-05,92.898,92.907,91.99,92.556,27859251,42.384,42.443,42.169,42.327,8855987,91.81657142857144,93.79490476190476,41.1219879084557,-0.7783201379290716,41.85671428571429,42.428333333333335,48.64570350544212,-0.05917342032716988
2016-07-06,92.128,93.161,91.906,93.034,30109590,42.159,42.599,42.012,42.581,8009336,92.11285714285714,93.65109523809524,44.16926962528858,-0.698575171434328,42.015,42.41128571428572,51.28244032205889,-0.02607380611095067
2016-07-07,93.199,93.979,93.122,93.433,24360033,42.552,42.787,42.433,42.59,6177761,92.65542857142857,93.50780952380953,44.17342153503178,-0.5963068908879166,42.297714285714285,42.38633333333333,50.827205773348545,0.0008740261793676041
2016-07-08,93.969,94.359,93.54,94.154,27265101,42.797,43.287,42.748,43.258,13005526,93.08528571428572,93.40304761904761,55.475972284778585,-0.45187098002234904,42.56128571428571,42.38895238095238,57.667823957270045,0.07526478907144707
2016-07-11,94.222,95.099,94.213,94.445,23269626,43.393,43.604,43.354,43.513,5931421,93.444,93.27919047619048,57.57349889805141,-0.3103457395433793,42.769999999999996,42.403238095238095,58.146187839501245,0.15303231225958314
2016-07-12,94.63,95.148,94.583,94.874,22288127,43.806,43.923,43.668,43.865,16341935,93.69714285714285,93.21328571428572,56.27347210755986,-0.16170521507075364,42.96328571428571,42.45014285714286,58.49056592156791,0.24029709752367978
2016-07-13,94.864,95.118,94.309,94.339,22399014,43.992,44.021,43.849,43.875,10823625,93.83357142857143,93.1915238095238,55.356842924013776,-0.08608423190763403,43.14414285714286,42.5202380952381,59.8725190731254,0.3067262358642324
2016-07-14,94.845,96.403,94.777,96.199,36057603,44.12,44.256,44.021,44.158,15798820,94.35400000000001,93.25271428571429,59.85351851117871,0.1225200623872098,43.40571428571429,42.59914285714286,58.02394289857023,0.3778518999673537
2016-07-15,96.334,96.706,95.926,96.199,30331958,44.306,44.306,43.992,44.12,4962811,94.80614285714286,93.3287619047619,74.67734328351558,0.28456023526906904,43.62557142857143,42.68047619047619,76.41189362008241,0.4262397917864078
2016-07-18,96.12,97.512,96.025,97.222,36732486,44.188,44.462,44.11,44.414,4190167,95.34742857142858,93.43457142857143,86.7836709769251,0.48987877259509105,43.88614285714285,42.77247619047619,92.79765894684496,0.4827460911684369
2016-07-19,96.959,97.387,96.745,97.261,22690490,44.335,44.423,44.25,44.316,4539653,95.7912857142857,93.64514285714286,84.58493540101911,0.6482693215246513,44.03728571428571,42.87333333333333,88.82053991883178,0.5136983645740969
2016-07-20,97.387,97.836,97.129,97.347,25320799,44.658,44.972,44.6,44.894,5474630,96.20585714285713,93.87042857142858,83.25347079917083,0.7718371952270218,44.23457142857143,42.993333333333325,88.63512744945832,0.5782028709224107
2016-07-21,97.222,98.369,96.541,96.831,30952856,44.904,44.962,44.551,44.658,5568875,96.48542857142856,94.03361904761904,74.9031653467819,0.8186913732533583,44.347857142857144,43.08809523809524,81.06543105532245,0.6033251722389252
2016-07-22,96.666,96.706,95.742,96.082,26506075,44.63,44.923,44.531,44.923,4802179,96.73442857142857,94.17738095238094,66.96001999780734,0.786321383122953,44.497571428571426,43.20290476190476,81.94367720949428,0.6372719875468675
2016-07-25,95.683,96.258,94.388,94.796,39095508,44.845,44.948,44.726,44.865,4330597,96.534,94.23485714285714,63.31431278097959,0.6494124577145328,44.598571428571425,43.287,87.34549699151357,0.6519793558075406
2016-07-26,94.289,95.41,93.899,94.144,41543558,44.913,45.094,44.746,44.962,9240307,96.24042857142857,94.38647619047619,56.464011088924295,0.48273552233511907,44.71885714285714,43.45314285714286,86.73248959757642,0.6638101502475777
2016-07-27,101.53,101.62,100.07,100.26,92280275,45.452,45.452,45.119,45.334,11130329,96.67442857142858,94.89242857142857,73.86562252435726,0.8345329601736466,44.85028571428571,43.67804761904762,88.06881208852293,0.6951897168288355
2016-07-28,100.15,101.72,100.14,101.61,38147287,45.394,45.497,45.183,45.364,6457375,97.2957142857143,95.3907619047619,74.96651479711154,1.2083396939767823,45.0,43.86619047619048,85.50235967733207,0.7142456197990086
2016-07-29,101.47,101.82,100.97,101.49,25483464,45.559,45.639,45.394,45.541,10802516,97.88757142857143,95.84580952380952,73.86355930939033,1.4778653151162473,45.09242857142858,44.032333333333334,85.11080291151274,0.7351555652052753
2016-08-01,101.68,103.38,101.68,103.28,37755686,45.532,45.707,45.447,45.619,7992988,98.80885714285715,96.33047619047618,76.06996643933886,1.814982365124493,45.22971428571429,44.180285714285716,83.5501143191654,0.7493823820881929
2016-08-02,103.28,103.3,101.29,101.75,32274886,45.532,45.629,45.06,45.276,11336541,99.61857142857143,96.72885714285715,71.64806911239862,1.9363705682349348,45.280142857142856,44.30728571428571,73.76993517720433,0.724626955063826
2016-08-03,102.08,103.07,102.04,103.02,28107157,45.237,45.432,45.227,45.432,8141958,100.79342857142856,97.22714285714285,70.6359290259029,2.1107189260196435,45.36114285714286,44.45514285714286,72.58865212190038,0.7094182648873186
2016-08-04,103.38,103.79,103.08,103.67,25774059,45.442,45.697,45.404,45.678,8545262,102.1542857142857,97.73361904761904,71.74710362668341,2.27511471714989,45.46342857142857,44.602619047619044,75.7265518295339,0.7090420174283807
2016-08-05,104.06,105.4,103.97,105.23,34200101,45.825,46.139,45.776,46.119,6185453,102.86428571428571,98.29538095238095,72.60359032310885,2.5024320496063552,45.57557142857143,44.77066666666667,76.85039336191964,0.7358464729243295
2016-08-08,105.28,106.11,104.92,106.11,26154976,46.168,46.286,46.011,46.109,5324959,103.50714285714285,98.86471428571429,73.84532465460339,2.722211360794674,45.682,44.90642857142858,79.04113990716701,0.7476636791057771
2016-08-09,105.98,106.67,105.76,106.54,26028603,46.109,46.325,46.109,46.207,15219651,104.22857142857143,99.44066666666666,74.32139261122288,2.8976827714317466,45.777142857142856,45.03471428571429,75.18220136074018,0.7562194539874696
2016-08-10,106.44,106.63,105.51,105.75,22767897,46.226,46.246,46.001,46.06,3627992,104.58142857142857,99.95857142857143,73.25927079613882,2.9391184034530227,45.84014285714286,45.13923809523809,77.83955476975642,0.7425783151741214
2016-08-11,106.26,106.66,105.6,105.68,23833284,46.207,46.355,46.158,46.226,5365500,105.14285714285714,100.49861904761904,75.94895636080433,2.9325039453106854,45.975857142857144,45.25119047619047,76.93261633854638,0.7366705475548443
2016-08-12,105.53,106.18,105.53,105.93,18276547,46.216,46.216,46.08,46.178,3531227,105.55857142857144,100.96200000000002,81.88795960897974,2.913845849098749,46.08242857142857,45.34738095238095,77.25197132356686,0.7198177889066386
2016-08-15,105.89,107.25,105.83,107.19,25003629,46.236,46.491,46.202,46.403,8447913,106.06142857142856,101.48538095238094,86.10649832804764,2.966534282561213,46.18599999999999,45.45609523809524,78.3996842342943,0.7163597268442956
2016-08-16,107.34,107.93,106.94,107.1,33480899,46.325,46.325,46.06,46.06,4623751,106.32857142857144,101.9557619047619,78.4053155234489,2.9668282485781106,46.177571428571426,45.534476190476184,64.47368385062546,0.678124951988103
2016-08-17,106.83,107.09,106.08,106.93,23217740,46.08,46.1,45.776,46.041,5394292,106.44571428571429,102.41619047619047,74.4935542317763,2.9196873017414617,46.16785714285714,45.61661904761905,63.55626716468255,0.6389253426051837
2016-08-18,106.96,107.31,106.75,106.81,19296763,46.031,46.109,45.889,46.06,3614740,106.48428571428572,102.86680952380955,74.4935542317763,2.839908072148731,46.14685714285714,45.67214285714286,61.094484456895046,0.6024478669621018
2016-08-19,106.5,107.4,106.1,107.08,25057769,45.933,46.128,45.825,46.09,4884975,106.67428571428572,103.35485714285716,70.34261231426161,2.7665778145231172,46.15114285714286,45.74033333333333,60.279353625530014,0.5693963077891695
2016-08-22,106.59,106.77,105.6,106.25,25105654,45.962,46.138,45.884,46.09,4721905,106.75571428571428,103.83904761904763,76.04166654345104,2.6113865549643265,46.13171428571428,45.795904761904765,70.8932233098023,0.5370123647586595
2016-08-23,106.33,107.04,106.27,106.58,19390253,46.226,46.365,46.216,46.256,8469760,106.84857142857142,104.40019047619047,73.11688298394338,2.486363356677927,46.142857142857146,45.86214285714286,71.04187896088541,0.5187626958343685
2016-08-24,106.3,106.48,105.43,105.78,23001540,46.236,46.256,45.894,46.001,6944124,106.64714285714285,104.95428571428572,63.43949033271941,2.2962584194828395,46.08542857142857,45.91161904761905,58.2104723869107,0.47821081624029915
2016-08-25,105.15,105.63,104.46,105.32,23392897,45.923,46.158,45.844,46.1,6032018,106.39285714285714,105.1952380952381,50.666666561580165,2.0844524610595414,46.09114285714286,45.948095238095235,49.41538418965213,0.4488871405897825
2016-08-26,105.17,105.7,104.1,104.7,27370509,46.07,46.452,45.869,46.119,12358120,106.07428571428571,105.34238095238094,39.13713396796303,1.8452944883796363,46.10228571428571,45.984047619047615,50.305997121001184,0.42231289738109723
2016-08-29,104.4,105.2,104.08,104.59,23921658,46.1,46.365,46.1,46.295,7123470,105.75714285714285,105.49,34.197730878643625,1.6281160825662795,46.13585714285715,46.01995238095238,52.57009302804831,0.4107198248115367
2016-08-30,103.6,104.29,103.3,103.78,22815497,46.207,46.305,45.982,46.139,5833593,105.28571428571429,105.51380952380953,34.08723740271053,1.3747926468712848,46.142857142857146,46.044714285714285,52.295176797133955,0.38451192094864695
2016-08-31,103.46,104.35,103.44,103.89,27265644,46.08,46.129,45.913,46.07,11386483,104.94857142857144,105.61571428571428,35.634028812379285,1.169427645721413,46.14,46.08252380952381,45.19704394534577,0.3540924871991038
2016-09-01,103.93,104.57,103.42,104.5,25052908,46.05,46.246,45.844,46.207,9385405,104.65142857142858,105.68619047619048,39.15022753443038,1.043863298430523,46.132999999999996,46.11942857142857,50.84646776891395,0.33715313041870587
2016-09-02,105.45,105.75,104.59,105.48,26313135,46.432,46.54,46.207,46.413,7039116,104.60857142857142,105.77238095238094,36.4500791584309,1.01176743319202,46.191857142857145,46.154428571428575,50.29515897040595,0.33647240211020346
2016-09-06,105.65,106.04,105.27,105.45,23740653,46.442,46.649,46.383,46.649,15412365,104.62714285714286,105.78285714285714,36.79999991756804,0.9726978244360254,46.27028571428571,46.17966666666667,68.55702523012052,0.3509308354626839
2016-09-07,105.58,106.49,104.83,106.1,39707231,46.649,46.776,46.521,46.766,11818854,104.82714285714287,105.78238095238096,43.83358088949913,0.9828547084655241,46.36271428571429,46.21095238095238,71.5133525215507,0.36759278939454276
2016-09-08,105.01,105.03,103.04,103.32,50719791,46.6,46.61,46.261,46.375,8455625,104.64571428571428,105.62904761904763,31.416400379144804,0.7578453759135186,46.374142857142864,46.21895238095238,57.6567813285391,0.34526705199762375
2016-09-09,102.46,103.52,100.98,100.98,44964056,45.962,46.124,45.247,45.247,17509750,104.24571428571429,105.40190476190476,23.38568932570682,0.3862529315959904,46.24671428571428,46.180238095238096,36.64025340318108,0.23385780415676294
2016-09-12,100.51,103.52,100.39,103.24,41785747,45.021,46.1,44.952,46.001,19394272,104.15285714285713,105.28571428571429,38.32428234782463,0.2710024076253177,46.23685714285715,46.16952380952381,48.86160125759459,0.20405445836512826
2016-09-13,105.27,106.52,105.0,105.7,62547232,45.825,45.987,45.482,45.668,17709205,104.32428571428571,105.2747619047619,47.07057252603277,0.3738573827750855,46.15985714285715,46.1452380952381,42.787045976688255,0.1518147491737878
2016-09-14,106.46,110.66,106.34,109.44,108613122,45.678,46.168,45.668,45.884,17452558,104.88999999999999,105.38190476190476,60.18930952991925,0.7485288603679123,46.08428571428571,46.12052380952381,48.5509039683645,0.12638688870565318
2016-09-15,111.49,113.31,111.12,113.15,90447884,45.982,46.726,45.884,46.639,16648497,105.99000000000001,105.67,68.45827435368153,1.3294990623524114,46.082857142857144,46.14809523809524,55.7425951884943,0.1652523896071969
2016-09-16,112.72,113.71,111.67,112.53,71964632,46.655,46.655,46.26,46.466,16137104,106.90857142857143,105.93666666666667,68.45827435368147,1.720065470604041,46.04,46.16833333333333,53.5795335774472,0.1800187804604647
2016-09-19,112.79,113.76,110.88,111.21,47369748,46.585,46.811,46.25,46.379,7235219,108.03571428571429,106.14619047619047,64.76360388462574,1.9011637623042787,46.040571428571425,46.18352380952381,50.88272368382549,0.18259622308953993
2016-09-20,110.68,111.75,110.17,111.2,34656540,46.536,46.625,46.287,46.349,5080884,109.49571428571429,106.34238095238095,67.16003695928583,2.0205864835816243,46.198,46.19585714285714,52.266839220264224,0.1801415559403594
2016-09-21,111.48,111.62,110.1,111.18,33923980,46.526,46.9,46.349,46.871,12240585,110.63000000000001,106.57714285714285,66.92986526070518,2.0895292255102476,46.32228571428571,46.23304761904762,57.87610603534602,0.21780651408911922
2016-09-22,111.97,112.55,111.63,112.23,30131295,47.146,47.211,47.037,47.156,10666460,111.56285714285714,106.84619047619047,67.59217109939509,2.2034925791522113,46.53485714285714,46.27590476190476,59.06745636786843,0.2675690139026585
2016-09-23,112.04,112.4,109.23,110.36,52802745,47.146,47.146,46.663,46.742,12178258,111.69428571428571,107.06428571428573,60.67366575461805,2.1184952912175277,46.657428571428575,46.31119047619048,53.02334116112355,0.2704818668744906
2016-09-26,109.32,111.02,109.23,110.52,29240653,46.545,46.627,46.379,46.466,19927041,111.31857142857143,107.31190476190477,61.02653323817435,2.040523110742015,46.63271428571429,46.32861904761905,48.330596483008875,0.24766450818433583
2016-09-27,110.63,110.81,110.0,110.72,24405226,46.526,46.998,46.408,46.978,8915598,111.05999999999999,107.59857142857143,60.24844716754756,1.9721343868852301,46.70585714285715,46.36952380952381,51.80394814069858,0.26780857749336207
2016-09-28,111.32,112.25,111.06,111.58,29459822,47.018,47.087,46.772,47.067,9193452,111.11285714285715,107.93142857142857,70.02909791559617,1.9646830005372067,46.80414285714285,46.406285714285715,56.2073913191777,0.28763873347629954
2016-09-29,110.79,111.43,109.47,109.85,35383410,47.008,47.123,46.645,46.782,11589344,110.92,108.22047619047619,72.16391799048998,1.798449771910839,46.866,46.43690476190476,66.22278568439668,0.27716220345180176
2016-09-30,110.12,111.0,109.47,110.68,34063033,46.89,47.171,46.851,47.028,9363911,110.84857142857142,108.54380952380953,70.02152847253491,1.7139257349880523,46.88842857142857,46.482523809523805,62.15960197247584,0.28541948387760385
2016-10-03,110.36,110.68,109.94,110.18,21290000,46.9,47.008,46.778,46.89,6331112,110.5557142857143,108.81428571428572,63.47773761199227,1.5882852418435647,46.850428571428566,46.51504761904762,65.16881804558997,0.27762767242912645
2016-10-04,110.69,111.93,110.28,110.63,29927280,47.047,47.121,46.558,46.722,9044602,110.59428571428573,109.05952380952381,54.46361584677488,1.5076462772221646,46.84757142857143,46.529761904761905,60.52763797804347,0.25495741932927984
2016-10-05,111.03,111.29,110.34,110.68,20421419,46.851,46.998,46.801,46.89,9151923,110.61714285714287,109.30857142857143,37.228541828211036,1.4312750510689654,46.908142857142856,46.54123809523809,53.69879140825723,0.24769203676581242
2016-10-06,111.33,111.96,110.76,111.52,28654697,46.93,47.042,46.722,46.998,5085840,110.73142857142857,109.56666666666665,44.893832090140144,1.4221377650393237,46.911,46.55228571428571,57.99278821757836,0.24779246881134753
2016-10-07,111.93,112.17,111.14,111.69,24470377,47.037,47.097,46.645,46.871,6171090,110.74714285714286,109.96523809523809,52.74599533885083,1.4123334780925774,46.883,46.575904761904766,57.30403776655099,0.23491625495744017
2016-10-10,112.63,114.31,112.33,113.63,36107269,47.116,47.303,47.087,47.196,6764391,111.28714285714287,110.56761904761905,61.38706646116032,1.5433149230420753,46.942142857142855,46.66871428571429,61.56156132627309,0.24807687082736862
2016-10-11,115.25,116.21,113.78,113.88,63602119,47.196,47.254,46.456,46.663,8857739,111.74428571428572,111.07428571428571,62.385321020789426,1.6482910987370758,46.89,46.70023809523809,47.1692975883586,0.21304228929152913
2016-10-12,114.91,115.51,114.31,114.9,37745045,46.703,46.871,46.461,46.742,5602202,112.41857142857143,111.51238095238097,62.28150865943502,1.7931209674583783,46.868857142857145,46.751380952380956,44.03114169076237,0.18946770501938914
2016-10-13,114.35,115.0,113.3,114.54,34806734,46.437,46.595,46.053,46.447,9814799,112.97714285714285,111.7552380952381,72.32905972087534,1.857439286627951,46.829571428571434,46.77819047619048,45.59570001841159,0.14530564947831692
2016-10-14,115.43,115.7,114.69,115.18,35191224,46.635,46.939,46.585,46.625,9599403,113.62,111.85190476190476,73.67886168379025,1.9377178639075083,46.79171428571429,46.77752380952381,52.44540118910008,0.12324927377544981
2016-10-17,114.89,115.39,114.34,115.11,22473663,46.625,46.717,46.496,46.526,5155234,114.13285714285715,111.97476190476192,72.60556117235032,1.972947884694534,46.72428571428571,46.78038095238095,42.03664531764866,0.09666665151507914
2016-10-18,115.71,115.74,115.01,115.03,22508257,46.871,46.988,46.722,46.782,5139853,114.61,112.15666666666667,69.31690918584133,1.9716842498730358,46.711571428571425,46.79957142857143,45.25790328332414,0.09515984887215723
2016-10-19,114.81,115.31,111.43,114.68,19945147,46.752,46.92,46.663,46.871,5115408,114.75999999999999,112.32238095238095,81.98675481485904,1.9203046584901244,46.66514285714286,46.82442857142857,51.58419340613087,0.09999457786847898
2016-10-20,114.42,114.94,113.91,114.62,24118935,46.752,46.772,46.428,46.655,6244306,114.86571428571428,112.48619047619047,79.05604703439752,1.8533798543184474,46.664,46.814142857142855,43.288952642660895,0.08541216237706806
2016-10-21,114.37,114.47,113.86,114.17,22320703,46.722,46.811,46.595,46.782,8206134,114.76142857142858,112.57857142857144,79.64338765007314,1.7439273170976861,46.66971428571429,46.79633333333334,48.04913270495371,0.08314488913021734
2016-10-24,114.66,115.29,114.56,115.2,23201534,47.028,47.264,46.988,47.234,5435612,114.85571428571428,112.8090476190476,81.2585497759754,1.7204653313310132,46.78214285714285,46.819761904761904,58.38794206506193,0.1164779953997126
2016-10-25,115.48,115.89,114.87,115.78,39372794,47.303,47.303,46.978,47.067,4431936,114.94142857142857,113.05952380952381,82.52551005671461,1.7287447973961036,46.845285714285716,46.84838095238095,52.90068805617515,0.12794435506499013
2016-10-26,111.93,113.28,110.94,113.17,65731885,46.673,47.052,46.655,46.801,6379995,114.66428571428571,113.17619047619048,58.58480740684837,1.5073256349411395,46.88457142857143,46.83995238095238,46.930507741655674,0.11425054163961335
2016-10-27,112.97,113.44,111.73,112.1,28622558,47.008,47.018,46.683,46.742,8962157,114.24571428571429,113.20095238095239,51.950523241930775,1.2313154576907692,46.87885714285714,46.82447619047619,47.94651363538635,0.09751321725632067
2016-10-28,111.5,112.81,111.08,111.35,35517569,46.871,47.176,46.575,46.693,10584506,113.77000000000001,113.27238095238094,37.76824028661426,0.9412070230052763,46.85342857142857,46.82023809523809,41.22164028722408,0.07937983527787651
2016-10-31,111.28,111.85,110.83,111.17,26982072,46.811,46.88,46.673,46.673,5974007,113.27714285714286,113.29571428571428,35.35135129784666,0.6888291095279584,46.855999999999995,46.803333333333335,50.21258473512928,0.06267271452237111
2016-11-01,111.09,111.4,108.23,109.17,44759202,46.772,46.821,45.95,46.27,9210186,112.56285714285714,113.24761904761905,21.99413486726121,0.32370306210809474,46.78285714285715,46.773809523809526,41.180866750174914,0.016720722881764516
2016-11-02,109.08,110.01,108.91,109.27,28935110,46.27,46.408,45.862,45.975,8297821,111.71571428571428,113.18285714285715,23.570712103310882,0.0419239302308938,46.603,46.73823809523809,41.18086675017479,-0.04300486285241334
2016-11-03,109.23,109.7,107.82,108.09,27365705,45.846,45.945,45.513,45.533,10287583,110.61714285714285,113.05952380952381,16.270218817527734,-0.2734520156014355,46.383857142857146,46.67361904761905,31.428571278911576,-0.12456758828115255
2016-11-04,106.82,108.5,106.4,107.11,31332886,45.493,45.817,45.338,45.453,8284082,109.75142857142858,112.84952380952382,14.973730279366663,-0.5956018077424403,46.19128571428571,46.60004761904762,31.633002244826415,-0.19343220121499627
2016-11-07,108.33,108.76,107.73,108.66,32097231,46.122,46.456,46.014,46.437,13436019,109.25999999999999,112.70523809523809,25.29092316880734,-0.7175641599014142,46.14771428571429,46.57938095238095,45.272677272179386,-0.16668587572196714
2016-11-08,108.56,109.95,107.96,109.31,23340607,46.349,46.856,46.299,46.663,9921220,108.96857142857144,112.49952380952382,29.643669415086308,-0.7530894881182633,46.14342857142857,46.554,47.25303733186931,-0.12580273323344926
2016-11-09,108.14,109.56,106.34,109.13,56639402,45.955,46.683,45.709,46.605,27561557,108.67714285714285,112.27333333333333,29.376408684352356,-0.7866994804463445,46.13371428571429,46.5512380952381,49.31091491445617,-0.09696491238650395
2016-11-10,109.34,109.34,104.16,106.08,57233876,46.871,46.871,45.217,45.856,40147546,108.23571428571428,111.85333333333331,24.57573850760147,-1.0473717025786584,46.07457142857144,46.50904761904762,39.105882224121835,-0.13301545260742387
2016-11-11,105.42,107.14,104.86,106.72,34260819,45.6,46.093,45.6,45.994,14316940,107.87142857142858,111.48095238095237,22.68041235067487,-1.1886120851315667,46.077285714285715,46.48747619047619,34.24796735785776,-0.14873578522942665
2016-11-14,106.01,106.1,102.43,104.04,51998455,46.034,46.063,45.079,45.296,19274403,107.29285714285713,110.9504761904762,16.685584549739033,-1.499514241432209,46.04342857142857,46.424190476190475,30.176852379118813,-0.21503820212439706
2016-11-15,104.88,105.98,104.48,105.41,32783355,45.6,46.096,45.58,45.936,17648687,107.05,110.48857142857142,26.312576290086895,-1.616722321252567,46.11242857142857,46.396095238095235,41.065895357380136,-0.21347983129140147
2016-11-16,105.01,108.48,104.91,108.25,59075293,45.826,46.388,45.768,46.359,10286178,106.99142857142859,110.16571428571429,39.39393936355289,-1.4635751208696206,46.101285714285716,46.37595238095238,46.32084521642811,-0.1760824771482703
2016-11-17,108.07,108.6,107.1,108.21,26926203,46.418,46.693,46.309,46.655,8278230,106.8342857142857,109.85761904761904,40.997706389107336,-1.330099962497016,46.10014285714286,46.36566666666666,49.65150390771811,-0.12116338228230461
2016-11-18,107.98,108.79,107.92,108.31,26701564,46.762,46.861,46.521,46.615,8954817,106.71714285714286,109.55714285714285,41.762672777380345,-1.2023903659088262,46.101571428571425,46.36376190476191,49.470029113198024,-0.0799457053100241
2016-11-21,108.37,110.22,108.27,109.96,27750355,46.782,47.124,46.712,47.087,9119273,107.27142857142859,109.35666666666665,52.322163390211024,-0.9570066037282317,46.27742857142857,46.37828571428571,57.37231532156427,-0.009089169729918467
2016-11-22,110.18,110.63,109.64,110.03,22763071,47.244,47.311,47.126,47.234,8624562,107.74428571428572,109.11047619047619,52.237926929839176,-0.7482642646553757,46.454571428571434,46.37828571428572,61.672538315702695,0.05825528600639984
2016-11-23,109.6,109.75,108.58,109.47,25113722,47.206,47.206,46.88,47.047,8246569,108.52000000000001,108.80999999999999,54.21760386558393,-0.6208648335908151,46.70471428571428,46.37733333333333,64.73335910738281,0.09543677940657602
2016-11-25,109.38,110.1,109.2,110.02,11243972,47.077,47.254,47.028,47.244,3159243,109.17857142857143,108.65999999999998,59.133709929198226,-0.47010043792951706,46.891571428571424,46.39842857142857,67.04091323718879,0.13919508016846294
2016-11-28,109.67,110.68,109.63,109.81,25507986,47.206,47.5,47.176,47.283,7607609,109.40142857142857,108.55095238095237,53.941055465717994,-0.3633750517227412,47.02357142857143,46.424190476190475,59.81438495651944,0.17500349153269923
2016-11-29,109.03,110.26,108.32,109.7,28114816,47.254,47.539,47.146,47.313,6023255,109.61428571428573,108.47238095238096,51.38790030466687,-0.2843921986921032,47.117571428571424,46.453714285714284,57.899853959504696,0.20345733529062926
2016-11-30,109.84,110.42,108.52,108.77,33487474,47.382,47.382,46.742,46.752,12003560,109.67999999999999,108.35809523809523,48.783783737636966,-0.29345814348357635,47.13714285714286,46.45747619047619,51.591942663572254,0.17867949395805738
2016-12-01,108.62,109.19,107.3,107.76,35443246,46.693,46.811,45.66,45.788,22230553,109.36571428571428,108.29095238095236,56.583072038231776,-0.3777866399044285,46.95157142857143,46.43452380952381,49.29635747306514,0.08033013685751911
2016-12-02,107.44,108.34,107.12,108.16,24243808,45.749,46.063,45.64,45.955,10212024,109.09857142857142,108.23809523809524,55.750798659703584,-0.4076418819446559,46.768857142857144,46.433571428571426,49.59884783082001,0.015682291415700433
2016-12-05,108.26,108.29,106.54,107.38,32817489,46.21,46.511,46.024,46.398,9147950,108.8,108.20428571428572,65.72504699433605,-0.4886094717830787,46.676142857142864,46.474761904761905,61.96265721505052,0.00019258582548786762
2016-12-06,107.77,108.61,107.46,108.21,25593403,46.506,46.615,46.319,46.536,9402816,108.54142857142857,108.25666666666666,63.88888880015431,-0.4802665923484142,46.574999999999996,46.52633333333334,57.30994132496607,-0.000936871099320058
2016-12-07,107.53,109.43,107.43,109.28,29781884,46.506,47.459,46.476,47.422,10132346,108.46571428571428,108.28619047619048,56.19735249256764,-0.38290089943124883,46.594857142857144,46.573238095238096,61.6378364653098,0.0688669660233927
2016-12-08,109.11,110.64,108.85,110.35,26299711,47.442,47.747,47.313,47.539,9828976,108.55857142857143,108.33571428571427,61.45610269160757,-0.21689756851972675,46.62714285714286,46.61495238095238,60.07292597059682,0.1321051066064527
2016-12-09,110.53,112.88,110.53,112.15,33899172,47.718,47.884,47.638,47.884,12480637,109.04142857142857,108.47952380952381,67.39130426236613,0.05922353197813379,46.78885714285714,46.67585714285714,63.52013618383076,0.20766655456633032
2016-12-12,111.5,113.17,110.7,111.51,26334256,47.738,47.844,47.588,47.738,9738541,109.57714285714285,108.73809523809524,57.72681946080011,0.22382868442542758,47.06742857142857,46.76547619047619,57.45362930974328,0.25285382513812493
2016-12-13,112.04,114.09,111.95,113.36,42609408,47.944,48.573,47.914,48.336,14172104,110.32000000000001,109.05428571428571,64.09822176990897,0.4978204285431076,47.40757142857143,46.877,61.436280435843024,0.33307913598339667
2016-12-14,113.21,114.36,113.15,113.36,32880126,48.366,48.553,48.07,48.17,18192947,111.17428571428572,109.49809523809525,67.28888880515163,0.7068131576547643,47.660714285714285,47.01385714285715,61.70523225685363,0.37889578538088386
2016-12-15,113.55,114.89,113.4,113.99,44092267,48.229,48.627,48.15,48.386,11754976,112.0,109.90666666666667,67.5198586985633,0.9127554592931801,47.925,47.13052380952381,61.856312112543954,0.4277048892064812
2016-12-16,114.63,114.66,113.82,114.14,39326480,48.52,48.53,47.964,48.036,10668223,112.69428571428571,110.18714285714287,69.21029272680177,1.075670305770089,48.01271428571429,47.21038095238095,57.34347556020895,0.43315128235524014
2016-12-19,113.97,115.51,113.92,114.8,26726101,48.075,48.54,48.036,48.382,6690892,113.33,110.50095238095238,71.57360397613954,1.2437013643400832,48.13314285714286,47.29261904761905,59.81995207836127,0.4600833421458006
2016-12-20,114.9,115.63,114.84,115.11,19184853,48.512,48.639,48.442,48.56,5771086,113.75285714285714,110.82476190476191,78.30357133069201,1.3859057394095657,48.22971428571429,47.385238095238094,67.86561246045085,0.490140273980046
2016-12-21,114.96,115.53,114.94,115.21,21988995,48.54,48.56,48.362,48.462,4665378,114.28142857142858,111.07476190476191,86.20019424618047,1.4895028339579,48.33314285714285,47.450714285714284,81.87887430941726,0.5002858442321738
2016-12-22,114.51,114.67,113.81,114.45,25566176,48.462,48.492,48.21,48.362,11206071,114.43714285714285,111.28523809523809,79.53051632737777,1.493067476878025,48.33685714285714,47.50442857142857,79.16161834061968,0.49455618167493043
2016-12-23,113.76,114.68,113.76,114.68,13998412,48.313,48.422,48.228,48.412,6415516,114.62571428571428,111.53333333333335,86.13861374198616,1.4971928526487375,48.37142857142857,47.569428571428574,76.96839821168783,0.4884197659201135
2016-12-27,114.68,115.93,114.65,115.41,17786684,48.462,48.837,48.442,48.61,6863243,114.82857142857142,111.79,85.99999987960007,1.541596576085638,48.40342857142857,47.63447619047619,77.33263018380157,0.49384086735528143
2016-12-28,115.65,116.15,114.36,114.92,19619378,48.669,48.734,48.155,48.175,7867048,114.94000000000001,112.03333333333335,79.93630561368286,1.5197294468571698,48.42328571428572,47.67695238095238,61.26233895971499,0.45775949819645234
2016-12-29,114.61,115.26,114.56,114.89,14988280,48.175,48.308,48.065,48.185,4851829,114.95285714285716,112.28047619047618,77.08830536047309,1.4828850641641083,48.39514285714286,47.718476190476196,59.981458331353394,0.4250717075655004
2016-12-30,114.81,115.35,113.6,113.99,31078121,48.293,48.293,47.661,47.808,8599604,114.79285714285716,112.52904761904763,62.2994651240384,1.3653245356819355,48.28771428571429,47.7687619047619,48.83720909310865,0.3645434190932093
2017-01-03,113.97,114.49,112.93,114.31,28186251,48.115,48.402,47.948,48.235,14086505,114.66428571428571,112.8409523809524,69.55307248970072,1.2831865200827082,48.25528571428572,47.885285714285715,57.001972161727906,0.34702930796428433
2017-01-04,114.02,114.67,113.92,114.19,20850505,48.273,48.472,48.245,48.402,7300000,114.62714285714287,113.12809523809524,57.64272544990825,1.1946375161792417,48.261,48.00180952380953,51.05837052122609,0.3426746133992893
2017-01-05,114.09,115.02,113.98,114.77,22044719,48.352,48.6,48.293,48.482,5545273,114.64,113.48000000000002,61.73044910744986,1.157915219489297,48.271,48.10104761904762,55.14511847888132,0.3417394582455344
2017-01-06,114.94,116.29,114.63,116.04,31419514,48.482,48.906,48.342,48.837,8824528,114.73,113.85285714285716,65.41353369687384,1.2172591155927392,48.303428571428576,48.210619047619055,57.111321097584806,0.36543140838722366
2017-01-09,116.08,117.54,116.07,117.11,32145605,48.867,48.986,48.797,48.827,8408879,115.04285714285713,114.22571428571428,69.61690872197667,1.335237847689811,48.39657142857143,48.277523809523814,63.970328189478984,0.3790312962943929
2017-01-10,116.89,117.49,116.43,117.23,21526096,48.837,49.006,48.669,48.837,7824723,115.37714285714286,114.55333333333333,67.2830724122386,1.4220275910970486,48.489714285714285,48.339333333333336,59.11823614122033,0.3861647549533558
2017-01-11,116.86,118.03,116.72,117.86,26871766,48.749,49.064,48.684,49.064,7673942,115.92999999999999,114.82523809523809,68.70748286232589,1.524076220933523,48.66914285714285,48.39552380952381,59.90566004768886,0.4054611712251486
2017-01-12,117.01,117.41,116.34,117.37,27099166,48.877,49.001,48.482,48.946,6941819,116.36714285714287,115.10428571428572,63.95348825641496,1.5475721420768167,48.770714285714284,48.45304761904762,59.4383772105547,0.4065457005409385
2017-01-13,117.23,117.73,116.93,117.16,25804433,48.946,49.183,48.946,49.094,4888595,116.79142857142857,115.2852380952381,68.8456187811072,1.5315923407836465,48.869571428571426,48.48914285714285,64.01225080544722,0.4145686713662329
2017-01-17,116.47,118.33,116.35,118.1,32437894,48.966,49.039,48.797,48.906,4873631,117.26714285714286,115.51095238095238,71.64556949328625,1.5766042646618246,48.93014285714286,48.524190476190476,58.98181788154701,0.40113289441891453
2017-01-18,118.1,118.59,117.82,118.09,22940226,49.044,49.104,48.911,49.034,6218871,117.56000000000002,115.70619047619047,68.66295251235638,1.5931052960232392,48.95828571428571,48.55504761904762,57.91044745867667,0.39624579972321783
2017-01-19,117.51,118.19,117.48,117.89,24226408,49.034,49.208,48.877,48.966,7330559,117.67142857142858,115.8847619047619,71.55297518116951,1.5719239924343356,48.978142857142856,48.599333333333334,67.09900521427312,0.3824767563038236
2017-01-20,118.54,118.54,117.85,118.1,28871584,49.183,49.361,49.104,49.233,8839138,117.79571428571428,116.04190476190476,72.70155572590916,1.554167427030663,49.03471428571429,48.639857142857146,70.38910467492295,0.38862948004869224
2017-01-23,118.1,118.9,117.88,118.19,19773986,49.183,49.341,48.976,49.321,12115681,117.84285714285714,116.18857142857144,83.54632569174943,1.529723765508919,49.07142857142856,48.676095238095236,83.16527787623217,0.3960411071416985
2017-01-24,117.66,118.2,117.61,118.07,22955721,49.282,49.703,49.262,49.628,6585995,117.94285714285714,116.32476190476189,81.02310212304886,1.483567349610027,49.16885714285714,48.73161904761905,82.23044833353691,0.4218246770049774
2017-01-25,118.51,120.17,118.37,119.95,32181237,49.895,50.102,49.855,50.102,9302690,118.34142857142857,116.58666666666667,86.82864434583107,1.5804696750497982,49.31285714285714,48.81447619047619,84.44084230868218,0.47503032659010813
2017-01-26,119.74,120.51,119.68,120.01,25763704,50.092,50.127,49.825,49.965,7207917,118.61428571428571,116.84047619047617,85.89041079418278,1.6431655747527572,49.46414285714286,48.88842857142857,79.36633619361241,0.5003734386401106
2017-01-27,120.21,120.42,119.68,120.02,20442567,50.142,50.251,50.053,50.162,6091926,118.89,117.05999999999999,82.94701967528832,1.6743584810755578,49.62528571428572,48.96233333333333,77.98901517032263,0.5302419915152967
2017-01-30,119.02,119.7,118.75,119.7,30221237,49.994,49.994,49.529,49.756,8529786,119.14857142857143,117.28761904761905,74.4801510316216,1.6541892939372929,49.738142857142854,49.037619047619046,66.8114365054796,0.5152131712150592
2017-01-31,119.23,119.47,118.71,119.43,40551991,49.598,49.648,49.291,49.509,9658685,119.33857142857143,117.50380952380952,70.22058805457945,1.5979976026587366,49.77757142857143,49.10066666666667,61.19999971440001,0.4778633755813644
2017-02-01,125.02,128.43,125.0,126.7,112035964,49.965,50.043,49.608,49.885,11815646,120.55428571428571,118.10904761904762,86.58940387315803,2.1157049943617636,49.85814285714286,49.19957142857143,63.03588412750006,0.47314928070503015
2017-02-02,125.95,127.34,125.76,126.5,32642923,49.737,49.87,49.529,49.786,8697918,121.75857142857144,118.6895238095238,88.71925349940038,2.481251184506732,49.880714285714284,49.27342857142857,63.41853006777668,0.45616645103605435
2017-02-03,126.28,127.14,126.14,127.03,24901403,49.975,50.177,49.965,50.112,6912338,122.77,119.30095238095237,90.7514449817903,2.7816506077313505,49.88214285714286,49.35485714285714,65.38694047296953,0.4636680351867284
2017-02-06,127.08,128.44,126.87,128.23,26535136,50.043,50.147,49.915,50.142,6804046,123.94428571428571,119.94190476190475,90.94583659876791,3.0810330548989953,49.907428571428575,49.43390476190476,69.61904730962983,0.4666545408866938
2017-02-07,128.48,130.0,128.39,129.44,36819227,50.241,50.399,50.202,50.339,10169055,125.28999999999999,120.58,91.82019150438595,3.377004680971666,49.93271428571428,49.505428571428574,70.27026996465261,0.4793914950289846
2017-02-08,129.27,130.13,129.14,129.95,21807865,50.389,50.508,50.197,50.429,6426309,126.75428571428571,121.19142857142857,93.44380394033047,3.611090659450582,50.02885714285714,49.581714285714284,72.57019407097124,0.4910869263936988
2017-02-09,130.13,130.91,129.6,130.89,24315896,50.459,50.716,50.429,50.586,4926152,128.39142857142858,121.84190476190477,93.77138936941826,3.828325079518663,50.18271428571428,49.665,71.60651517007643,0.5071777979598622
2017-02-10,130.93,131.4,130.53,130.6,19547142,50.706,50.815,50.571,50.735,4221383,128.94857142857143,122.44857142857143,91.89736655728817,3.9317614476116916,50.30414285714286,49.744571428571426,72.14912249057419,0.525890842087648
2017-02-13,131.54,132.27,131.21,131.75,22372021,50.825,51.022,50.755,50.963,6655438,129.69857142857143,123.13333333333334,93.1818180994606,4.059732830617762,50.47228571428572,49.84061904761905,71.44233825885249,0.5527470351554342
2017-02-14,131.93,133.52,131.71,133.45,31422950,50.903,51.13,50.755,51.13,6305605,130.6157142857143,123.9090476190476,93.10344819262791,4.2493430841909685,50.617714285714285,49.93757142857143,68.31788989435144,0.5808110378705891
2017-02-15,133.95,134.7,133.07,133.94,34025535,51.091,51.339,51.042,51.299,6016065,131.43142857142857,124.66333333333333,93.28775628924629,4.388560883039602,50.783,50.0515238095238,73.50246616313093,0.6096610566602862
2017-02-16,134.1,134.33,133.28,133.78,21789666,51.368,51.556,51.294,51.417,7142937,132.05142857142854,125.4104761904762,92.36453194007994,4.4348590344675785,50.937000000000005,50.165,72.74374736556283,0.6347297487985415
2017-02-17,133.53,134.26,133.53,134.15,21373610,51.358,51.596,51.279,51.596,7169388,132.65142857142857,126.18476190476188,94.35236333204837,4.450108480350266,51.10371428571428,50.290238095238095,86.33491263479914,0.6614162768407752
2017-02-21,134.66,135.17,134.41,135.12,22189166,51.704,51.882,51.625,51.862,7706313,133.25571428571428,126.9952380952381,96.17422005023906,4.488721482334142,51.286,50.41542857142857,96.11916842584553,0.6960063910979031
2017-02-22,134.86,135.54,134.54,135.53,17802516,51.813,51.961,51.704,51.922,6964167,133.96,127.82095238095238,93.58341546790058,4.500526865856159,51.45557142857143,50.53928571428572,95.57046920000614,0.7199615359877001
2017-02-23,135.79,135.88,134.73,134.92,18825464,51.99,52.03,51.684,51.912,6779576,134.41285714285715,128.62333333333333,89.94307388432605,4.409827073847964,51.591142857142856,50.64804761904762,99.53401612605963,0.7297274012319832
2017-02-24,134.34,135.08,133.71,135.08,21476672,51.605,52.05,51.576,52.03,7861684,134.6457142857143,129.3438095238095,89.57718768396454,4.3012750764187615,51.71971428571429,50.73985714285715,99.48400340930039,0.738475843788251
2017-02-27,135.56,135.84,134.71,135.35,19361217,52.02,52.02,51.882,52.0,8067527,134.84714285714284,130.0742857142857,88.52813839400497,4.188748296935302,51.819857142857146,50.83676190476191,97.93601580438383,0.7345211951495685
2017-02-28,135.5,135.84,135.12,135.41,21396929,51.912,51.961,51.675,51.753,7708835,135.07999999999998,130.80714285714288,86.89740405234069,4.057637591676894,51.86785714285714,50.91252380952381,85.56337967913117,0.7033485080947628
2017-03-01,136.29,138.52,136.0,138.18,35409768,52.07,52.554,51.952,52.485,9199924,135.65571428571428,131.68714285714285,89.7584539848678,4.129643305885537,51.99485714285715,51.042476190476194,89.08745199725313,0.7293032574609981
2017-03-02,138.37,138.65,137.16,137.36,25867137,52.436,52.446,52.11,52.139,7252753,135.9757142857143,132.54095238095238,81.62267828516943,4.07358347165146,52.03442857142857,51.16771428571428,77.54522841942787,0.7137258872213152
2017-03-03,137.18,138.22,136.99,138.17,20213907,52.1,52.257,51.99,52.257,7947502,136.35285714285712,133.08714285714285,85.20930221461111,4.0478547300532455,52.08228571428571,51.28066666666667,77.29555197914723,0.7028008719369865
2017-03-06,137.75,138.16,137.0,137.73,19165899,52.04,52.267,51.952,52.179,6792559,136.75428571428571,133.62190476190477,79.78087638277565,3.946467770338927,52.120428571428576,51.39461904761905,73.04776306949648,0.6800100380596703
2017-03-07,137.46,138.35,137.19,137.91,16882562,52.139,52.396,52.1,52.179,7060730,137.15857142857143,134.14000000000001,76.17370879501975,3.8364185253167307,52.14171428571428,51.49304761904761,71.22622379718058,0.6544045694884488
2017-03-08,137.35,138.19,137.22,137.4,18180205,52.237,52.396,52.164,52.237,5746126,137.45142857142858,134.57666666666668,70.25761112604145,3.6657939769339123,52.17557142857142,51.59280952380953,69.87288094143224,0.6315124836336281
2017-03-09,137.14,137.19,135.47,137.08,20855801,52.247,52.307,51.97,52.228,7738361,137.69,134.9404761904762,68.96551713040041,3.4648112797458452,52.24342857142857,51.682761904761904,68.01421548103121,0.6056624165549636
2017-03-10,137.65,137.74,137.04,137.54,18704430,52.475,52.614,52.287,52.505,7439326,137.59857142857143,135.30190476190478,69.28327634016316,3.3045563314674666,52.24628571428572,51.781619047619046,69.34865859051482,0.600604245293276
2017-03-13,137.56,137.82,137.22,137.6,17625458,52.505,52.614,52.456,52.554,7547090,137.63285714285715,135.62142857142857,65.73604049234714,3.1461280234833566,52.30557142857143,51.87533333333334,66.22889262326257,0.5937056296860561
2017-03-14,137.7,138.04,137.24,137.39,15488099,52.514,52.514,52.232,52.436,7323293,137.52142857142857,135.9447619047619,62.10937488677972,2.9693978331997073,52.331142857142865,51.956333333333326,61.73515942269773,0.5721217498834079
2017-03-15,137.8,139.12,137.42,138.83,25992231,52.514,52.881,52.357,52.791,9036387,137.67857142857142,136.28190476190477,72.9729728529236,2.9119665122287586,52.41857142857143,52.04338095238096,67.3372777346265,0.5770104850820914
2017-03-16,139.09,139.39,138.63,139.06,19456910,52.989,53.004,52.763,52.821,11104260,137.84285714285716,136.54904761904763,73.19347307404334,2.852133237824404,52.510285714285715,52.12390476190477,66.16264776204453,0.5766582350516245
2017-03-17,139.37,139.37,138.27,138.36,38384215,53.025,53.104,52.916,52.936,6948038,137.98,136.7595238095238,66.70366249346841,2.7169119175608785,52.61014285714286,52.20185714285714,68.4834119436147,0.5789844410385712
2017-03-20,138.77,139.87,138.6,139.83,21793966,52.946,53.103,52.836,52.985,4576240,138.37285714285716,137.04761904761904,71.20921295614902,2.6972722858152736,52.718285714285706,52.27652380952381,76.3924588391199,0.5781176857173591
2017-03-21,140.48,141.14,138.12,138.23,39992202,53.124,53.253,52.192,52.212,15018523,138.47142857142856,137.24190476190478,50.270270194185436,2.523511636603587,52.67642857142857,52.30585714285714,44.2526313180898,0.5091865505144995
2017-03-22,138.23,139.97,138.15,139.79,26162591,52.221,52.618,52.152,52.538,11470291,138.78428571428572,137.46428571428572,62.16216207504793,2.483060852900934,52.674142857142854,52.33804761904763,58.471337232017454,0.4753836776289049
2017-03-23,139.63,139.95,138.98,139.29,20584245,52.46,52.618,52.315,52.4,11446141,139.0557142857143,137.64333333333335,55.7851238862612,2.3831856137846046,52.669,52.36080952380952,53.0105260033064,0.43247392049485
2017-03-24,139.87,140.11,138.72,139.01,21671446,52.578,52.757,52.255,52.44,13241300,139.08142857142857,137.83809523809524,56.722688992214536,2.255440789818408,52.618857142857145,52.38595238095238,55.58408182362974,0.3971175703699359
2017-03-27,137.78,139.59,137.02,139.25,22479436,52.002,52.548,51.934,52.44,6879162,139.10857142857142,138.03666666666666,56.99373686869392,2.148798083978022,52.56442857142857,52.40547619047619,55.58408182362974,0.3648911698974828
2017-03-28,139.28,142.38,138.99,142.14,33139331,52.39,52.936,52.3,52.816,8518446,139.64857142857142,138.36,69.81605342998111,2.2712996895563435,52.54728571428571,52.44433333333334,60.90395448110913,0.36547856360256503
2017-03-29,142.02,142.83,141.53,142.46,28380855,52.796,52.936,52.678,52.906,5748719,140.0242857142857,138.69571428571427,72.4916387111301,2.36692003934499,52.536,52.49923809523809,62.39035055794411,0.3689532616495441
2017-03-30,142.53,142.84,141.84,142.27,18920203,52.866,53.069,52.826,53.005,8821115,140.60142857142858,138.8904761904762,70.2309665540433,2.3997061249133367,52.64928571428571,52.523999999999994,59.77326003251541,0.3753684437473197
2017-03-31,142.06,142.61,141.35,142.0,19012588,52.956,53.084,52.85,52.906,6148228,140.91714285714286,139.11142857142858,68.48739487740971,2.376507689106063,52.70185714285714,52.560523809523815,56.74846595303732,0.3682194446074334
2017-04-03,142.05,142.46,141.39,142.04,20219441,52.956,53.035,52.533,52.856,13117408,141.31,139.2957142857143,69.82097178367482,2.334440450919658,52.766999999999996,52.589047619047626,58.26771621427249,0.35443353992965854
2017-04-04,141.59,143.22,141.51,143.1,19657127,52.638,52.896,52.618,52.896,7578258,141.8942857142857,139.55142857142857,68.81057260234807,2.359436883099306,52.832142857142856,52.62319047619047,52.3595502323445,0.3427843719920389
2017-04-05,142.56,143.77,142.15,142.36,27332311,52.946,53.303,52.628,52.678,10557927,142.33857142857144,139.76333333333332,63.9123102112334,2.2931014737460487,52.866142857142854,52.646952380952385,47.03688327454769,0.31236084301535527
2017-04-06,142.63,142.86,141.79,142.0,20534685,52.737,52.846,52.558,52.688,6988074,142.31857142857143,139.98238095238096,65.7986110311474,2.18627912768585,52.847857142857144,52.66842857142857,44.627382744894604,0.28576279788530456
2017-04-07,142.07,142.52,141.61,141.68,16867174,52.608,52.796,52.469,52.658,6518816,142.20714285714286,140.20142857142858,58.91996134764898,2.052144479032563,52.812428571428576,52.68890476190476,42.8571425950197,0.259274155143693
2017-04-10,141.94,142.22,141.24,141.51,16881122,52.688,52.811,52.454,52.558,4880644,142.09857142857143,140.3904761904762,68.3445189086327,1.910105714657135,52.74857142857143,52.691428571428574,60.705445018640795,0.2275890458145824
2017-04-11,141.28,141.69,138.43,140.0,30734653,52.469,52.543,51.934,52.36,8521749,141.81285714285715,140.5047619047619,51.1811022816046,1.6565983555065031,52.67057142857143,52.68219047619048,44.018816790145685,0.18437605080386277
2017-04-12,139.97,140.51,139.38,140.17,20112357,52.31,52.365,52.077,52.182,8750565,141.54571428571427,140.63714285714286,55.14018682570528,1.4526641185023834,52.57428571428572,52.67009523809524,42.866491753841224,0.1342191339059582
2017-04-13,140.28,140.73,139.42,139.42,17342580,52.122,52.469,51.972,51.972,9817968,141.02,140.6652380952381,52.2702103287062,1.2165029457099479,52.44228571428572,52.631095238095234,36.21908097345892,0.07664070461095207
2017-04-17,139.85,140.25,139.24,140.2,15807795,52.132,52.469,52.132,52.45,7119818,140.71142857142857,140.7195238095238,54.96342729681416,1.0798353266194454,52.40971428571429,52.61342857142857,50.229779088595286,0.06878705539565289
2017-04-18,139.78,140.41,139.48,139.57,14228494,52.31,52.539,52.231,52.44,6277133,140.3642857142857,140.77714285714288,32.42134056718217,0.910197330732359,52.37428571428571,52.58980952380952,39.61325936210735,0.06105229255864231
2017-04-19,140.25,140.37,138.82,139.05,16712357,52.518,52.708,52.3,52.4,7315064,139.98857142857142,140.74,27.29693736589111,0.7254359683623761,52.337428571428575,52.56195238095238,35.62499971661947,0.051105657372282565
2017-04-20,139.59,141.26,139.53,140.79,22650719,52.538,52.96,52.46,52.876,7626327,139.88571428571427,140.86190476190475,41.83222951593239,0.7112162574643435,52.38285714285714,52.59357142857142,46.981749809197616,0.08070181889438999
2017-04-21,140.79,141.02,140.22,140.63,16824648,52.896,52.906,52.668,52.767,7674701,139.97571428571428,140.90190476190475,42.34636864884359,0.6792068969891147,52.440999999999995,52.60447619047619,46.76292470671601,0.09427485918784839
2017-04-24,141.84,142.29,141.52,141.98,17318652,53.343,53.431,53.223,53.392,8166812,140.2342857142857,141.02999999999997,49.70760227135413,0.7540803963661915,52.613857142857135,52.65171428571429,59.84570138213085,0.15369220005380413
2017-04-25,142.25,143.23,142.21,142.87,18890350,53.611,53.776,53.516,53.67,10121499,140.72714285714287,141.21380952380954,48.860257613077984,0.8751456121588603,52.85642857142857,52.71028571428571,63.0743240259998,0.22066940785414602
2017-04-26,142.81,142.94,141.72,142.02,20251016,53.709,53.799,53.561,53.611,8209080,140.98714285714286,141.3457142857143,48.333333266993435,0.892217839778084,53.022285714285715,52.76604761904762,66.65476582178977,0.2659231244173341
2017-04-27,142.26,142.5,141.65,142.13,14373797,53.749,53.869,53.695,53.829,8615357,141.35285714285712,141.34523809523807,50.65326626038734,0.9042007207928293,53.22071428571429,52.81428571428571,68.95978698390255,0.31573816589086334
2017-04-28,142.43,142.64,141.61,141.99,21104313,53.997,54.077,53.839,53.967,11505606,141.77285714285713,141.32285714285715,51.58648917889349,0.8921166449976283,53.44457142857142,52.86480952380953,70.9977539319959,0.36217743581011064
2017-05-01,143.41,145.5,143.28,144.89,33919167,54.167,54.439,54.067,54.375,7619937,142.35857142857142,141.44761904761904,63.5199999288577,1.1038215241324565,53.65871428571428,52.93004761904763,76.52554713245028,0.42698110955527824
2017-05-02,145.84,146.37,145.15,145.81,44952316,54.483,54.573,54.295,54.493,7463000,143.09857142857143,141.6290476190476,74.39126775470399,1.3304983209004035,53.90528571428571,53.00561904761904,81.88340772903804,0.4823004424376123
2017-05-03,143.9,145.79,142.61,145.37,46142971,54.315,54.434,54.147,54.395,7208662,143.58285714285714,141.78761904761905,71.34646954032446,1.4578320127168922,54.048571428571435,53.07890476190476,83.88973930338237,0.512327834952977
2017-05-04,144.83,145.45,144.12,144.84,23619320,54.415,54.444,54.177,54.355,7626755,143.8642857142857,141.87047619047618,72.65886279120221,1.4987022041660794,54.146428571428565,53.148380952380954,88.49757633635969,0.5268241927931854
2017-05-05,145.07,147.26,145.07,147.24,27647313,54.444,54.568,54.31,54.553,6877964,144.60999999999999,142.10285714285715,75.92047120302772,1.7050967734876394,54.281,53.23766666666667,87.35346315348163,0.54797291539969
2017-05-08,147.31,151.92,147.31,151.24,49253481,54.593,54.821,54.493,54.791,6099789,145.9114285714286,142.54285714285712,84.42477869133074,2.166458937218323,54.41842857142857,53.337809523809526,88.62964139309389,0.5772834768104858
2017-05-09,152.09,153.09,151.67,152.21,39488435,54.851,55.005,54.751,54.861,7748557,147.3714285714286,143.0442857142857,87.81609188336647,2.5806149465546753,54.546142857142854,53.44271428571429,90.04230352730471,0.5992529083795048
2017-05-10,151.85,152.16,150.35,151.49,26082077,54.921,55.109,54.796,55.069,5336369,148.31428571428572,143.51952380952383,82.66178259113168,2.8182515356751594,54.64528571428571,53.562285714285714,89.09090864624848,0.626228925610171
2017-05-11,151.31,152.92,151.17,152.8,27444703,54.901,55.029,54.683,55.0,9160094,149.31285714285715,144.1290476190476,84.71192235105732,3.07681864640287,54.71771428571429,53.687999999999995,90.3797463778237,0.634723196367986
2017-05-12,153.54,155.25,153.51,154.93,32675245,55.049,55.169,54.99,55.139,4683134,150.67857142857142,144.83190476190478,85.36318944865741,3.414250785618009,54.824,53.828809523809525,88.32821358639933,0.6452332581142102
2017-05-15,154.84,155.48,153.89,154.53,26110341,55.208,55.446,55.178,55.446,10025179,152.06285714285715,145.55142857142857,82.71604931773155,3.6078030224889233,54.97985714285715,53.99423809523809,88.4748694806546,0.6706045799026867
2017-05-16,154.77,154.89,153.56,154.31,20146922,55.575,55.704,55.387,55.704,9129684,153.07285714285717,146.22333333333333,85.74752756250932,3.700782091006147,55.144285714285715,54.14919047619047,91.74311875372784,0.7034213752651439
2017-05-17,152.45,153.42,148.59,149.12,51061768,55.268,55.317,54.157,54.186,18631509,152.77,146.67809523809524,65.69375837810006,3.3174376906591476,55.057857142857145,54.23233333333334,54.68873108336161,0.6000223246201699
2017-05-18,150.14,152.19,150.0,151.4,33821183,54.047,54.712,53.957,54.503,16950774,152.65428571428575,147.26619047619047,69.27488730152197,3.161171420408266,55.00671428571428,54.332476190476186,56.72353216404177,0.5374615604439654
2017-05-19,152.23,152.83,151.49,151.91,27091159,54.801,54.99,54.741,54.821,10231985,152.71428571428572,147.7957142857143,65.94005445398909,3.043399597044669,54.97128571428572,54.425095238095246,55.7238191016084,0.5076893200159489
2017-05-22,152.85,153.43,151.76,152.84,23107230,54.95,55.327,54.94,55.258,10575187,152.72,148.37714285714287,65.95551516462201,2.9906336431610043,55.00814285714286,54.54371428571428,59.07473289987038,0.513438256204644
2017-05-23,153.74,153.74,152.16,152.65,20058989,55.486,55.546,55.208,55.357,6655333,152.3942857142857,148.8852380952381,66.71258030606171,2.900054805865693,55.03928571428571,54.6372857142857,61.40891820215246,0.5199886961678217
2017-05-24,152.69,153.02,151.53,152.19,19351686,55.506,55.595,55.372,55.585,9483486,152.06,149.3290476190476,66.92768305218848,2.7593442660375445,55.05914285714285,54.728476190476194,63.964577453336965,0.5373830443307881
2017-05-25,152.58,153.2,151.88,152.72,19363914,55.764,56.1,55.65,55.982,6133611,151.83285714285714,149.83857142857144,63.81048382594015,2.659934649180343,55.09885714285714,54.841380952380945,65.52248513636437,0.5765565872581178
2017-05-26,152.85,153.09,152.16,152.46,22056974,55.932,56.022,55.809,55.952,36544849,152.31,150.33047619047622,53.78881982900351,2.5309962354126583,55.351142857142854,54.942476190476185,63.20819092493408,0.5982845016626257
2017-05-30,152.27,153.28,152.18,152.52,20270624,55.972,56.25,55.903,56.19,5963584,152.47,150.83190476190478,51.020408116241896,2.405919173510199,55.59214285714285,55.048333333333325,64.56278744162194,0.6274754944107457
2017-05-31,152.82,153.02,151.24,151.61,24640098,56.4,56.418,55.913,56.102,14348518,152.42714285714285,151.15190476190477,50.390116989241776,2.2079138495295183,55.77514285714285,55.13057142857143,61.62502793996157,0.6361752694195459
2017-06-01,152.02,152.18,151.08,152.03,16507879,56.22,56.24,55.888,56.24,8365176,152.3114285714286,151.44809523809525,47.34299512334006,2.06112433530501,55.91542857142857,55.21376190476191,63.741134553994705,0.6467500188490121
2017-06-02,152.43,154.29,151.74,154.29,27913007,56.448,56.766,56.265,56.756,8484517,152.54571428571427,151.87285714285713,47.8112174644762,2.1029146095130784,56.11528571428572,55.32619047619047,66.53712396573535,0.6888271015205376
2017-06-05,153.19,153.3,152.31,152.78,25475184,56.756,56.955,56.687,56.806,6802376,152.63000000000002,152.2509523809524,44.43738076146703,1.9912355980292489,56.28971428571428,55.44290476190476,64.68048339690698,0.7179321993227816
2017-06-06,152.75,154.64,152.63,153.3,26794401,56.736,56.984,56.628,56.696,7712230,152.71285714285713,152.5395238095238,46.84965685240831,1.9225271349233424,56.391714285714286,55.54495238095239,61.06155199490145,0.7237788463265673
2017-06-07,153.86,154.81,153.33,154.21,21178774,56.826,56.974,56.578,56.876,8724862,152.96285714285713,152.6809523809524,71.65957438270355,1.9193791694139009,56.523714285714284,55.644238095238094,92.75270143085253,0.7344703350466091
2017-06-08,154.09,154.38,153.25,153.83,21306003,56.974,57.044,56.687,57.004,7148240,153.15,152.75809523809525,62.33502529211274,1.8647261574687093,56.64,55.74628571428572,92.28948214675249,0.7446876514506684
2017-06-09,154.03,154.03,144.93,147.87,65276866,57.084,57.183,54.801,55.595,35410504,152.6157142857143,152.5857142857143,36.79738558724423,1.3252148101331045,56.56757142857142,55.77133333333334,59.5602764738528,0.6318073420640999
2017-06-12,144.65,145.0,141.44,144.33,72746935,55.019,55.357,54.355,55.268,35968282,151.5157142857143,152.18238095238098,26.242322704221507,0.6050254091136651,56.428714285714285,55.78409523809525,50.12696782585636,0.5100827994727481
2017-06-13,146.05,146.34,144.06,145.5,34353487,55.536,55.844,55.258,55.665,18432964,150.26000000000002,151.73333333333335,31.07464264504786,0.12721291077519936,56.27285714285714,55.80914285714285,53.63550501631326,0.4405711743715699
2017-06-14,146.39,146.39,142.77,144.07,31693046,55.883,55.893,54.935,55.397,16289838,149.0157142857143,151.2352380952381,29.556898267180387,-0.3626654045700377,56.07157142857143,55.80680952380952,47.80168366014412,0.3597108279319414
2017-06-15,142.25,143.39,141.14,143.22,31901027,54.771,55.228,54.533,55.149,14863155,147.57571428571427,150.70714285714288,26.461843390958023,-0.8101465302157749,55.85057142857143,55.78038095238096,39.9079232956843,0.2724759601751785
2017-06-16,142.71,143.41,141.13,141.2,50646574,55.152,55.171,54.823,55.052,21071953,145.71714285714285,150.32999999999998,24.339106638981335,-1.3126443177705198,55.589999999999996,55.821619047619045,39.27038613500587,0.1932865229278491
2017-06-19,142.59,145.65,142.59,145.25,32710986,55.471,55.909,55.441,55.869,9933331,144.49142857142857,150.03714285714287,35.98148860378937,-1.3683033328887007,55.42785714285714,55.88666666666667,46.63733487263302,0.1942146102933009
2017-06-20,145.78,145.78,143.85,143.92,25073708,55.85,55.879,55.421,55.421,10997070,143.92714285714285,149.65666666666667,35.40796962065605,-1.502414489087954,55.403000000000006,55.91523809523809,43.36645224875702,0.15699058061901638
2017-06-21,144.43,144.98,143.52,144.78,21426008,55.61,55.76,55.441,55.73,12337279,143.99142857142857,149.27285714285716,36.46883163454411,-1.5217618110208662,55.469,55.937714285714286,45.19230757302176,0.15068696100959755
2017-06-22,144.68,145.61,144.03,144.54,19229949,55.899,55.939,55.571,55.75,8824133,143.8542857142857,148.88666666666668,30.318934177453997,-1.538723253435279,55.48114285714286,55.956428571428575,39.538269435620656,0.14562643896792338
2017-06-23,144.04,146.05,144.02,145.19,35690628,55.7,56.237,55.61,56.099,16450566,144.0142857142857,148.55333333333334,34.1279799047348,-1.482624973236483,55.58142857142857,55.98090476190477,43.07812794143453,0.1678425377789452
2017-06-26,146.06,147.17,144.29,144.73,25872700,56.398,56.517,55.74,55.8,9762856,144.23,148.17285714285714,32.03354295813544,-1.458472474810236,55.674428571428564,55.972238095238104,41.54078538867615,0.15948372587556747
2017-06-27,143.92,145.07,142.55,142.66,24917773,55.501,55.6,54.883,54.883,12916909,144.4385714285714,147.7061904761905,26.909236290414682,-1.5880570133673473,55.650285714285715,55.921333333333344,33.482512768315075,0.07796632366208911
2017-06-28,143.4,145.02,142.09,144.74,22222273,55.092,55.62,54.724,55.571,12968501,144.3657142857143,147.33571428571426,32.98390114332558,-1.5055599194919296,55.60771428571428,55.89185714285715,39.132413082382236,0.06809409886620443
2017-06-29,143.62,144.04,141.21,142.61,31691561,55.311,55.311,54.136,54.574,21039456,144.17857142857142,146.90714285714287,38.505244731683895,-1.5936825961480565,55.486714285714285,55.81909523809524,41.740818543217664,-0.019949314849839084
2017-06-30,143.36,143.87,142.71,142.95,23177479,54.803,54.893,54.474,54.524,15365629,143.91714285714286,146.4747619047619,46.493902405949406,-1.6174404471333332,55.31442857142857,55.737380952380946,43.69918688824717,-0.09269045876013138
2017-07-03,143.79,144.21,142.03,142.43,14385444,54.753,54.853,54.086,54.146,16612358,143.6157142857143,145.91,41.933788723748165,-1.6591032597613093,55.08528571428572,55.61309523809524,37.094307473352515,-0.17877892810569307
2017-07-05,142.62,143.7,141.66,143.02,21713608,54.345,54.788,54.166,54.684,14852126,143.3057142857143,145.4452380952381,47.113798754282996,-1.6257723778059017,54.88314285714285,55.512047619047614,44.207960906756846,-0.20127241345499414
2017-07-06,141.95,142.43,141.34,141.66,24292414,54.205,54.484,54.056,54.185,12838278,142.86714285714285,144.89095238095237,45.82887697103721,-1.6896211468971671,54.65242857142857,55.39247619047619,42.47580384098323,-0.25640807960097334
2017-07-07,141.83,143.66,141.83,143.11,18860161,54.385,54.993,54.345,54.813,8849492,142.9314285714286,144.36238095238096,55.26751236769199,-1.6047206537704142,54.64242857142857,55.294238095238086,48.27735322533042,-0.24658664333812652
2017-07-10,143.04,144.86,142.3,143.97,21239601,54.823,55.336,54.743,55.212,5614315,142.82142857142858,143.89285714285714,45.716198082996875,-1.451311769938684,54.59114285714286,55.20890476190476,44.96088347454329,-0.20425262184058823
2017-07-11,143.64,144.76,143.3,144.44,19871415,55.152,55.421,54.943,55.331,6873466,143.08285714285714,143.7295238095238,51.84659085753893,-1.2770875815242277,54.699285714285715,55.196333333333335,49.27302089017413,-0.15926439848108487
2017-07-12,144.78,145.09,143.73,144.65,25050830,55.71,56.099,55.675,56.049,16610751,143.32571428571427,143.7447619047619,49.51600888360209,-1.1092813076208756,54.917142857142856,55.23352380952381,52.417032772565804,-0.06492588276089606
2017-07-13,144.41,147.38,144.35,146.66,25270495,56.129,56.353,56.029,56.158,8146434,143.93,143.79999999999998,56.97368415805057,-0.804825892937373,55.204571428571434,55.257,53.05023912339964,0.01842111254992318
2017-07-14,146.86,148.22,146.22,147.93,20268831,56.398,56.716,56.318,56.657,6693756,144.6314285714286,143.98380952380953,58.6599240947384,-0.4558101020265326,55.486428571428576,55.31700000000001,54.08014028120476,0.12331780559913597
2017-07-17,147.71,149.77,147.46,148.44,23949714,56.706,56.826,56.557,56.667,9796877,145.6,144.23238095238096,61.68872080254307,-0.13648650399636608,55.841,55.38928571428571,56.619331074565544,0.20489421404966635
2017-07-18,148.09,149.0,147.56,148.95,17984885,56.557,56.926,56.417,56.926,9955661,146.43428571428572,144.60142857142858,71.9776379449555,0.1559349645913244,56.142857142857146,55.47852380952381,67.34001002499407,0.28713334643627064
2017-07-19,149.35,150.29,148.82,149.89,21068251,57.015,57.264,56.966,57.215,6687418,147.28,144.82238095238094,69.55201207488773,0.45824882215046614,56.428999999999995,55.54261904761905,64.96722488901298,0.3713476712812067
2017-07-20,150.37,150.61,149.06,149.21,17330058,57.374,57.394,57.005,57.334,10223341,147.96142857142857,145.0742857142857,78.15699649366923,0.635637185512735,56.71514285714286,55.633714285714284,79.90897244934438,0.4425885506180549
2017-07-21,148.86,149.31,147.77,149.14,25310545,57.085,57.274,57.025,57.264,5933176,148.60285714285715,145.28190476190474,77.0305675914037,0.7617888982836121,56.888714285714286,55.70676190476191,79.5640912572514,0.4877762646213597
2017-07-24,149.45,151.3,148.78,150.96,21630982,57.235,57.454,57.115,57.404,5379370,149.21714285714285,145.58761904761903,83.45098030052435,0.9971295405025842,57.06671428571428,55.785523809523816,87.05641464540732,0.528789131551342
2017-07-25,150.67,152.69,150.67,151.6,18971925,57.225,57.409,57.045,57.294,6883367,149.74142857142857,145.89285714285714,83.5156249086547,1.2212040659960337,57.157714285714285,55.84242857142856,82.88810454626169,0.5461207038577172
2017-07-26,152.2,152.78,151.91,152.31,15852949,57.603,57.613,57.324,57.514,10606980,150.2942857142857,146.25380952380954,93.82716038571357,1.439482351599196,57.27871428571429,55.92404761904762,95.12062853573072,0.5710258308344223
2017-07-27,152.6,152.84,146.19,149.43,32678443,57.922,57.992,56.587,57.294,23100071,150.36285714285714,146.57619047619048,73.2695139156279,1.3643501554011266,57.331285714285706,56.03885714285713,87.80859456588803,0.5664811202795974
2017-07-28,148.77,149.1,148.08,148.39,17325849,57.005,57.344,56.956,57.235,10330031,150.14857142857142,146.75,66.06104644441456,1.2069747862385327,57.33414285714286,56.118095238095236,84.39306318207969,0.5517582716081009
2017-07-31,148.78,149.2,147.02,147.62,19862378,57.324,57.454,56.896,56.956,10979337,149.92142857142858,146.98857142857142,61.308677037103756,1.0084957957408847,57.280142857142856,56.2315238095238,76.20122506713399,0.5116790224027028
2017-08-01,147.99,149.09,147.3,148.92,34393966,57.245,57.294,57.035,57.245,8326223,149.89000000000001,147.27285714285713,64.09240918169675,0.9452031872798727,57.27742857142857,56.361095238095245,72.38023914172017,0.49750093231411086
2017-08-02,158.09,158.56,154.99,155.97,70262267,57.832,57.842,57.045,57.404,12611664,150.6057142857143,147.91761904761904,73.05596825048126,1.4472365773770264,57.27742857142857,56.5162380952381,72.88758228492784,0.49340697646334775
2017-08-03,155.88,156.04,153.86,154.4,26825418,57.484,57.484,57.1,57.274,10726211,151.00571428571428,148.4595238095238,65.78818931571331,1.698832691243723,57.274571428571434,56.63957142857143,63.1109218514437,0.4742062192986367
2017-08-04,154.9,156.22,154.52,155.22,20675691,57.394,57.578,57.274,57.404,4772926,151.42142857142858,149.1052380952381,66.29807687845323,1.9420053423786783,57.258857142857146,56.79285714285714,64.90092967706704,0.46412920192687324
2017-08-07,155.89,157.73,155.5,157.62,21994093,57.484,57.753,57.459,57.753,7679912,152.5914285714286,149.79619047619047,69.10533270306418,2.301847102186656,57.32442857142858,56.93285714285715,66.13343701682854,0.4787853370125035
2017-08-08,157.41,160.62,157.09,158.88,36405476,57.673,58.121,57.514,57.673,10497597,154.09,150.50619047619048,69.53498474691486,2.6580553515839256,57.387,57.050047619047625,59.728121989722204,0.47843005439283814
2017-08-09,158.07,160.06,157.92,159.86,26260901,57.304,57.683,57.274,57.643,6997843,155.83857142857144,151.2404761904762,72.8442728005225,2.9850212979597757,57.48514285714286,57.16014285714286,56.821191701767376,0.4703063423188283
2017-08-10,159.33,159.43,154.08,154.76,39801107,57.334,57.394,56.472,56.507,14818201,156.67285714285714,151.72190476190477,59.91531401415616,2.8003362553999978,57.379714285714286,57.181952380952374,38.637045769763226,0.36796091157914645
2017-08-11,156.04,158.0,155.51,156.92,26331467,56.597,57.08,56.527,56.896,15021237,156.80857142857144,152.2104761904762,60.39051600957224,2.796035025412692,57.30714285714286,57.21709523809525,42.905027765175866,0.3146137973348999
2017-08-14,158.75,159.64,158.18,159.28,22154486,57.414,57.882,57.294,57.803,9782156,157.50571428571428,152.75095238095238,62.63157891852492,2.9490635771273332,57.38271428571428,57.27166666666666,55.814484628420644,0.3415855591397232
2017-08-15,160.08,161.61,159.57,161.02,29485832,57.922,58.017,57.713,57.892,7065450,158.33428571428573,153.35,63.85618832663103,3.1741535982470452,57.45242857142858,57.330000000000005,54.451248054093845,0.3659242835265246
2017-08-16,161.36,161.93,159.58,160.37,27722910,57.982,58.271,57.872,58.062,9064485,158.72714285714287,153.89380952380952,68.73287667937461,3.262481636466248,57.49657142857143,57.38409523809524,59.1515727292369,0.3943842609403845
2017-08-17,159.95,160.13,157.27,157.29,27595336,57.842,57.932,56.926,56.926,13015279,158.5,154.2461904761905,64.24455822985198,3.0488072318064496,57.389857142857146,57.370333333333335,47.06997901403763,0.3215664738892485
2017-08-18,157.29,158.93,156.16,156.94,27496898,56.926,57.264,56.647,56.866,16728569,158.08285714285714,154.61428571428573,65.12005188476049,2.8187340403287635,57.27885714285714,57.34804761904763,49.10961600958947,0.25606460114104124
2017-08-21,156.94,157.32,154.55,156.65,26435558,56.906,56.966,56.467,56.846,8007262,158.35285714285715,154.97190476190477,62.96544780672539,2.583221037999209,57.327285714285715,57.32814285714286,45.83072086904282,0.20023191336235158
2017-08-22,157.66,159.43,157.45,159.21,21646375,57.145,57.733,57.105,57.693,8452061,158.68,155.3647619047619,56.39810423421906,2.573480411809385,57.44114285714285,57.341904761904765,52.640233740733855,0.22177346096180628
2017-08-23,158.5,159.9,158.31,159.41,19448353,57.374,57.708,57.354,57.553,8936571,158.6985714285714,155.73666666666668,60.459290152549855,2.5524758709277933,57.405428571428565,57.3542380952381,52.54422747845717,0.22495531778803013
2017-08-24,159.86,160.16,157.98,158.7,19874496,57.693,57.749,57.215,57.504,8121582,158.36714285714285,156.04095238095238,57.298657684472225,2.450293101052722,57.35,57.35376190476191,50.92558298538348,0.22097580028392372
2017-08-25,159.08,159.98,158.7,159.29,25559215,57.693,57.862,57.374,57.494,8348613,158.21285714285713,156.51047619047617,53.79028593948866,2.389377334329481,57.268857142857144,57.36328571428572,47.442227796920555,0.21454198115353762
2017-08-28,159.57,161.42,159.36,160.89,25790449,57.633,57.708,57.444,57.603,5990258,158.72714285714284,157.1057142857143,54.49262401596346,2.442057262573883,57.36557142857142,57.380809523809525,49.31264715428573,0.21575147350262824
2017-08-29,159.53,162.54,159.43,162.33,29563743,57.135,57.927,57.065,57.852,8696649,159.49714285714285,157.8061904761905,55.40954880526789,2.570372793106401,57.506428571428565,57.423476190476194,51.96761424824952,0.2341036230809408
2017-08-30,163.21,163.3,162.03,162.76,27320985,57.912,58.311,57.778,58.271,7663848,160.36999999999998,158.4652380952381,72.02643166253466,2.6759149005822565,57.709999999999994,57.472333333333324,69.19895494802236,0.2792387417183022
2017-08-31,163.05,163.93,162.89,163.41,26842382,58.41,58.719,58.341,58.62,9445536,160.97,158.81952380952382,69.48948943105987,2.779961681076628,57.84242857142857,57.5302380952381,68.92841436868734,0.3392592621126056
2017-09-01,164.21,164.35,163.04,163.46,16635257,58.769,58.819,58.495,58.57,6034720,161.54857142857142,159.2509523809524,64.57461639441809,2.833787942933185,57.98771428571428,57.591952380952385,60.37327540026355,0.3784290799473169
2017-09-05,163.16,163.66,159.98,161.5,29611447,58.4,58.505,57.663,58.052,11932220,161.9485714285714,159.55,51.648351598689736,2.687312359567983,58.065999999999995,57.62280952380953,51.93892372100216,0.363483164234367
2017-09-06,162.13,162.41,159.95,161.33,21690060,58.231,58.311,57.852,58.101,9127131,162.24,159.7266666666667,53.409090855985305,2.52836639129535,58.15271428571429,57.63938095238095,50.48689120928429,0.3515399748383601
2017-09-07,161.51,161.66,159.79,160.68,21986050,58.291,58.42,58.082,58.301,7721428,162.21,159.81238095238095,64.54935614560598,2.3231709302122567,58.252428571428574,57.66928571428571,72.40143336147926,0.3541310375641302
2017-09-08,160.28,160.57,157.96,158.06,28527517,58.211,58.291,57.778,57.822,6281691,161.6,159.72666666666666,54.02298845141367,1.9269275241760795,58.24814285714286,57.67780952380952,63.70412818467385,0.31391456491265046
2017-09-11,159.93,161.47,159.32,160.92,31630174,58.281,58.699,58.281,58.639,7053691,161.33714285714288,160.02,62.94724069852866,1.822669271308115,58.300714285714285,57.779333333333334,70.92182007166743,0.34400234770807003
2017-09-12,162.03,163.37,158.2,160.28,71864833,58.809,58.889,58.51,58.779,7867932,160.89000000000001,160.18,53.67192856888075,1.6691601641174714,58.32342857142857,57.86899999999999,65.1760757651021,0.3748232334001145
2017-09-13,159.3,159.39,157.34,159.08,45029308,58.709,58.719,58.47,58.699,8157463,160.2642857142857,160.1704761904762,48.940269705512975,1.4341412321120686,58.341857142857144,57.91166666666667,66.2876631813453,0.38831739474402127
2017-09-14,158.42,158.83,157.52,157.71,23724888,58.48,58.764,58.37,58.5,7630389,159.72285714285712,160.01285714285714,46.95009238094267,1.124378351115098,58.405857142857144,57.940619047619045,63.57688089147322,0.37858983004487357
2017-09-15,157.9,160.39,157.43,159.31,49024732,58.45,58.79,58.35,58.74,13113817,159.43428571428572,159.96238095238095,50.05800459972092,0.9965085343668534,58.49714285714286,57.972904761904765,65.98255491950854,0.3857994037985861
2017-09-18,159.54,159.93,157.43,158.1,28260649,58.83,59.005,58.57,58.79,10411464,159.06571428571428,160.00095238095238,41.72106821459379,0.7884451903690604,58.567,58.06166666666666,65.45975490585136,0.3910399598301453
2017-09-19,158.94,159.2,157.87,158.16,20668366,58.88,59.17,58.73,59.05,5616132,159.07999999999998,160.05904761904762,36.522301195131654,0.6212337933295373,58.74242857142857,58.16566666666666,65.55844132004722,0.41143025347504647
2017-09-20,157.33,157.69,153.28,155.51,52386815,59.04,59.06,58.4,58.81,8950822,158.30714285714285,160.0047619047619,29.508196697958468,0.27175211424352597,58.76685714285714,58.259190476190476,57.34132367126712,0.4035715917612137
2017-09-21,155.24,155.24,152.2,152.84,37504252,58.79,58.79,58.3,58.49,8052526,157.24428571428572,159.70142857142855,23.186199882059512,-0.21814666127107785,58.72557142857143,58.29714285714286,48.21526615183594,0.367288348632016
2017-09-22,151.48,151.72,150.02,151.35,46750753,58.3,58.6,58.27,58.52,4824802,156.14000000000001,159.31761904761905,21.371158378288527,-0.7183448852637468,58.699999999999996,58.34319047619048,49.30977341514725,0.3370688464808609
2017-09-25,149.45,151.29,148.63,150.01,44528320,58.33,58.33,57.57,57.83,13565901,155.04,158.9038095238095,22.016561115039792,-1.20894640109546,58.604285714285716,58.35871428571428,47.074327712429984,0.25450862289825693
2017-09-26,151.24,153.37,151.15,152.59,36757890,58.14,58.28,57.86,58.04,9053314,154.07999999999998,158.5847619047619,30.950305124964913,-1.373731675310097,58.50428571428571,58.38471428571428,49.22882409881074,0.2036764406281506
2017-09-27,153.25,154.16,152.99,153.68,25494693,58.3,58.81,58.21,58.63,7635478,153.44857142857146,158.24142857142857,35.029940098784465,-1.4002303183522145,58.48142857142857,58.43361904761905,53.78596070126503,0.20859508482532618
2017-09-28,153.34,153.73,152.15,152.73,22063341,58.48,58.725,58.36,58.7,5589237,152.67285714285714,157.78428571428572,37.72455087387636,-1.480817798589186,58.43142857142857,58.47400000000001,61.15345506703546,0.21565561706157155
2017-09-29,152.66,153.58,151.46,153.57,26359485,58.8,59.15,58.73,59.1,12427528,152.3957142857143,157.34666666666666,31.335703380462206,-1.460072174289479,58.472857142857144,58.5134761904762,56.55015606942248,0.2506385911263038
2017-10-02,153.71,153.9,152.17,153.26,18749860,59.25,59.3773,58.901,59.19,7551392,152.4557142857143,156.86333333333332,31.86983468769745,-1.4519088256297152,58.57285714285714,58.54061904761905,55.92389715107096,0.2823701110787127
2017-10-03,153.46,154.53,153.36,153.92,16277486,59.24,59.355,59.17,59.33,6466221,152.82285714285715,156.4090476190476,36.29117956917762,-1.3763174974703247,58.68857142857143,58.57680952380953,58.940209457307205,0.3151811866986449
2017-10-04,153.08,153.31,151.91,152.93,20188277,59.23,59.3799,59.03,59.29,6637405,153.24,156.0009523809524,37.039045525024605,-1.3803833515053157,58.89714285714286,58.6357619047619,61.72106799285015,0.3341051782903506
2017-10-05,153.63,154.88,153.5,154.83,21341803,59.47,59.87,59.44,59.86,6421454,153.56,155.69142857142856,38.04695834937799,-1.2162710337093188,59.15714285714286,58.719523809523814,65.13513488867784,0.39059428647996697
2017-10-06,154.41,154.93,154.01,154.74,17448243,59.66,59.98,59.64,59.95,5926342,153.71142857142857,155.40857142857143,40.465380217564466,-1.0810118555647534,59.34571428571429,58.79804761904762,65.50802114515719,0.4375804050162202
2017-10-09,155.25,156.17,154.93,155.28,16302190,60.13,60.2068,60.01,60.1,6935772,154.07571428571427,155.2761904761905,42.04419886250728,-0.9196434184935072,59.54571428571429,58.90652380952381,64.46280966873853,0.48137203173247656
2017-10-10,155.5,157.43,154.54,155.34,15659866,60.29,60.29,59.85,60.16,5468242,154.32857142857142,155.01047619047617,49.451966428605616,-0.7779485641671045,59.69714285714286,58.97895238095238,69.56521710901062,0.514982314410652
2017-10-11,155.41,156.42,155.19,155.99,16942261,60.08,60.38,60.08,60.36,4980769,154.71857142857144,154.80619047619047,61.67531498417682,-0.606216714604642,59.864285714285714,59.0542380952381,78.07807774982182,0.5514008285954262
2017-10-12,155.79,156.81,155.17,155.44,16440001,60.22,60.5,60.14,60.21,6106295,154.93571428571428,154.63285714285715,66.29482064317705,-0.508635160507481,59.99,59.12619047619048,74.49275332089891,0.5616842704371123
2017-10-13,156.17,156.72,155.85,156.43,16432666,60.43,60.605,60.43,60.5,5949906,155.43571428571428,154.57190476190476,76.31147532226548,-0.3474116048985252,60.16285714285714,59.221428571428575,93.77049137285682,0.5864740408778957
2017-10-16,157.33,159.43,157.09,159.31,24182814,60.65,60.73,60.51,60.72,8306357,156.07571428571427,154.57190476190476,76.87999991389434,0.012605842999079186,60.285714285714285,59.31571428571429,93.79084924409422,0.6167626183927197
2017-10-17,159.21,160.29,158.66,159.9,19040557,60.7,60.72,60.52,60.72,5131673,156.81285714285715,154.65761904761905,75.91666657809715,0.34159266579067094,60.395714285714284,59.40761904761904,92.30769178449088,0.6334643515636742
2017-10-18,159.85,160.13,159.03,159.19,16314850,60.9,60.95,60.68,60.87,6091317,157.3714285714286,154.70666666666668,77.4659863023364,0.5388149039802101,60.505714285714284,59.494285714285716,92.54901909973094,0.6512966000416256
2017-10-19,156.19,156.52,154.46,155.42,42539211,60.61,60.76,60.29,60.69,6872564,157.38285714285715,154.70238095238096,56.296800490935624,0.3864526700377553,60.58142857142857,59.58380952380952,84.1201711683767,0.6434865770537854
2017-10-20,156.05,157.18,155.4,155.69,23997615,61.06,61.17,60.96,61.1,7406583,157.34,154.83809523809524,58.29351530265466,0.28421499193427735,60.68714285714286,59.70809523809523,86.03773539451771,0.6627409855156898
2017-10-23,156.33,157.13,154.94,155.61,22039067,61.2,61.25,60.74,60.81,7054972,157.3642857142857,155.04095238095238,56.00568580070516,0.19449356331261924,60.77285714285715,59.81714285714285,76.42857104642867,0.6471398413133045
2017-10-24,155.73,156.86,155.64,156.54,17701740,60.89,61.08,60.731,60.98,8035815,157.38000000000002,155.3519047619048,62.88365446963796,0.19617058005277954,60.84142857142857,59.96714285714285,78.8395900669781,0.6411031631910546
2017-10-25,156.35,156.99,154.71,155.85,21253629,60.84,61.02,60.25,60.65,9220413,156.8857142857143,155.50714285714287,53.98437494095452,0.14020618484860847,60.83142857142857,60.09142857142857,64.68401453324309,0.6027427667911027
2017-10-26,156.67,157.26,156.22,156.85,16993593,61.0,61.16,60.855,60.9,9435399,156.45000000000002,155.65809523809526,57.69511299724782,0.17453372496100883,60.857142857142854,60.199523809523804,66.66666633918129,0.5857624816710114
2017-10-27,158.72,163.01,158.13,162.47,44561025,61.88,62.71,61.88,62.54,14525467,156.9185714285714,156.12190476190477,69.13251724492518,0.6477586213458153,61.09571428571429,60.38238095238095,78.11059882637139,0.6966096943926345
2017-10-30,163.3,167.47,163.13,166.12,44861465,62.57,62.92,62.4434,62.68,8574558,158.44714285714284,156.71952380952382,74.0840035282763,1.30230509433855,61.38,60.552857142857135,78.50678708165279,0.7866853203780408
2017-10-31,167.3,169.04,166.34,168.43,36176411,62.92,63.0756,62.67,62.95,10110259,160.2671428571429,157.44190476190477,75.87354404899209,1.9845588256651752,61.644285714285715,60.73190476190476,78.8418705782214,0.8698307786813899
2017-11-01,169.26,169.33,165.02,166.29,33758685,63.25,63.33,62.63,62.96,9549829,161.79285714285714,158.03095238095239,71.16660159983094,2.3257597966399715,61.951428571428565,60.904761904761905,81.6091951396486,0.9258583510993219
2017-11-02,167.04,167.9,164.69,167.51,41542177,62.96,63.05,62.51,62.99,10222694,163.35999999999999,158.72523809523813,71.4230471384407,2.6639000468722145,62.23857142857143,61.08095238095238,80.44009752416598,0.9615966673686529
2017-11-03,173.38,173.64,170.51,171.88,59612161,63.32,63.55,62.95,63.49,7659654,165.65,159.53714285714284,72.97989027342891,3.247070897659597,62.644285714285715,61.25380952380952,81.69336358267577,1.0185244460142115
2017-11-06,171.75,174.36,171.1,173.63,34901241,63.45,63.65,63.41,63.63,5986955,168.04714285714286,160.43666666666667,74.07927039505049,3.8065686195282353,63.034285714285716,61.429047619047616,82.26164054286858,1.0626869569642707
2017-11-07,173.29,174.51,173.29,174.18,24424877,63.7,63.72,63.395,63.66,5775148,169.72,161.33666666666664,76.43738973297624,4.245416480028979,63.19428571428572,61.598571428571425,81.77676511506274,1.0875699845523314
2017-11-08,174.03,175.61,173.71,175.61,24451166,63.66,64.02,63.485,64.01,9100262,171.07571428571427,162.30190476190478,88.81199533858641,4.654936410848336,63.38428571428572,61.78190476190476,86.40350850665595,1.1225915020694472
2017-11-09,174.48,175.46,172.52,175.25,29533086,63.52,63.61,62.86,63.5,10245033,172.04999999999998,163.21904761904761,87.47126432089661,4.894019702392285,63.462857142857146,61.93142857142857,75.75107273379503,1.096553186710274
2017-11-10,175.11,175.38,174.27,174.67,25130494,63.42,63.55,63.265,63.5,5982504,173.24714285714285,164.1347619047619,85.82706762400068,4.979295560982081,63.540000000000006,62.088095238095235,80.77803177782776,1.0636564645717712
