Date,Open,High,Low,Close,Volume,ETF_Open,ETF_High,ETF_Low,ETF_Close,ETF_Volume
2005-02-25,5.7411,5.7564,5.6461,5.6975,255345043,17.69,17.834,17.645,17.79,649598
2005-02-28,5.7192,5.7807,5.6295,5.7449,182064525,17.755,17.913,17.673,17.736,949704
2005-03-01,5.7753,5.7768,5.6553,5.6987,130906953,17.869,17.986,17.817,17.95,670855
2005-03-02,5.6653,5.7486,5.6451,5.6499,127769264,17.851,18.038,17.781,17.904,508091
2005-03-03,5.6861,5.6871,5.2786,5.3518,393686024,17.878,17.959,17.699,17.772,452526
2005-03-04,5.3518,5.5078,5.3518,5.4823,210891321,17.69,17.977,17.69,17.887,837785
2005-03-07,5.4823,5.5389,5.4235,5.4746,125688166,17.781,18.172,17.781,18.02,608430
2005-03-08,5.3631,5.3989,5.1353,5.1903,284832101,17.959,18.127,17.869,17.869,830809
2005-03-09,5.0701,5.1585,4.9726,5.0391,368655054,17.69,17.994,17.69,17.834,1064551
2005-03-10,5.0701,5.156,5.0073,5.1007,216651374,17.781,17.931,17.717,17.913,643972
2005-03-11,5.1406,5.198,5.0968,5.1573,175363191,17.79,18.004,17.638,17.682,636322
2005-03-14,5.189,5.2235,5.0611,5.1635,168811933,17.682,17.772,17.604,17.755,729688
2005-03-15,5.2059,5.2685,5.1546,5.2453,142565244,17.755,17.851,17.577,17.577,369848
2005-03-16,5.2774,5.418,5.2223,5.2735,194688663,17.559,17.604,17.345,17.398,637561
2005-03-17,5.3209,5.4914,5.2914,5.4106,223864044,17.373,17.478,17.336,17.39,378847
2005-03-18,5.5426,5.5631,5.4427,5.5016,267630167,17.336,17.442,17.229,17.292,1515503
2005-03-21,5.5476,5.6309,5.4888,5.5963,150909694,17.301,17.39,17.201,17.292,955106
2005-03-22,5.6,5.6295,5.4659,5.4849,153824003,17.292,17.38,17.098,17.139,1737436
2005-03-23,5.4427,5.5579,5.3813,5.4491,170221155,16.981,17.301,16.981,17.21,744986
2005-03-24,5.504,5.5065,5.4427,5.4427,98439294,17.157,17.39,17.157,17.219,506743
2005-03-28,5.4746,5.5016,5.4386,5.4466,76349185,17.238,17.432,17.238,17.238,725525
2005-03-29,5.4466,5.4849,5.3147,5.3465,128646798,17.114,17.317,17.07,17.105,827661
2005-03-30,5.3774,5.481,5.3556,5.481,109881234,17.131,17.407,17.131,17.364,1045542
2005-03-31,5.4361,5.4454,5.3261,5.3364,177446775,17.364,17.468,17.317,17.39,613716
2005-04-01,5.3901,5.4016,5.1955,5.2366,178626772,17.336,17.513,17.201,17.238,2300643
2005-04-04,5.2235,5.2901,5.1428,5.2621,161757381,17.201,17.354,17.147,17.301,1083896
2005-04-05,5.2748,5.4094,5.2621,5.3645,155700131,17.364,17.407,17.317,17.336,613602
2005-04-06,5.4301,5.4823,5.3978,5.4209,115875061,17.414,17.478,17.301,17.309,509779
2005-04-07,5.4209,5.6025,5.4106,5.5782,141597901,17.327,17.549,17.327,17.54,740819
2005-04-08,5.5861,5.6923,5.5759,5.6013,181285925,17.567,17.586,17.39,17.414,480082
2005-04-11,5.6653,5.6665,5.367,5.3684,229275996,17.495,17.495,17.301,17.317,806513
2005-04-12,5.4441,5.5308,5.38,5.4632,274084040,17.301,17.442,17.121,17.423,714388
2005-04-13,5.504,5.5052,5.1724,5.2556,392996341,17.354,17.39,17.114,17.175,886375
2005-04-14,4.9687,5.1198,4.7178,4.7717,769047131,17.105,17.147,16.915,16.933,746445
2005-04-15,4.6884,4.7704,4.5182,4.5271,482438341,16.722,16.749,16.411,16.42,1567917
2005-04-18,4.4911,4.6487,4.3538,4.5615,370169445,16.491,16.579,16.42,16.438,2297491
2005-04-19,4.6821,4.7948,4.5938,4.7497,303124477,16.643,16.676,16.537,16.643,794928
2005-04-20,4.8227,4.8332,4.5384,4.5476,266453208,16.849,16.849,16.429,16.491,894474
2005-04-21,4.6591,4.7652,4.5974,4.7615,212976462,16.579,16.943,16.579,16.933,1649360
2005-04-22,4.7125,4.7382,4.4692,4.5462,234139228,16.803,16.883,16.615,16.73,731598
2005-04-25,4.6727,4.7409,4.6244,4.7358,208444405,16.82,16.933,16.785,16.849,885927
2005-04-26,4.7064,4.8036,4.6258,4.6345,226668409,16.785,16.981,16.713,16.73,605730
2005-04-27,4.5845,4.6564,4.5476,4.6038,171368346,16.624,16.874,16.624,16.793,479972
2005-04-28,4.6463,4.6537,4.5129,4.5513,160641789,16.722,16.82,16.624,16.624,405506
2005-04-29,4.6167,4.6396,4.5102,4.6177,187399760,16.793,16.83,16.563,16.776,476597
2005-05-02,4.6422,4.6933,4.6128,4.6653,129954717,16.857,16.915,16.713,16.758,355676
2005-05-03,4.6615,4.7052,4.6141,4.637,138580983,16.749,16.933,16.749,16.874,320580
2005-05-04,4.6422,4.7637,4.6231,4.7575,126218196,16.915,17.061,16.849,16.988,467373
2005-05-05,4.7637,4.7729,4.6703,4.6972,108044030,16.988,17.089,16.9,16.962,809437
2005-05-06,4.7358,4.7806,4.7114,4.7691,91044836,17.025,17.07,16.981,17.006,394596
2005-05-09,4.7717,4.7961,4.7064,4.7344,99190182,17.052,17.105,16.933,17.08,305505
2005-05-10,4.6959,4.7704,4.6525,4.664,124488615,17.035,17.044,16.849,16.9,388858
2005-05-11,4.5143,4.568,4.2401,4.5602,572078532,16.9,17.035,16.758,16.981,2087149
2005-05-12,4.5358,4.5576,4.3538,4.3708,270744354,17.016,17.157,16.933,16.997,338802
2005-05-13,4.3862,4.5117,4.363,4.4528,196689936,17.105,17.301,17.035,17.21,2089958
2005-05-16,4.4398,4.5732,4.4219,4.5526,132290797,17.238,17.38,17.165,17.373,805616
2005-05-17,4.4988,4.5411,4.4231,4.5282,164419133,17.327,17.478,17.219,17.432,473221
2005-05-18,4.5462,4.8098,4.4809,4.5899,177573060,17.442,17.736,17.442,17.682,1556563
2005-05-19,4.5845,4.8253,4.5819,4.8086,221611987,17.745,17.817,17.682,17.781,968826
2005-05-20,4.7819,4.8216,4.7626,4.8086,126332850,17.699,17.859,17.699,17.807,529127
2005-05-23,4.865,5.1097,4.8471,5.0918,291180906,17.851,17.941,17.817,17.869,1146443
2005-05-24,5.0518,5.1213,4.9982,5.0842,165695531,17.834,17.968,17.79,17.959,947456
2005-05-25,5.0737,5.1161,5.0354,5.0943,115818917,17.913,17.913,17.781,17.878,1221128
2005-05-26,5.1224,5.2427,4.9687,5.2173,146564901,17.968,18.109,17.968,18.081,878166
2005-05-27,5.2235,5.2235,5.1238,5.1942,88153399,18.136,18.136,17.994,18.056,503366
2005-05-31,5.2122,5.2173,5.0689,5.0918,112725720,18.073,18.073,17.941,17.941,530588
2005-06-01,5.1097,5.2199,5.1047,5.1611,126666104,17.959,18.182,17.921,18.119,943066
2005-06-02,5.1367,5.1635,5.0714,5.1275,104349496,18.1,18.199,17.931,18.199,516753
2005-06-03,4.8868,4.9406,4.8369,4.8973,267013051,18.163,18.172,17.968,18.004,657921
2005-06-06,4.9187,4.9469,4.8098,4.8562,226525416,18.047,18.047,17.887,17.977,1956104
2005-06-07,4.8319,4.8319,4.6677,4.6795,208220412,18.011,18.163,17.895,17.904,1158814
2005-06-08,4.6907,4.7704,4.6832,4.728,115229808,18.028,18.038,17.887,17.941,673443
2005-06-09,4.7382,4.8586,4.7151,4.8216,108913865,18.004,18.073,17.859,18.028,1971514
2005-06-10,4.7895,4.7895,4.5487,4.5858,189387246,18.038,18.038,17.826,17.931,508992
2005-06-13,4.5988,4.6884,4.5872,4.5974,121567036,17.869,18.1,17.869,18.004,826424
2005-06-14,4.6141,4.6294,4.5781,4.6102,97548419,17.994,18.047,17.878,17.895,607637
2005-06-15,4.71,4.7766,4.6487,4.755,157118398,18.028,18.038,17.763,18.004,561522
2005-06-16,4.7626,4.8768,4.7151,4.8637,154511983,18.004,18.081,17.95,18.038,667145
2005-06-17,4.9278,4.9356,4.8445,4.906,166475795,18.163,18.163,18.004,18.047,647457
2005-06-20,4.8537,4.878,4.7961,4.8165,90687155,17.994,18.136,17.895,18.02,786038
2005-06-21,4.8075,4.8906,4.7868,4.8484,103450911,18.065,18.127,18.004,18.1,801901
2005-06-22,4.9098,4.9433,4.8841,4.9368,119734681,18.109,18.207,18.056,18.136,838233
2005-06-23,4.9739,5.0943,4.9497,4.9803,188157265,18.136,18.313,17.994,17.994,976143
2005-06-24,5.006,5.0099,4.8253,4.8355,115865908,18.028,18.028,17.736,17.772,869733
2005-06-27,4.7217,4.8791,4.6972,4.7512,167664516,17.699,17.79,17.604,17.63,1729786
2005-06-28,4.8011,4.8138,4.76,4.7781,97962542,17.708,17.878,17.69,17.851,627888
2005-06-29,4.7704,4.7754,4.6258,4.6576,126673007,17.869,17.95,17.826,17.878,662194
2005-06-30,4.6884,4.7587,4.6499,4.7137,116551667,17.921,17.931,17.673,17.708,928446
2005-07-01,4.7164,4.7344,4.6473,4.6742,69942386,17.817,17.851,17.708,17.755,1102346
2005-07-05,4.6871,4.8854,4.6742,4.8637,126687338,17.638,17.921,17.638,17.869,715737
2005-07-06,4.8394,4.8868,4.7637,4.7882,111345368,17.842,17.994,17.826,17.826,607864
2005-07-07,4.7125,4.8355,4.7125,4.819,107163730,18.028,18.028,17.622,17.859,1292782
2005-07-08,4.8484,4.9022,4.7985,4.8984,81121389,17.887,18.191,17.842,18.182,1431025
2005-07-11,4.9139,4.9497,4.8382,4.8791,108907602,18.225,18.369,18.191,18.369,892678
2005-07-12,4.8959,4.9174,4.8548,4.8973,108155388,18.535,18.535,18.313,18.465,811125
2005-07-13,4.8973,4.9304,4.8537,4.9111,214155362,18.518,18.599,18.465,18.544,774566
2005-07-14,5.2275,5.38,5.1519,5.2184,584584424,18.713,18.767,18.635,18.705,1655657
2005-07-15,5.2314,5.3235,5.1816,5.3209,191832481,18.731,18.748,18.626,18.696,1636987
2005-07-18,5.3147,5.3915,5.298,5.3134,163840286,18.731,18.758,18.553,18.59,1581755
2005-07-19,5.3339,5.5363,5.2596,5.5308,187248178,18.802,18.902,18.696,18.865,2137090
2005-07-20,5.4902,5.609,5.4619,5.5874,126658581,18.635,18.875,18.561,18.802,1548120
2005-07-21,5.6025,5.6398,5.494,5.5437,113082587,18.802,18.829,18.643,18.679,1817748
2005-07-22,5.5631,5.6347,5.5566,5.6347,84157752,18.722,18.739,18.58,18.635,1151048
2005-07-25,5.6374,5.6706,5.6,5.6103,82264050,18.635,18.739,18.535,18.535,841273
2005-07-26,5.6347,5.6487,5.5528,5.5874,74921649,18.713,18.722,18.607,18.679,900661
2005-07-27,5.6025,5.6438,5.4645,5.6334,79149666,18.748,18.91,18.616,18.802,1025631
2005-07-28,5.6322,5.6347,5.5449,5.609,70852736,18.802,18.839,18.722,18.81,2193218
2005-07-29,5.5834,5.6836,5.4118,5.4619,157219733,18.875,18.892,18.687,18.713,2033943
2005-08-01,5.4553,5.5172,5.3888,5.4746,88075776,18.785,18.795,18.669,18.722,1087048
2005-08-02,5.4927,5.5707,5.4567,5.5308,82918991,18.731,18.961,18.722,18.91,1215732
2005-08-03,5.5308,5.5464,5.4772,5.5348,72951250,18.91,19.052,18.829,19.034,1485583
2005-08-04,5.504,5.5065,5.4154,5.4695,76184388,18.953,18.998,18.81,18.857,1182436
2005-08-05,5.4454,5.5528,5.3813,5.5052,67611269,18.848,18.892,18.739,18.81,1196721
2005-08-08,5.5065,5.5389,5.4567,5.4619,49312217,18.758,18.857,18.652,18.66,1294581
2005-08-09,5.5052,5.6207,5.4949,5.6116,108057501,18.739,18.892,18.739,18.802,722373
2005-08-10,5.6347,5.6848,5.5464,5.5554,101379479,18.839,18.926,18.553,18.59,1126753
2005-08-11,5.5566,5.6499,5.5389,5.6347,76003131,18.607,18.748,18.571,18.731,929234
2005-08-12,5.5657,5.9191,5.5528,5.9036,260130637,18.1,18.561,17.994,18.482,1721124
2005-08-15,5.9623,6.1894,5.9488,6.1059,303022029,18.465,18.66,18.447,18.58,1055104
2005-08-16,6.0715,6.0829,5.9177,5.9228,150163756,18.58,18.58,18.369,18.402,616751
2005-08-17,5.9522,6.0753,5.9383,6.0381,141460054,18.447,18.652,18.447,18.561,1662292
2005-08-18,6.019,6.019,5.859,5.9292,123422177,18.518,18.58,18.438,18.438,1789628
2005-08-19,5.9228,5.9805,5.8614,5.8691,106504647,18.518,18.561,18.457,18.457,559609
2005-08-22,5.9126,5.9868,5.7961,5.8743,108173172,18.447,18.652,18.42,18.491,1045318
2005-08-23,5.8856,5.9036,5.8036,5.8576,82448915,18.491,18.58,18.429,18.482,1696265
2005-08-24,5.8409,6.0343,5.8383,5.8614,159500136,18.465,18.643,18.359,18.369,1181085
2005-08-25,5.906,5.9535,5.8663,5.8986,77043026,18.411,18.447,18.377,18.377,869281
2005-08-26,5.9177,5.9345,5.8089,5.8576,72802432,18.669,18.669,18.277,18.313,1804250
2005-08-29,5.8036,5.8946,5.7961,5.8703,71339545,18.295,18.491,18.225,18.438,519003
2005-08-30,5.8895,5.9921,5.8806,5.9638,144650701,18.34,18.438,18.277,18.438,998640
2005-08-31,5.9972,6.0227,5.9256,6.0049,112376006,18.377,18.58,18.359,18.535,962527
2005-09-01,6.019,6.0407,5.9025,5.9243,99352590,18.544,18.58,18.447,18.491,524740
2005-09-02,5.9446,5.9933,5.906,5.9191,62007559,18.518,18.571,18.411,18.438,555673
2005-09-06,5.9791,6.2596,5.9612,6.2492,228209875,18.499,18.687,18.482,18.652,764557
2005-09-07,6.2839,6.3263,6.1366,6.2341,268406042,18.447,18.679,18.447,18.652,2562392
2005-09-08,6.3237,6.4183,6.2932,6.3748,195927825,18.669,18.758,18.616,18.696,551285
2005-09-09,6.4033,6.5762,6.3763,6.5708,171695677,18.722,18.785,18.66,18.713,1564658
2005-09-12,6.5566,6.6116,6.4773,6.5823,126205513,18.722,18.829,18.713,18.758,657135
2005-09-13,6.544,6.5683,6.4439,6.5083,137444725,18.81,18.875,18.705,18.777,1186936
2005-09-14,6.5543,6.5556,6.3341,6.3534,132304903,18.777,18.81,18.58,18.58,1793786
2005-09-15,6.4033,6.4263,6.3174,6.3864,112889017,18.616,18.66,18.491,18.535,1247901
2005-09-16,6.4313,6.5581,6.3965,6.5581,164771845,18.626,18.679,18.527,18.652,1247451
2005-09-19,6.5375,6.7735,6.5375,6.7411,218488130,18.643,18.643,18.457,18.499,1337665
2005-09-20,6.7874,6.8911,6.7769,6.8117,228763721,18.544,18.705,18.402,18.429,1053978
2005-09-21,6.7874,6.7936,6.6415,6.6733,121023080,18.386,18.395,18.191,18.207,866919
2005-09-22,6.6529,6.7193,6.5723,6.6462,129321885,18.154,18.313,18.1,18.277,1219669
2005-09-23,6.672,6.8512,6.6387,6.8129,155727470,18.217,18.34,18.154,18.285,751170
2005-09-26,6.9384,6.9871,6.8282,6.8948,152418192,18.377,18.447,18.199,18.26,920346
2005-09-27,6.9151,6.946,6.8423,6.8436,95282512,18.285,18.295,18.145,18.199,1046216
2005-09-28,6.7962,6.8014,6.4788,6.5413,313859506,18.25,18.359,18.199,18.313,1099984
2005-09-29,6.5566,6.7348,6.507,6.7029,177605826,18.285,18.509,18.199,18.457,1043069
2005-09-30,6.7053,6.8706,6.6439,6.8654,148030444,18.474,18.59,18.447,18.58,754770
2005-10-03,6.9359,6.9844,6.8742,6.9714,141517615,18.535,18.705,18.535,18.553,1188171
2005-10-04,7.0398,7.0884,6.8693,6.8835,150428307,18.599,18.643,18.369,18.386,883116
2005-10-05,6.9575,6.9615,6.7553,6.759,170303943,18.395,18.395,18.109,18.127,2052389
2005-10-06,6.8268,6.8501,6.5144,6.621,211205526,18.1,18.191,17.807,17.921,1408530
2005-10-07,6.6258,6.6502,6.4733,6.5695,189042294,17.959,18.065,17.931,17.968,1098298
2005-10-10,6.6462,6.6475,6.4391,6.4504,141505636,17.941,18.028,17.826,17.842,1060163
2005-10-11,6.5657,6.6425,6.4543,6.6066,338562315,17.826,17.904,17.673,17.708,964443
2005-10-12,6.229,6.4414,6.1301,6.307,751820583,17.336,17.763,17.336,17.594,2307055
2005-10-13,6.3428,6.9092,6.3096,6.8822,519953389,17.559,17.772,17.549,17.717,3109967
2005-10-14,6.8822,6.9604,6.7601,6.9151,288777529,17.763,17.817,17.645,17.79,1096833
2005-10-17,6.9151,6.9447,6.7463,6.8436,172007646,17.807,17.826,17.682,17.772,1603241
2005-10-18,6.8194,6.9092,6.6847,6.686,169958934,17.798,17.817,17.717,17.736,1606612
2005-10-19,6.6682,7.0385,6.5581,7.0359,281225314,17.531,17.959,17.531,17.959,2425385
2005-10-20,6.9999,7.2355,6.9604,7.1895,378487355,17.968,18.073,17.763,17.826,1698514
2005-10-21,7.2971,7.2971,7.0896,7.1278,221522567,17.817,18.038,17.817,17.931,508205
2005-10-24,7.1138,7.2728,7.0551,7.2728,170578017,18.109,18.163,17.913,18.163,1115169
2005-10-25,7.2225,7.2803,7.1318,7.1846,130023884,18.225,18.225,17.869,18.038,1124505
2005-10-26,7.2076,7.3711,7.1614,7.3034,176447614,18.028,18.207,17.994,17.994,1111458
2005-10-27,7.2983,7.3008,7.0958,7.0958,114915650,18.02,18.028,17.798,17.798,1105158
2005-10-28,7.1779,7.2266,6.9372,6.9755,214728236,17.869,17.986,17.745,17.968,1260161
2005-10-31,7.0741,7.425,7.0114,7.3752,263084340,18.011,18.26,17.994,18.154,1104033
2005-11-01,7.3327,7.4457,7.2829,7.3636,209483745,18.119,18.163,18.065,18.119,1695926
2005-11-02,7.3942,7.6837,7.3763,7.6773,240592728,18.047,18.369,18.028,18.322,762868
2005-11-03,7.7542,7.9807,7.6928,7.9207,246540209,18.447,18.535,18.395,18.491,1506392
2005-11-04,7.7337,7.8425,7.6352,7.831,244879684,18.491,18.58,18.402,18.571,1088284
2005-11-07,7.7925,7.8975,7.7017,7.7132,177810390,18.626,18.669,18.509,18.607,1221245
2005-11-08,7.6773,7.7325,7.5684,7.6709,132038217,18.491,18.679,18.491,18.616,999198
2005-11-09,7.7027,7.8385,7.6837,7.6977,148455396,18.561,18.679,18.535,18.599,1061627
2005-11-10,7.7694,7.8374,7.557,7.8347,186246267,18.635,18.758,18.499,18.758,1281534
2005-11-11,7.8758,7.9538,7.8552,7.8808,118545663,18.802,18.848,18.758,18.802,999759
2005-11-14,7.8808,7.9372,7.8004,7.8695,103128186,18.848,18.902,18.748,18.82,4265520
2005-11-15,7.8886,8.0784,7.8707,7.9757,150758829,19.042,19.042,18.696,18.758,3150913
2005-11-16,8.1,8.3318,8.0796,8.3176,218223908,18.669,18.829,18.669,18.829,1325404
2005-11-17,8.4009,8.4369,8.2281,8.2627,188541219,18.848,19.071,18.848,19.052,5379001
2005-11-18,8.3636,8.3789,8.2433,8.2677,146342787,19.201,19.246,19.071,19.157,1394694
2005-11-21,8.3012,8.3484,8.1602,8.319,142584326,19.157,19.175,18.713,19.148,1400767
2005-11-22,8.3228,8.5495,8.2627,8.5186,150663168,19.115,19.329,19.106,19.274,1471072
2005-11-23,8.5699,8.7056,8.5402,8.5943,135469074,19.329,19.486,19.284,19.38,2556429
2005-11-25,8.6444,8.9054,8.6444,8.8799,110162197,19.469,19.559,19.38,19.433,676031
2005-11-28,9.0588,9.1005,8.8452,8.921,283877472,19.486,19.505,19.362,19.362,1231591
2005-11-29,8.9636,9.0023,8.625,8.7209,248452151,19.38,19.524,19.347,19.362,2143277
2005-11-30,8.7635,8.8171,8.6469,8.6853,165644525,19.329,19.45,19.292,19.302,1573320
2005-12-01,8.8221,9.1867,8.8118,9.1704,226435371,19.469,19.638,19.425,19.594,2394229
2005-12-02,9.2345,9.3146,9.054,9.3004,249726299,19.576,19.682,19.552,19.576,3255747
2005-12-05,9.2162,9.2878,9.1557,9.1977,161051681,19.594,19.594,19.406,19.477,2257109
2005-12-06,9.4739,9.582,9.3931,9.4849,238354819,19.576,19.682,19.505,19.505,1509653
2005-12-07,9.506,9.534,9.3634,9.4719,188686785,19.567,19.584,19.398,19.469,1699301
2005-12-08,9.3723,9.4989,9.2966,9.4889,219470631,19.486,19.496,19.21,19.329,1273434
2005-12-09,9.506,9.551,9.3931,9.516,154868905,19.329,19.441,19.274,19.398,1280747
2005-12-12,9.6,9.651,9.547,9.593,146400006,19.496,19.515,19.38,19.45,1065002
2005-12-13,9.591,9.666,9.503,9.601,137622629,19.416,19.486,19.339,19.388,1168262
2005-12-14,9.2976,9.3861,8.9995,9.2219,404061552,19.425,19.46,19.302,19.416,1451609
2005-12-15,9.3067,9.3313,9.1369,9.2444,156393442,19.441,19.441,19.292,19.339,1109883
2005-12-16,9.2384,9.2586,9.0995,9.1063,185897396,19.292,19.292,19.148,19.175,1214271
2005-12-19,9.0966,9.2966,9.0966,9.1417,147457351,19.157,19.167,18.91,18.943,2192886
2005-12-20,9.1674,9.2693,9.1072,9.2345,133547797,18.918,18.961,18.829,18.875,1333726
2005-12-21,9.2917,9.4267,9.2888,9.413,131732602,18.935,19.015,18.848,18.892,1105834
2005-12-22,9.467,9.538,9.4258,9.4819,103351853,19.042,19.042,18.892,18.98,1179960
2005-12-23,9.4969,9.51,9.3861,9.3931,64059818,19.015,19.088,18.971,19.015,833621
2005-12-27,9.4839,9.628,9.4719,9.506,164601939,19.071,19.115,18.839,18.857,1668478
2005-12-28,9.519,9.572,9.389,9.4228,110919913,18.902,18.91,18.785,18.81,1020458
2005-12-29,9.4557,9.4557,9.1462,9.15,136655807,18.848,18.884,18.696,18.705,1848905
2005-12-30,9.0814,9.2751,9.0081,9.2064,174081204,18.66,18.66,18.553,18.58,1158476
2006-01-03,9.2722,9.571,9.2526,9.571,224233638,18.669,18.98,18.527,18.943,3046413
2006-01-04,9.628,9.73,9.54,9.6,172662101,18.98,19.167,18.943,19.167,3070373
2006-01-05,9.591,9.591,9.4458,9.523,124912881,19.088,19.284,19.088,19.255,1442276
2006-01-06,9.637,9.823,9.545,9.769,196417600,19.38,19.576,19.329,19.559,5071583
2006-01-09,9.835,9.886,9.7,9.739,188213509,19.576,19.638,19.486,19.621,2765317
2006-01-10,9.764,10.485,9.711,10.356,635685920,19.524,19.621,19.486,19.602,2724821
2006-01-11,10.737,10.859,10.577,10.744,416203660,19.647,19.833,19.621,19.789,2634944
2006-01-12,10.879,11.065,10.708,10.794,356865841,19.806,19.833,19.655,19.682,1828320
2006-01-13,10.888,11.015,10.833,10.959,216310030,19.701,19.737,19.584,19.674,1632261
2006-01-17,10.965,11.062,10.74,10.848,232661139,20.111,20.111,19.406,19.477,2678701
2006-01-18,10.641,10.764,10.48,10.565,332713712,19.097,19.31,19.088,19.246,4905555
2006-01-19,10.424,10.458,10.083,10.122,472861708,19.362,19.505,19.265,19.416,4343808
2006-01-20,10.154,10.25,9.711,9.742,317157060,19.32,19.38,18.875,18.91,3676664
2006-01-23,9.752,10.189,9.731,9.946,295519535,18.971,18.989,18.82,18.839,2054190
2006-01-24,10.088,10.169,9.704,9.738,318070991,18.926,19.052,18.884,18.902,2568465
2006-01-25,9.917,9.925,9.3792,9.502,355727991,18.98,18.989,18.82,18.961,2085912
2006-01-26,9.562,9.662,9.2122,9.2626,328984852,19.061,19.148,18.98,19.088,2396141
2006-01-27,9.3342,9.4258,9.1043,9.2237,265924867,19.292,19.406,19.193,19.302,2677239
2006-01-30,9.1282,9.809,9.0749,9.604,388283817,19.302,19.406,19.274,19.362,4241109
2006-01-31,9.671,9.775,9.4458,9.672,254411304,19.362,19.371,19.201,19.201,1241152
2006-02-01,9.604,9.79,9.558,9.66,145338449,19.097,19.362,19.097,19.32,3466657
2006-02-02,9.647,9.652,9.2267,9.2335,197102201,19.274,19.32,19.042,19.052,2720098
2006-02-03,9.2556,9.3215,9.0966,9.1995,193012150,18.961,19.024,18.892,18.918,1725398
2006-02-06,9.2414,9.2849,8.5469,8.6186,460627942,18.91,18.953,18.777,18.865,1666567
2006-02-07,8.7516,8.8977,8.5391,8.6569,386911118,18.802,18.926,18.777,18.81,3965637
2006-02-08,8.7671,8.8466,8.4521,8.8118,265774594,18.892,19.201,18.884,19.175,2177363
2006-02-09,8.8632,8.8656,8.2639,8.3176,320518384,19.22,19.329,19.08,19.088,1467018
2006-02-10,8.3406,8.666,8.055,8.6199,490534811,19.088,19.246,18.971,19.238,2275559
2006-02-13,8.5186,8.5482,8.2779,8.287,246305917,19.115,19.184,18.989,19.061,2106607
2006-02-14,8.338,8.7209,8.3241,8.6621,323721270,19.106,19.38,19.071,19.32,1960941
2006-02-15,8.6199,8.9156,8.5482,8.8644,319780928,19.32,19.45,19.302,19.425,2300757
2006-02-16,8.9636,9.093,8.8977,9.0369,264382770,19.533,19.638,19.477,19.602,1783104
2006-02-17,9.0043,9.0774,8.9147,9.0013,160611426,19.559,19.559,19.45,19.496,1299757
2006-02-21,9.0447,9.0654,8.7952,8.8466,217343065,19.441,19.477,19.22,19.284,2259920
2006-02-22,8.8426,9.1787,8.7083,9.1331,272787728,19.255,19.441,19.193,19.38,1889064
2006-02-23,9.1924,9.3489,9.1472,9.1896,238898288,19.31,19.425,19.265,19.284,1886589
2006-02-24,9.2276,9.3342,9.1178,9.152,149120330,19.292,19.32,19.201,19.292,1685017
2006-02-27,9.2228,9.2365,9.0474,9.09,220603158,19.274,19.524,19.274,19.469,2908508
2006-02-28,9.1704,9.2712,8.7209,8.7708,352990588,19.46,19.469,19.229,19.246,1695590
2006-03-01,8.8364,8.899,8.711,8.8492,212775717,19.347,19.701,19.347,19.629,1908521
2006-03-02,8.8389,8.9636,8.7937,8.9147,174344973,19.552,19.718,19.542,19.674,1400881
2006-03-03,8.8785,8.9529,8.648,8.6722,205588060,19.45,19.755,19.45,19.559,2080737
2006-03-06,8.6569,8.6722,8.3161,8.3855,254456317,19.674,19.709,19.425,19.477,3147087
2006-03-07,8.4215,8.5673,8.3341,8.4917,243243543,19.388,19.416,19.229,19.355,1481981
2006-03-08,8.4983,8.606,8.3687,8.4084,181885134,19.347,19.441,19.21,19.339,1585243
2006-03-09,8.4637,8.5124,8.1717,8.1871,222814141,19.441,19.505,19.22,19.22,1606952
2006-03-10,8.2064,8.259,7.9975,8.0921,290860787,19.255,19.416,19.175,19.31,3244049
2006-03-13,8.338,8.4877,8.297,8.4112,240137202,19.406,19.477,19.32,19.38,1879502
2006-03-14,8.425,8.6212,8.388,8.6212,179026268,19.355,19.621,19.329,19.602,1973875
2006-03-15,8.6853,8.7136,8.3906,8.4816,248753704,19.576,19.763,19.576,19.718,977488
2006-03-16,8.5661,8.5673,8.2343,8.2356,208901227,19.763,19.824,19.567,19.594,2195808
2006-03-17,8.2905,8.3931,8.2103,8.2806,226426802,19.612,19.718,19.567,19.655,1037894
2006-03-20,8.3509,8.383,8.1791,8.1947,168796439,19.682,19.718,19.629,19.691,499769
2006-03-21,8.2343,8.2396,7.8616,7.9154,374628693,19.682,19.916,19.576,19.612,2158124
2006-03-22,7.9732,8.1,7.8465,7.8975,375312303,19.469,19.647,19.416,19.621,1364659
2006-03-23,7.9002,7.9272,7.6339,7.7041,397822515,19.594,19.647,19.486,19.576,1029119
2006-03-24,7.7182,7.8041,7.5595,7.6786,298928443,19.584,19.691,19.524,19.638,1803125
2006-03-27,7.7132,7.8604,7.6071,7.6209,308428049,19.559,19.737,19.559,19.665,832610
2006-03-28,7.6439,7.7017,7.4596,7.5187,381497781,19.559,19.728,19.425,19.441,817761
2006-03-29,7.5724,8.0062,7.3854,7.9822,652507842,19.515,19.824,19.477,19.737,1231591
2006-03-30,8.0488,8.1064,7.8796,8.0359,387195087,19.814,19.943,19.718,19.799,2395691
2006-03-31,8.0988,8.1459,7.9706,8.032,226141936,19.851,19.861,19.682,19.682,1826186
2006-04-03,8.1524,8.2116,8.0181,8.023,227495440,19.814,19.959,19.746,19.799,3716260
2006-04-04,7.9538,7.9681,7.818,7.8334,259885126,19.78,19.907,19.746,19.87,2242484
2006-04-05,8.287,8.6071,8.215,8.6071,622535329,19.916,20.045,19.879,20.036,3078471
2006-04-06,8.7465,9.2267,8.7339,9.1235,741695172,19.976,20.111,19.916,20.018,1857566
2006-04-07,9.0794,9.1187,8.7681,8.9371,430915952,20.009,20.111,19.789,19.789,1882090
2006-04-10,8.9957,9.0824,8.7659,8.7937,251933041,19.789,19.861,19.718,19.763,1316739
2006-04-11,8.8399,8.8747,8.5891,8.707,261920672,19.814,19.851,19.542,19.584,2779714
2006-04-12,8.7259,8.73,8.4905,8.543,206262018,19.612,19.674,19.567,19.621,2943716
2006-04-13,8.4905,8.6364,8.4278,8.511,204875670,19.638,19.755,19.576,19.647,1009323
2006-04-17,8.5175,8.5596,8.2408,8.2997,201207768,19.638,19.709,19.371,19.433,2925606
2006-04-18,8.3241,8.5124,8.297,8.4804,221406133,19.559,19.842,19.477,19.824,957803
2006-04-19,8.5571,8.5801,8.3843,8.4073,299730791,19.78,19.861,19.665,19.806,1320792
2006-04-20,8.9003,8.9645,8.4778,8.6609,464772054,19.799,19.976,19.755,19.824,2267686
2006-04-21,8.7681,8.7901,8.5124,8.5852,220010056,19.851,19.888,19.559,19.612,1565332
2006-04-24,8.5699,8.5699,8.388,8.4201,197137617,19.567,19.629,19.477,19.584,665572
2006-04-25,8.4481,8.5276,8.3957,8.4739,147397311,19.584,19.647,19.45,19.576,2378481
2006-04-26,8.5289,8.7439,8.5032,8.7274,198226556,19.647,19.691,19.559,19.647,2756204
2006-04-27,8.6748,8.9462,8.625,8.8826,235896757,19.524,19.907,19.524,19.842,2977907
2006-04-28,8.8682,9.1311,8.8619,9.0137,211664380,19.647,19.647,19.388,19.425,3273295
2006-05-01,9.0635,9.1615,8.8568,8.9127,209203761,19.524,19.524,19.265,19.265,4332224
2006-05-02,8.9842,9.2182,8.9787,9.1724,215024377,19.362,19.441,19.32,19.355,985701
2006-05-03,9.2132,9.2132,8.9881,9.11,191525089,19.329,19.388,19.22,19.31,917198
2006-05-04,9.0985,9.3342,9.0232,9.1081,239941811,19.347,19.45,19.184,19.38,1893340
2006-05-05,9.2084,9.2526,9.1109,9.2064,156978095,19.46,19.515,19.406,19.486,1266799
2006-05-08,9.3352,9.4527,9.1857,9.2064,165851949,19.505,19.559,19.469,19.515,860731
2006-05-09,9.1953,9.2917,9.0437,9.0958,148225167,19.584,19.584,19.371,19.433,1766228
2006-05-10,9.1311,9.135,8.9147,9.0407,128253590,19.469,19.515,19.175,19.229,2940229
2006-05-11,9.0514,9.0711,8.6505,8.7274,225979072,19.133,19.175,18.758,18.829,2953275
2006-05-12,8.7274,8.7966,8.5621,8.6698,178977080,18.758,18.82,18.635,18.652,5294975
2006-05-15,8.5956,8.7571,8.5956,8.6812,147508789,18.599,18.731,18.474,18.669,3244725
2006-05-16,8.7404,8.7404,8.2918,8.3216,261213272,18.669,18.679,18.447,18.491,1751384
2006-05-17,8.2984,8.4138,8.2049,8.3574,207766699,18.402,18.465,18.225,18.243,1857682
2006-05-18,8.4009,8.4854,8.0831,8.0909,183558785,18.447,18.447,18.172,18.182,4545381
2006-05-19,8.0909,8.3088,8.0448,8.2614,274925184,18.207,18.35,18.081,18.313,2314252
2006-05-22,8.1704,8.1947,8.0384,8.1167,200333908,18.136,18.277,18.056,18.154,1809199
2006-05-23,8.3062,8.3484,8.0679,8.0871,193654365,18.359,18.386,18.02,18.02,1154202
2006-05-24,8.0615,8.1511,7.8835,8.1112,255456642,18.109,18.25,17.959,18.199,2351597
2006-05-25,8.2294,8.2534,8.105,8.2382,129224146,18.359,18.369,18.199,18.369,1418652
2006-05-26,8.2343,8.2677,8.0856,8.1371,120732452,18.429,18.482,18.359,18.457,2275334
2006-05-30,8.0856,8.1064,7.8385,7.8399,157000249,18.331,18.395,18.09,18.09,1105273
2006-05-31,7.9092,7.9128,7.516,7.6543,357139520,18.235,18.268,18.073,18.163,1521915
2006-06-01,7.6644,7.9757,7.6221,7.9617,262836804,18.154,18.491,18.154,18.474,755220
2006-06-02,8.064,8.0808,7.7966,7.8962,191223272,18.553,18.607,18.331,18.411,1725173
2006-06-05,7.831,7.831,7.6798,7.6837,168902698,18.395,18.395,18.119,18.136,823724
2006-06-06,7.7146,7.7643,7.5443,7.6478,202479562,18.154,18.191,17.977,18.136,4106692
2006-06-07,7.6901,7.7349,7.4724,7.4992,208945143,18.047,18.191,17.887,17.887,1732034
2006-06-08,7.4737,7.8028,7.3189,7.7811,389578248,18.331,18.331,17.487,17.798,6655701
2006-06-09,7.8359,7.8835,7.5684,7.5864,216356184,17.887,17.959,17.699,17.726,924507
2006-06-12,7.612,7.6492,7.2945,7.2996,200128458,17.736,17.772,17.398,17.398,901338
2006-06-13,7.3776,7.5684,7.3457,7.4698,301127099,17.398,17.613,17.373,17.414,1841818
2006-06-14,7.4698,7.5274,7.2597,7.3776,244827075,17.354,17.604,17.354,17.531,1384459
2006-06-15,7.3571,7.6503,7.2677,7.6043,331944922,17.613,18.02,17.613,17.977,2040915
2006-06-16,7.5544,7.5801,7.365,7.3711,233702130,17.994,18.028,17.851,17.95,2542820
2006-06-19,7.4019,7.4505,7.2996,7.325,196421711,17.986,18.028,17.798,17.869,1311456
2006-06-20,7.3776,7.4724,7.3367,7.3596,187432927,17.878,17.986,17.772,17.842,1151390
2006-06-21,7.3969,7.5187,7.338,7.4097,240704518,17.781,18.191,17.781,18.073,1704364
2006-06-22,7.4366,7.6517,7.4366,7.6299,269417104,18.136,18.136,17.826,17.859,753082
2006-06-23,7.6478,7.7055,7.5212,7.5339,184050428,17.817,17.959,17.763,17.807,544312
2006-06-26,7.576,7.5812,7.475,7.5544,130041821,17.826,17.959,17.79,17.842,1081764
2006-06-27,7.5712,7.5839,7.3507,7.3545,152995106,17.913,17.913,17.604,17.604,1492220
2006-06-28,7.338,7.338,7.0958,7.1739,237190726,17.559,17.717,17.531,17.717,978611
2006-06-29,7.2728,7.5674,7.2212,7.5516,243081258,17.781,18.172,17.781,18.172,1221468
2006-06-30,7.3725,7.3957,7.2355,7.3339,205692461,18.145,18.145,18.02,18.073,2012116
2006-07-03,7.3433,7.4505,7.3433,7.4212,54318807,18.038,18.225,18.038,18.207,462311
2006-07-05,7.3123,7.3763,7.2432,7.2996,144500022,18.145,18.145,17.921,17.921,1047566
2006-07-06,7.325,7.3507,7.1215,7.142,176570109,17.959,18.047,17.895,17.941,893690
2006-07-07,7.1163,7.2418,7.0012,7.0945,222831763,17.941,17.941,17.69,17.763,937894
2006-07-10,7.1369,7.2342,6.9795,7.0434,147582157,17.826,17.851,17.487,17.559,2212229
2006-07-11,7.0551,7.17,6.9834,7.1266,230066263,17.559,17.654,17.38,17.63,2524263
2006-07-12,7.0663,7.0741,6.7758,6.7821,258400110,17.531,17.577,17.265,17.309,1161176
2006-07-13,6.6654,6.9309,6.5838,6.6912,348524593,16.758,17.327,16.758,17.025,2140914
2006-07-14,6.7219,6.7735,6.4236,6.4888,276849590,16.793,17.044,16.793,16.981,1035530
2006-07-17,6.6143,6.8014,6.6143,6.7066,285724411,16.952,17.098,16.952,17.035,1111345
2006-07-18,6.8117,6.896,6.6401,6.7744,279206670,17.025,17.121,16.83,17.07,2533711
2006-07-19,6.7808,7.0537,6.7053,6.9282,387459617,17.089,17.364,17.052,17.317,2336977
2006-07-20,7.8066,7.8875,7.6478,7.7478,549994902,17.292,17.39,17.07,17.07,798526
2006-07-21,7.6478,7.831,7.6376,7.776,248733555,17.006,17.07,16.83,16.892,1504141
2006-07-24,7.8385,7.9526,7.7389,7.8656,201557145,17.016,17.201,16.943,17.147,2017407
2006-07-25,7.914,7.9513,7.7835,7.9295,164269916,17.184,17.38,17.157,17.336,1745084
2006-07-26,7.9451,8.2779,7.8989,8.1791,250546553,17.201,17.487,17.201,17.38,830922
2006-07-27,8.2601,8.3267,8.05,8.1192,204990178,17.468,17.577,17.327,17.327,1025521
2006-07-28,8.1883,8.4112,8.132,8.3996,192836918,17.459,17.682,17.432,17.63,900661
2006-07-31,8.5584,8.7888,8.4877,8.703,248996662,17.513,17.699,17.513,17.604,4083858
2006-08-01,8.6085,8.699,8.4444,8.6031,198097896,17.531,17.531,17.256,17.354,1465108
2006-08-02,8.6595,8.7952,8.6456,8.7287,153567749,17.45,17.63,17.423,17.567,1165225
2006-08-03,8.6906,8.9645,8.6825,8.9117,234536065,17.468,17.682,17.345,17.622,724845
2006-08-04,8.5827,8.7864,8.319,8.7465,516715761,17.726,17.851,17.442,17.567,1116410
2006-08-07,8.6761,8.9127,8.4917,8.6071,347318741,17.468,17.559,17.423,17.505,2103230
2006-08-08,8.5929,8.5943,8.2614,8.2957,278228723,17.495,17.586,17.364,17.442,1214942
2006-08-09,8.3687,8.4009,8.1192,8.1434,266480460,17.781,17.869,17.513,17.549,1894460
2006-08-10,8.0871,8.2997,8.0295,8.2049,194571588,17.459,17.645,17.459,17.622,865342
2006-08-11,8.0988,8.2129,8.0142,8.1511,216809551,17.513,17.577,17.45,17.523,1150377
2006-08-14,8.1871,8.3522,8.1445,8.1883,200099251,17.663,17.834,17.63,17.673,946555
2006-08-15,8.3537,8.5162,8.2984,8.5098,240208980,17.869,18.1,17.842,18.081,1684679
2006-08-16,8.5865,8.7171,8.4943,8.7056,217878211,18.268,18.395,18.127,18.369,4717592
2006-08-17,8.7083,8.7925,8.6031,8.6556,160732524,18.359,18.553,18.34,18.447,2070387
2006-08-18,8.6711,8.7595,8.6133,8.6964,149567697,18.313,18.561,18.295,18.518,859608
2006-08-21,8.6199,8.6199,8.471,8.5238,146715505,18.465,18.465,18.34,18.395,1789403
2006-08-22,8.5316,8.7491,8.5162,8.6595,160867551,18.35,18.553,18.322,18.402,1150491
2006-08-23,8.7149,8.7914,8.5725,8.6199,148998938,18.191,18.535,18.191,18.313,2809521
2006-08-24,8.7016,8.7325,8.4867,8.6839,182662425,18.561,18.561,18.277,18.386,1279172
2006-08-25,8.6212,8.8426,8.6199,8.8042,151685941,18.386,18.527,18.35,18.438,1081989
2006-08-28,8.7646,8.7864,8.5391,8.5776,205853968,18.491,18.626,18.411,18.607,1553407
2006-08-29,8.5776,8.6133,8.3393,8.5136,264192324,18.643,18.777,18.499,18.777,1987598
2006-08-30,8.6122,8.6853,8.5391,8.5751,189701849,18.795,18.935,18.748,18.91,2263299
2006-08-31,8.6045,8.7465,8.5365,8.6892,160253963,18.98,18.98,18.82,18.839,1246780
2006-09-01,8.7681,8.7914,8.6853,8.7571,113921390,18.953,18.98,18.829,18.918,4529297
2006-09-05,8.8131,9.1567,8.7786,9.1538,282278178,18.918,19.034,18.802,19.015,2767678
2006-09-06,9.1033,9.1817,8.9256,8.9683,271642103,18.785,18.91,18.687,18.705,1499978
2006-09-07,9.0464,9.41,8.9967,9.3225,353598821,18.607,18.739,18.518,18.599,2068701
2006-09-08,9.3899,9.4228,9.2093,9.2859,249843094,18.59,18.767,18.59,18.748,2131356
2006-09-11,9.2859,9.4429,9.1462,9.2839,264623429,18.626,18.961,18.626,18.91,3604454
2006-09-12,9.3245,9.406,9.15,9.3004,469796238,18.848,19.265,18.848,19.238,1601326
2006-09-13,9.3332,9.516,9.2586,9.502,319625217,19.229,19.274,19.125,19.238,1912007
2006-09-14,9.4517,9.561,9.408,9.4989,223578145,19.115,19.347,19.115,19.284,1663983
2006-09-15,9.572,9.601,9.3841,9.4899,273817900,19.441,19.469,19.265,19.292,7772673
2006-09-18,9.4527,9.586,9.3861,9.4637,196685002,19.201,19.425,19.157,19.284,1319555
2006-09-19,9.4749,9.521,9.3225,9.4488,198019474,19.31,19.32,19.007,19.193,3973957
2006-09-20,9.527,9.692,9.504,9.638,229356551,19.355,19.515,19.201,19.505,2878813
2006-09-21,9.647,9.74,9.4819,9.558,221459485,19.505,19.559,19.284,19.32,2198396
2006-09-22,9.515,9.518,9.2946,9.3489,185483697,19.246,19.292,19.167,19.201,3758666
2006-09-25,9.4527,9.714,9.4419,9.701,239542181,19.32,19.594,19.284,19.552,1878825
2006-09-26,9.745,9.961,9.745,9.938,307573695,19.647,19.682,19.486,19.674,2837416
2006-09-27,9.89,9.921,9.71,9.783,225987295,19.737,19.789,19.46,19.524,5975281
2006-09-28,9.868,9.922,9.726,9.862,201736518,19.559,19.629,19.46,19.621,2549685
2006-09-29,9.89,9.928,9.82,9.858,113162818,19.629,19.691,19.524,19.559,1334852
2006-10-02,9.605,9.716,9.514,9.586,198682281,19.515,19.621,19.416,19.416,4695322
2006-10-03,9.526,9.597,9.3723,9.4889,220496232,19.339,19.576,19.284,19.524,2318757
2006-10-04,9.4739,9.666,9.3683,9.655,231038469,19.486,19.87,19.477,19.824,7036123
2006-10-05,9.54,9.752,9.4939,9.582,187951156,19.851,19.87,19.746,19.814,1921009
2006-10-06,9.533,9.609,9.4537,9.504,130208917,19.737,19.842,18.758,19.824,1854979
2006-10-09,9.4527,9.615,9.4168,9.556,122211350,19.763,19.924,19.737,19.879,590657
2006-10-10,9.55,9.55,9.3586,9.4537,148197243,19.897,19.924,19.78,19.897,1788728
2006-10-11,9.4208,9.4769,9.2966,9.3772,159455164,19.861,20.002,19.78,19.888,1664208
2006-10-12,9.4448,9.656,9.4258,9.638,165314129,19.907,20.203,19.907,20.182,2737417
2006-10-13,9.69,9.847,9.569,9.607,190779523,20.212,20.343,20.165,20.277,3297702
2006-10-16,9.612,9.717,9.575,9.657,141856990,20.352,20.409,20.268,20.268,2138666
2006-10-17,9.616,9.64,9.4839,9.513,134086943,20.182,20.182,19.966,20.102,8384697
2006-10-18,9.575,10.064,9.467,9.543,312852054,20.191,20.324,19.976,20.045,4224574
2006-10-19,10.15,10.238,10.009,10.117,422699152,20.002,20.147,19.924,20.111,2229103
2006-10-20,10.113,10.243,10.074,10.238,178321095,20.129,20.231,20.055,20.231,1956665
2006-10-23,10.245,10.486,10.213,10.433,232009453,20.222,20.418,19.976,20.361,1463984
2006-10-24,10.424,10.46,10.27,10.38,129135896,20.334,20.395,20.139,20.212,2472968
2006-10-25,10.413,10.5,10.375,10.46,135140806,20.268,20.409,20.231,20.395,1497167
2006-10-26,10.476,10.579,10.391,10.525,120653241,20.378,20.519,20.306,20.5,2440799
2006-10-27,10.474,10.559,10.246,10.297,165890124,20.446,20.446,20.147,20.231,2646196
2006-10-30,10.245,10.361,10.18,10.298,139419046,20.111,20.378,20.036,20.306,2785678
2006-10-31,10.436,10.46,10.273,10.384,139807017,20.404,20.436,20.25,20.352,3175547
2006-11-01,10.387,10.423,10.034,10.14,170449700,20.446,20.446,20.139,20.241,3725481
2006-11-02,10.098,10.157,10.053,10.115,129812684,20.111,20.212,20.093,20.121,3154177
2006-11-03,10.158,10.184,9.962,10.025,120438924,20.182,20.268,20.009,20.121,2156213
2006-11-06,10.118,10.253,10.043,10.209,119991965,20.212,20.409,20.156,20.361,1703576
2006-11-07,10.309,10.374,10.26,10.31,146649709,20.49,20.574,20.165,20.464,3696797
2006-11-08,10.245,10.59,10.232,10.559,192636060,20.464,20.565,20.287,20.481,3360359
2006-11-09,10.629,10.845,10.516,10.674,257380888,20.705,20.705,20.464,20.473,3492188
2006-11-10,10.706,10.706,10.566,10.644,104252983,20.25,20.546,20.25,20.528,1809760
2006-11-13,10.655,10.814,10.584,10.802,125671372,20.582,20.722,20.528,20.705,2303006
2006-11-14,10.859,10.886,10.744,10.886,164230914,20.741,20.91,20.6,20.856,2737196
2006-11-15,10.892,11.0,10.757,10.764,182479917,20.697,20.973,20.697,20.9,1933269
2006-11-16,10.871,11.052,10.835,10.963,193495187,20.954,21.034,20.847,20.981,1825508
2006-11-17,10.893,11.006,10.886,10.993,130067085,20.891,21.016,20.873,21.016,1710996
2006-11-20,10.937,11.14,10.911,11.074,158307687,20.981,21.088,20.91,21.016,1577031
2006-11-21,11.196,11.345,11.154,11.345,173594100,21.069,21.069,20.964,21.008,1610327
2006-11-22,11.399,11.622,11.251,11.564,187393383,21.13,21.167,21.016,21.167,1201444
2006-11-24,11.463,11.919,11.462,11.736,144759207,21.044,21.185,20.935,21.121,476372
2006-11-27,11.842,11.928,11.462,11.466,299726737,20.981,21.061,20.582,20.625,3635160
2006-11-28,11.578,11.778,11.514,11.757,288933742,20.565,20.741,20.49,20.732,3307151
2006-11-29,11.91,11.928,11.556,11.757,322654810,20.865,20.935,20.768,20.865,3560580
2006-11-30,11.809,11.868,11.662,11.74,242722561,20.856,20.999,20.777,20.91,1929335
2006-12-01,11.757,11.823,11.539,11.693,221733731,20.803,20.91,20.546,20.732,3261372
2006-12-04,11.77,11.789,11.589,11.669,197902465,20.768,21.069,20.768,20.999,1593901
2006-12-05,11.738,11.823,11.638,11.687,184809018,20.935,21.088,20.935,21.008,1303806
2006-12-06,11.608,11.703,11.483,11.505,177784590,21.016,21.079,20.856,20.873,1096163
2006-12-07,11.527,11.589,11.128,11.146,280207427,20.927,21.026,20.758,20.794,1758242
2006-12-08,11.156,11.448,11.14,11.302,218660737,20.768,20.918,20.669,20.794,916974
2006-12-11,11.382,11.437,11.277,11.364,139324957,20.785,21.016,20.669,20.918,1082214
2006-12-12,11.345,11.377,10.954,11.031,288424195,20.882,20.954,20.715,20.847,3372842
2006-12-13,11.266,11.407,11.16,11.405,238666152,21.016,21.016,20.741,20.882,1572195
2006-12-14,11.399,11.526,11.302,11.338,232014661,20.882,21.106,20.803,21.061,1489854
2006-12-15,11.396,11.427,11.184,11.235,206288072,21.052,21.069,20.935,20.945,2076238
2006-12-18,11.235,11.271,10.831,10.946,201209834,20.989,21.098,20.768,20.865,2334164
2006-12-19,10.842,11.101,10.708,11.053,254127334,20.687,20.839,20.608,20.732,1675118
2006-12-20,11.073,11.099,10.852,10.854,158418211,20.821,20.91,20.722,20.741,1434065
2006-12-21,10.854,10.947,10.526,10.617,251986616,20.75,20.777,20.582,20.64,2050927
2006-12-22,10.693,10.762,10.45,10.526,170538803,20.65,20.659,20.464,20.481,1580857
2006-12-26,10.516,10.575,10.36,10.439,136692465,20.427,20.6,20.427,20.6,1005718
2006-12-27,10.008,10.5,9.833,10.44,539722232,20.617,20.777,20.608,20.75,1020121
2006-12-28,10.257,10.405,10.201,10.357,312288577,20.75,20.777,20.669,20.741,1131371
2006-12-29,10.751,10.937,10.676,10.864,300160879,20.732,20.882,20.669,20.678,1198073
2007-01-03,11.049,11.087,10.486,10.731,345302870,20.768,21.034,20.537,20.741,5337498
2007-01-04,10.78,11.007,10.733,10.969,236252357,20.732,21.113,20.687,21.061,3242928
2007-01-05,10.992,11.038,10.807,10.893,232773093,20.91,20.927,20.758,20.891,1854979
2007-01-08,11.011,11.081,10.922,10.946,222149027,20.891,21.026,20.821,20.954,2001436
2007-01-09,11.075,11.907,10.906,11.854,933759387,20.918,21.044,20.812,20.981,3902081
2007-01-10,12.135,12.526,11.968,12.42,820730037,20.91,21.121,20.856,21.088,2991299
2007-01-11,12.289,12.394,12.178,12.267,401661844,21.212,21.337,21.14,21.301,4072159
2007-01-12,12.107,12.174,11.939,12.117,366027068,21.318,21.389,21.193,21.354,3542696
2007-01-16,12.257,12.452,12.222,12.433,346840092,21.248,21.379,21.239,21.31,1751157
2007-01-17,12.489,12.499,12.143,12.161,453218702,21.221,21.266,20.999,21.034,1702565
2007-01-18,11.782,11.796,11.405,11.407,659349162,20.918,20.999,20.732,20.794,5433442
2007-01-19,11.348,11.48,11.285,11.331,379744435,20.669,20.803,20.65,20.785,2666669
2007-01-22,11.418,11.419,10.968,11.116,402540763,20.758,20.794,20.528,20.632,3824359
2007-01-23,10.977,11.207,10.951,10.974,336685388,20.582,20.768,20.556,20.632,1654419
2007-01-24,11.024,11.16,11.024,11.103,258728936,20.715,21.008,20.697,21.008,4928501
2007-01-25,11.159,11.331,11.018,11.045,252639719,21.088,21.176,20.75,20.75,1699863
2007-01-26,11.149,11.189,10.885,10.935,275130377,20.831,20.9,20.678,20.758,4825916
2007-01-29,11.045,11.097,10.954,11.006,251405514,20.794,20.927,20.758,20.847,2632698
2007-01-30,11.077,11.077,10.917,10.956,160943141,20.831,20.973,20.831,20.973,2809974
2007-01-31,10.86,11.014,10.802,10.978,238301361,20.935,21.148,20.812,21.098,1938557
2007-02-01,11.031,11.048,10.852,10.852,185223259,21.121,21.167,20.945,21.008,1695364
2007-02-02,10.776,10.917,10.717,10.852,173327711,21.079,21.113,21.008,21.113,1711563
2007-02-05,10.797,10.915,10.75,10.75,161405362,20.981,21.113,20.981,21.061,1163651
2007-02-06,10.814,10.817,10.612,10.777,240961071,21.052,21.106,20.873,21.034,1907399
2007-02-07,10.821,11.062,10.7,11.032,297417155,21.158,21.212,21.052,21.13,1766677
2007-02-08,10.967,11.08,10.938,11.036,189370669,21.026,21.185,21.026,21.158,1541150
2007-02-09,10.998,11.038,10.656,10.664,239880362,21.185,21.212,20.821,20.927,2123030
2007-02-12,10.811,10.909,10.709,10.87,201764456,20.847,20.91,20.785,20.839,2920166
2007-02-13,10.909,10.923,10.796,10.846,161936755,20.91,20.954,20.847,20.927,1722963
2007-02-14,10.837,10.967,10.83,10.924,141666808,21.008,21.231,20.989,21.212,1145333
2007-02-15,10.915,10.964,10.856,10.912,101411579,21.248,21.301,21.176,21.293,3445731
2007-02-16,10.897,10.938,10.841,10.863,111474825,21.13,21.248,21.106,21.248,2301769
2007-02-20,10.83,11.034,10.779,11.0,172235557,21.148,21.301,21.079,21.258,1486143
2007-02-21,11.021,11.461,11.008,11.424,322183882,21.185,21.266,21.13,21.221,1310107
2007-02-22,11.628,11.63,11.335,11.463,233763003,21.354,21.407,21.203,21.337,4025364
2007-02-23,11.433,11.569,11.378,11.407,144427846,21.284,21.328,21.221,21.318,1133730
2007-02-26,11.507,11.526,11.22,11.352,171792585,21.248,21.37,21.14,21.266,1110835
2007-02-27,11.048,11.15,10.683,10.748,319442902,20.91,21.113,20.25,20.446,5310950
2007-02-28,10.828,10.961,10.629,10.834,256409965,20.446,20.687,20.334,20.49,4069345
2007-03-01,10.757,11.308,10.724,11.149,394757858,20.203,20.625,19.907,20.509,4143403
2007-03-02,11.112,11.211,10.912,10.938,239815763,20.361,20.473,20.129,20.129,2939105
2007-03-05,10.991,11.352,10.982,11.053,233181782,19.966,20.378,19.966,20.174,1582877
2007-03-06,11.245,11.308,11.193,11.293,201682723,20.334,20.481,20.222,20.481,2448784
2007-03-07,11.271,11.394,11.199,11.235,174620479,20.37,20.409,20.222,20.222,1734397
2007-03-08,11.344,11.36,11.2,11.271,142484159,20.395,20.509,20.315,20.395,3121440
2007-03-09,11.371,11.378,11.193,11.267,125660350,20.528,20.546,20.277,20.446,1273660
2007-03-12,11.271,11.525,11.27,11.509,203423631,20.37,20.6,20.37,20.574,1792326
2007-03-13,11.448,11.601,11.32,11.32,241977610,20.481,20.537,20.182,20.241,1863980
2007-03-14,11.345,11.526,11.261,11.526,222120710,20.241,20.436,20.083,20.427,3261705
2007-03-15,11.526,11.571,11.438,11.47,155920572,20.427,20.464,20.315,20.436,2523809
2007-03-16,11.472,11.525,11.438,11.473,159438492,20.343,20.49,20.315,20.404,3267923
2007-03-19,11.555,11.725,11.473,11.67,198842082,20.509,20.75,20.473,20.537,979177
2007-03-20,11.695,11.761,11.662,11.715,136404395,20.582,20.705,20.528,20.669,1452507
2007-03-21,11.782,12.037,11.738,12.022,191659295,20.705,21.088,20.617,21.088,965509
2007-03-22,12.01,12.083,11.91,12.033,157625132,20.989,21.026,20.821,21.008,1939453
2007-03-23,11.949,12.046,11.949,11.977,125828992,20.935,21.052,20.9,20.954,1541150
2007-03-26,12.04,12.281,11.949,12.274,241161364,20.954,21.016,20.528,20.981,1078276
2007-03-27,12.254,12.399,12.167,12.223,257947727,20.927,20.989,20.891,20.989,1985196
2007-03-28,12.153,12.217,11.928,11.94,264554993,20.812,20.873,20.687,20.75,2235403
2007-03-29,12.06,12.061,11.811,12.006,202352424,20.803,20.856,20.556,20.777,3210302
2007-03-30,12.078,12.125,11.878,11.899,167475178,20.785,20.839,20.582,20.732,4293641
2007-04-02,12.056,12.069,11.912,11.993,139963969,20.794,20.882,20.669,20.839,1769717
2007-04-03,12.054,12.196,12.007,12.102,162849037,20.882,21.098,20.803,21.008,2239395
2007-04-04,12.16,12.184,12.053,12.072,132966739,20.989,21.13,20.981,21.13,2577019
2007-04-05,12.05,12.125,11.977,12.125,99148054,21.158,21.221,20.91,21.212,742058
2007-04-09,12.194,12.204,11.915,11.993,115261788,21.212,21.284,21.158,21.212,863579
2007-04-10,11.997,12.069,11.964,12.069,98296930,21.193,21.248,21.121,21.193,2184585
2007-04-11,12.026,12.032,11.823,11.857,153101090,21.248,21.248,20.973,20.999,2357722
2007-04-12,11.791,11.821,11.617,11.806,183654688,21.026,21.221,20.927,21.221,867005
2007-04-13,11.645,11.704,11.533,11.555,200863594,21.088,21.239,20.973,21.239,1252150
2007-04-16,11.601,11.718,11.556,11.708,169955276,21.258,21.415,21.248,21.415,1486635
2007-04-17,11.786,11.82,11.487,11.57,209655898,21.37,21.462,21.31,21.462,1544229
2007-04-18,11.545,11.635,11.474,11.577,129386385,21.248,21.472,21.248,21.407,1199526
2007-04-19,11.548,11.684,11.505,11.559,118787486,21.239,21.472,21.212,21.415,2001678
2007-04-20,11.664,11.677,11.596,11.651,146139118,21.569,21.628,21.462,21.542,1109747
2007-04-23,11.737,12.013,11.707,11.975,217645137,21.513,21.577,21.434,21.495,1807398
2007-04-24,12.04,12.346,11.691,11.94,294295025,21.665,21.691,21.472,21.61,3207944
2007-04-25,12.071,12.217,12.013,12.209,330909950,21.628,21.801,21.586,21.772,1927277
2007-04-26,13.008,13.126,12.588,12.657,484683536,21.753,21.932,21.7,21.896,808919
2007-04-27,12.568,12.8,12.511,12.796,195052719,21.792,21.958,21.792,21.877,1017823
2007-04-30,12.813,12.933,12.763,12.78,171930349,21.86,21.968,21.709,21.709,1041273
2007-05-01,12.753,12.852,12.621,12.739,148507151,21.772,21.817,21.638,21.817,3487055
2007-05-02,12.761,12.877,12.739,12.858,140893052,21.851,22.03,21.834,21.932,1496032
2007-05-03,12.896,12.99,12.808,12.859,160657926,22.047,22.163,21.958,22.145,1201913
2007-05-04,12.904,13.011,12.872,12.91,106532846,22.225,22.253,22.11,22.234,3317954
2007-05-07,12.942,13.363,12.934,13.309,240269953,22.181,22.262,22.163,22.209,714566
2007-05-08,13.245,13.467,13.244,13.455,218657961,22.135,22.305,22.118,22.297,2168250
2007-05-09,13.436,13.698,13.433,13.686,200159564,22.181,22.386,22.135,22.269,6327248
2007-05-10,13.66,13.937,13.566,13.747,333857993,22.262,22.367,22.073,22.153,2680725
2007-05-11,13.772,13.977,13.673,13.926,181623757,22.11,22.395,22.11,22.395,2855077
2007-05-14,14.048,14.085,13.86,14.007,181816520,22.457,22.457,22.209,22.287,791891
2007-05-15,14.033,14.11,13.636,13.77,266201390,22.314,22.457,22.2,22.253,3860576
2007-05-16,13.891,13.936,13.244,13.747,314369576,22.287,22.447,22.19,22.447,665120
2007-05-17,13.735,14.069,13.722,14.017,205483554,22.447,22.484,22.331,22.386,574122
2007-05-18,14.114,14.168,14.058,14.087,173116817,22.465,22.511,22.331,22.502,1589628
2007-05-21,14.123,14.399,14.09,14.337,178454750,22.554,22.714,22.484,22.598,1379645
2007-05-22,14.405,14.565,14.341,14.54,159634682,22.358,22.714,22.358,22.572,2176293
2007-05-23,14.602,14.728,14.419,14.459,254159331,22.633,22.689,22.475,22.493,4346562
2007-05-24,14.449,14.659,14.132,14.175,247469972,22.438,22.572,22.128,22.209,5438880
2007-05-25,14.341,14.569,14.282,14.549,176492317,22.253,22.413,22.209,22.395,2219093
2007-05-29,14.672,14.711,14.432,14.644,180070735,22.377,22.572,22.358,22.528,2666778
2007-05-30,14.639,15.225,14.538,15.211,412371353,22.358,22.724,22.287,22.698,2534048
2007-05-31,15.377,15.642,15.308,15.519,361617762,22.784,22.845,22.724,22.803,2441792
2007-06-01,15.507,15.519,15.148,15.162,246601470,22.91,22.965,22.751,22.803,2326066
2007-06-04,15.193,15.591,15.098,15.538,247259754,22.733,22.892,22.724,22.883,1594506
2007-06-05,15.548,15.713,15.431,15.71,256806653,22.768,22.837,22.66,22.803,1547897
2007-06-06,15.667,15.885,15.616,15.833,310164573,22.707,22.733,22.536,22.536,2304805
2007-06-07,16.006,16.341,15.776,15.886,534344969,22.502,22.633,22.163,22.216,2782589
2007-06-08,16.089,16.112,15.659,15.944,346277112,22.181,22.608,22.181,22.528,1886024
2007-06-11,16.137,16.156,15.308,15.392,522698680,22.511,22.643,22.465,22.572,1262749
2007-06-12,15.285,15.589,15.151,15.417,397844813,22.413,22.572,22.287,22.305,1615326
2007-06-13,15.511,15.519,14.778,15.048,480137758,22.403,22.59,22.314,22.59,1747558
2007-06-14,15.009,15.295,14.91,15.208,271426767,22.572,22.821,22.572,22.803,955689
2007-06-15,15.443,15.451,15.351,15.431,226221000,22.92,23.008,22.874,22.92,976143
2007-06-18,15.788,16.03,15.693,16.017,253942219,23.059,23.059,22.864,22.982,740338
2007-06-19,15.974,16.008,15.742,15.836,263011080,22.845,23.017,22.837,22.974,1471688
2007-06-20,15.863,15.966,15.561,15.568,250306692,23.069,23.069,22.714,22.837,1250707
2007-06-21,15.579,15.916,15.457,15.866,241756386,22.698,22.965,22.651,22.956,1769171
2007-06-22,15.861,15.939,15.671,15.752,176219294,22.714,22.929,22.608,22.698,2133831
2007-06-25,15.905,16.017,15.503,15.666,269232607,22.707,22.855,22.502,22.616,1644092
2007-06-26,15.877,15.878,15.203,15.322,374081367,22.751,22.751,22.475,22.536,2342996
2007-06-27,15.448,15.628,15.272,15.61,271833544,22.475,22.821,22.421,22.76,4589021
2007-06-28,15.684,15.686,15.369,15.439,233910600,22.768,22.965,22.768,22.837,1914257
2007-06-29,15.623,15.878,15.507,15.628,316362049,22.92,22.982,22.608,22.76,1577437
2007-07-02,15.509,15.633,15.276,15.529,277528323,22.83,22.989,22.83,22.956,1887399
2007-07-03,15.623,16.315,15.561,16.285,324196349,23.025,23.169,23.017,23.114,1750759
2007-07-05,16.495,17.028,16.481,16.999,404690317,23.151,23.851,23.086,23.205,3779626
2007-07-06,17.052,17.076,16.7,16.943,243805189,23.239,23.335,23.178,23.248,3070500
2007-07-09,16.943,17.02,16.543,16.692,277427270,23.291,23.391,23.221,23.383,1136628
2007-07-10,16.527,17.223,16.497,16.95,349719688,23.16,23.317,23.069,23.114,2400633
2007-07-11,16.904,17.124,16.816,16.955,228826496,23.078,23.291,23.008,23.248,1227612
2007-07-12,17.137,17.192,16.955,17.167,196391708,23.3,23.7,23.283,23.638,1448601
2007-07-13,17.288,17.656,17.224,17.639,252948977,23.674,23.996,23.596,23.691,1888611
2007-07-16,17.744,17.925,17.611,17.684,260952496,23.665,23.818,23.605,23.764,1567490
2007-07-17,17.709,17.88,17.611,17.788,197627504,23.755,23.941,23.736,23.842,1477595
2007-07-18,17.696,17.727,17.423,17.686,211062111,23.665,23.736,23.451,23.718,1726522
2007-07-19,17.965,18.032,17.887,17.927,204095535,23.932,24.024,23.833,23.913,3386150
2007-07-20,18.144,18.464,17.927,18.409,324422187,23.842,23.876,23.613,23.825,1769625
2007-07-23,18.366,18.598,18.049,18.401,288496408,23.851,23.95,23.783,23.858,1240364
2007-07-24,17.781,18.058,17.18,17.271,500393811,23.605,23.868,23.461,23.621,1954888
2007-07-25,17.596,17.717,17.288,17.578,418343924,23.621,23.825,23.16,23.647,4530508
2007-07-26,18.688,19.018,17.539,18.696,609713291,23.647,23.647,22.892,23.291,3343879
2007-07-27,18.715,19.071,18.411,18.421,322997313,23.196,23.3,22.793,22.793,2316526
2007-07-30,18.476,18.628,17.876,18.112,308938917,22.892,23.034,22.733,22.874,1805983
2007-07-31,18.314,18.374,16.843,16.873,490674255,23.205,23.205,22.608,22.714,3080273
2007-08-01,17.111,17.34,16.363,17.288,487845317,22.733,23.354,22.457,22.938,10765940
2007-08-02,17.531,17.539,17.18,17.477,237703871,22.92,23.16,22.864,22.982,5674156
2007-08-03,17.338,17.41,16.84,16.884,188995834,23.034,23.078,22.536,22.536,2989773
2007-08-06,17.02,17.325,16.431,17.323,257826874,22.689,22.902,22.484,22.892,2821359
2007-08-07,17.278,17.575,16.984,17.291,264743117,22.83,23.069,22.562,22.938,3507897
2007-08-08,17.514,17.526,16.904,17.16,225182326,23.096,23.291,22.989,23.291,5945588
2007-08-09,16.79,17.032,16.017,16.188,313384801,22.974,23.47,22.59,22.76,4146941
2007-08-10,15.752,16.36,15.408,16.006,393062029,22.429,22.707,22.163,22.438,5478426
2007-08-13,16.457,16.564,16.201,16.366,209871835,22.76,22.83,22.608,22.751,2993096
2007-08-14,16.43,16.431,15.841,15.882,205582841,22.768,22.803,22.181,22.287,1710662
2007-08-15,15.719,15.991,15.322,15.355,276360162,22.269,22.447,21.896,22.005,3457263
2007-08-16,14.97,15.175,14.295,14.989,519423293,21.843,21.932,21.248,21.86,4543690
2007-08-17,15.623,15.815,15.346,15.63,333047893,22.421,22.429,21.843,22.073,4507637
2007-08-20,15.878,15.945,15.431,15.649,223957303,22.253,22.297,22.039,22.153,2467008
2007-08-21,15.648,16.516,15.494,16.336,362635238,22.083,22.413,22.083,22.225,3212914
2007-08-22,16.815,16.999,16.692,16.969,292681523,22.519,22.572,22.395,22.519,2244287
2007-08-23,17.065,17.076,16.618,16.784,241472936,22.624,22.67,22.457,22.58,2144289
2007-08-24,16.716,17.338,16.624,17.328,253888243,22.58,22.946,22.528,22.902,2887926
2007-08-27,17.088,17.244,16.917,16.936,197001364,22.784,22.92,22.775,22.775,1652171
2007-08-28,16.757,16.958,16.216,16.24,328245497,22.689,22.707,22.278,22.367,3149112
2007-08-29,16.631,17.184,16.588,17.17,325045062,22.447,22.929,22.447,22.902,3680714
2007-08-30,16.977,17.703,16.943,17.447,399939244,22.76,23.16,22.598,22.999,4851002
2007-08-31,17.875,17.887,17.598,17.732,244094374,23.248,23.248,23.008,23.151,5234573
2007-09-04,17.927,18.662,17.908,18.462,365720853,23.186,23.656,23.151,23.504,4999254
2007-09-05,18.585,18.674,17.43,17.514,647417491,23.418,23.443,23.169,23.256,2770488
2007-09-06,17.366,17.621,16.993,17.29,529504287,23.345,23.391,23.178,23.373,2574543
2007-09-07,16.906,16.943,16.648,16.875,398554970,23.008,23.069,22.76,22.892,5329511
2007-09-10,17.543,17.677,17.154,17.507,414352649,23.041,23.114,22.724,22.845,3937292
2007-09-11,17.661,17.709,17.129,17.353,270375496,22.989,23.256,22.982,23.178,2790960
2007-09-12,17.416,17.853,17.386,17.525,285182768,23.114,23.308,23.059,23.114,3136177
2007-09-13,17.772,17.801,17.499,17.571,182992127,23.239,23.248,23.086,23.114,2064538
2007-09-14,17.487,17.798,17.441,17.776,169371181,22.92,23.105,22.92,22.999,3257886
2007-09-17,17.8,18.003,17.624,17.723,220975432,22.989,23.096,22.902,22.989,1045261
2007-09-18,17.795,18.295,17.653,18.048,296192315,23.186,23.451,22.803,23.443,3817719
2007-09-19,18.315,18.334,17.853,18.025,286043490,23.577,23.665,23.443,23.532,2331013
2007-09-20,17.945,18.156,17.843,17.967,191903497,23.495,23.7,23.495,23.621,2084782
2007-09-21,18.068,18.524,17.967,18.461,317434345,23.665,23.802,23.647,23.755,3967325
2007-09-24,18.781,19.189,18.781,18.99,292461723,23.802,23.977,23.691,23.691,7047707
2007-09-25,18.804,19.62,18.804,19.615,331618710,23.7,24.005,23.647,23.932,3337343
2007-09-26,19.776,19.849,19.368,19.565,271691797,24.322,24.322,23.96,24.081,4366417
2007-09-27,19.698,19.79,19.507,19.787,182925326,24.163,24.163,24.024,24.064,3041352
2007-09-28,19.644,19.798,19.562,19.653,171131375,24.332,24.332,23.923,23.977,2984888
2007-10-01,19.802,20.16,19.586,20.02,233145108,24.155,24.332,24.024,24.235,11407712
2007-10-02,20.079,20.31,19.964,20.292,220543979,24.422,24.422,24.209,24.322,4000166
2007-10-03,20.234,20.387,20.107,20.223,192841867,24.2,24.269,24.005,24.041,2310091
2007-10-04,20.229,20.243,19.657,20.008,182716015,24.155,24.155,23.977,24.099,5710270
2007-10-05,20.282,20.692,20.194,20.675,261664740,24.209,24.422,24.192,24.36,2171959
2007-10-08,20.894,21.504,20.87,21.504,232735102,24.341,24.5,24.322,24.404,973329
2007-10-09,21.783,21.914,21.345,21.497,307868594,24.574,24.635,24.439,24.582,3045514
2007-10-10,21.464,21.5,21.208,21.358,185672389,24.875,24.875,24.565,24.661,2017600
2007-10-11,21.706,22.01,19.619,20.776,455246229,24.769,24.901,24.235,24.394,5519611
2007-10-12,20.895,21.422,20.72,21.419,275185100,24.456,24.661,24.422,24.635,2460596
2007-10-15,21.511,21.714,20.938,21.382,300342626,24.376,24.695,24.322,24.456,5706889
2007-10-16,21.184,21.792,21.148,21.715,296293365,24.394,24.537,24.332,24.456,6301599
2007-10-17,22.116,22.159,21.668,22.125,314097892,24.805,24.805,24.37,24.661,7402372
2007-10-18,21.961,22.307,21.907,22.218,229374861,24.617,24.751,24.528,24.723,2696317
2007-10-19,22.303,22.365,21.771,21.824,359678702,24.723,24.732,24.081,24.137,3426159
2007-10-22,21.789,22.398,21.765,22.33,443542508,23.96,24.315,23.932,24.287,3776213
2007-10-23,24.14,24.152,23.405,23.84,499663734,24.537,24.644,24.341,24.556,7232631
2007-10-24,23.8,23.974,22.954,23.812,358751843,24.67,24.67,23.876,24.306,6311836
2007-10-25,23.673,23.807,23.262,23.407,270734530,24.465,24.528,24.118,24.509,3531559
2007-10-26,23.69,23.738,23.42,23.653,196930829,24.67,25.079,24.607,24.839,2943830
2007-10-29,23.781,23.895,23.653,23.703,150676483,24.91,24.99,24.814,24.91,2824143
2007-10-30,23.836,24.249,23.656,23.949,261833218,24.76,25.053,24.76,24.953,3074683
2007-10-31,24.041,24.347,23.686,24.327,232166600,25.293,25.353,24.99,25.248,4361565
2007-11-01,24.152,24.346,23.051,24.003,224376046,25.425,25.425,24.846,24.971,8101417
2007-11-02,24.223,24.259,23.496,24.059,279360391,25.239,25.239,24.741,25.028,5998588
2007-11-05,23.728,24.198,23.594,23.843,224072318,24.919,25.096,23.783,24.99,5292481
2007-11-06,23.953,24.588,23.725,24.56,266027068,25.222,25.222,24.796,25.123,3798820
2007-11-07,24.382,24.675,23.836,23.857,276595039,25.028,25.035,24.448,24.448,6564454
2007-11-08,23.885,23.935,21.486,22.469,526696031,23.746,24.36,23.354,23.577,16100245
2007-11-09,21.88,22.428,21.157,21.179,425162196,22.855,23.48,22.742,23.086,7200743
2007-11-12,21.13,21.479,19.291,19.691,492362604,22.67,23.23,22.67,22.714,8170697
2007-11-13,20.615,21.897,19.691,21.765,484373501,23.114,23.605,23.008,23.488,5037016
2007-11-14,22.733,22.739,20.97,21.274,403585172,24.005,24.005,23.186,23.354,6837609
2007-11-15,21.28,21.717,20.528,21.04,414487458,23.105,23.4,22.982,23.069,4353899
2007-11-16,21.193,21.388,20.405,21.309,385660112,23.025,23.443,23.025,23.4,3919818
2007-11-19,21.262,21.54,20.758,20.996,321694225,23.391,23.4,22.91,22.938,5361187
2007-11-20,21.247,22.0,20.942,21.623,429930531,23.373,23.373,22.707,23.132,5911250
2007-11-21,21.195,22.072,21.086,21.572,339509885,22.751,23.132,22.608,22.698,7085059
2007-11-23,22.027,22.033,21.739,21.967,129891462,22.714,23.025,22.714,22.92,992137
2007-11-26,22.268,22.7,22.072,22.097,363869639,23.186,23.186,22.395,22.438,3167639
2007-11-27,22.439,22.511,21.772,22.387,366923874,22.76,22.821,22.413,22.689,3791199
2007-11-28,22.669,23.128,22.456,23.08,320237489,23.186,23.48,22.956,23.354,4771880
2007-11-29,22.959,23.714,22.943,23.6,291924936,23.461,23.586,23.317,23.47,5258292
2007-11-30,24.016,24.039,23.012,23.335,331057965,24.127,24.127,23.141,23.345,4053642
2007-12-03,23.282,23.584,22.755,22.908,267838964,23.418,23.443,23.16,23.205,3008536
2007-12-04,22.679,23.167,22.667,23.027,215691856,23.196,23.308,22.938,23.114,2217517
2007-12-05,23.435,23.819,23.361,23.755,248378681,23.504,23.691,23.345,23.647,4348793
2007-12-06,23.847,24.346,23.834,24.327,250866121,23.818,23.968,23.605,23.886,2555535
2007-12-07,24.401,24.972,24.081,24.883,297123533,24.118,24.118,23.842,23.913,3146444
2007-12-10,24.79,25.057,24.675,24.873,201210463,24.173,24.173,23.905,24.032,2839833
2007-12-11,24.947,25.207,23.996,24.145,308945448,24.322,24.565,23.656,23.656,4125025
2007-12-12,24.779,24.905,23.787,24.441,341155751,24.269,24.315,23.7,24.064,4288712
2007-12-13,24.346,24.604,24.053,24.565,241126701,24.049,24.091,23.842,23.941,2833207
2007-12-14,24.369,25.612,24.273,24.381,188026204,24.032,24.056,23.755,23.793,2371616
2007-12-17,24.423,24.672,23.433,23.615,285267629,23.586,23.736,23.265,23.335,2202800
2007-12-18,23.916,23.989,22.872,23.433,340716873,23.559,23.559,23.132,23.335,3810196
2007-12-19,23.447,23.644,23.167,23.451,230164023,23.523,23.532,23.265,23.488,2146533
2007-12-20,23.748,24.054,23.477,23.974,215053709,23.818,23.825,23.532,23.825,2168718
2007-12-21,24.336,24.833,24.319,24.833,277136695,23.913,24.049,23.868,24.024,3429627
2007-12-24,24.973,25.527,24.944,25.459,133938457,24.244,24.244,24.064,24.2,941500
2007-12-26,25.486,25.735,25.205,25.478,196023777,24.182,24.385,24.072,24.332,2700986
2007-12-27,25.478,25.992,25.331,25.429,221610714,24.192,24.332,23.905,23.996,1893872
2007-12-28,25.681,25.811,25.213,25.591,193249555,24.37,24.37,23.818,23.876,1195332
2007-12-31,25.58,25.675,25.323,25.368,149767323,23.996,23.996,23.605,23.7,2009673
2008-01-02,25.547,25.646,24.658,24.951,300780650,23.691,23.755,23.086,23.221,8391904
2008-01-03,25.034,25.278,24.675,24.964,234652068,23.373,23.373,23.059,23.256,2262028
2008-01-04,24.527,24.715,22.91,23.057,405631839,22.855,22.892,22.225,22.348,4377918
2008-01-07,23.213,23.51,21.799,22.748,577574252,22.19,22.386,21.913,22.153,6298154
2008-01-08,23.06,23.368,21.874,21.932,424241367,22.253,22.447,21.513,21.569,5956420
2008-01-09,21.961,22.986,21.552,22.973,505605195,21.444,21.905,21.379,21.868,5983978
2008-01-10,22.748,23.181,22.463,22.796,413104626,21.657,22.153,21.488,21.905,7338779
2008-01-11,22.537,22.774,21.771,22.116,343006974,21.877,21.886,21.407,21.586,3694308
2008-01-14,22.743,22.976,22.434,22.898,306290012,21.868,22.092,21.824,22.021,4651782
2008-01-15,22.767,22.952,21.085,21.648,653218753,21.851,21.896,21.488,21.56,4120398
2008-01-16,21.144,21.644,20.068,20.443,617221901,21.328,21.488,20.954,21.088,7522229
2008-01-17,20.672,21.178,20.287,20.604,490056992,21.176,21.361,20.722,20.9,6325558
2008-01-18,20.709,21.228,20.438,20.664,478705168,20.91,21.14,20.537,20.537,5124830
2008-01-22,18.941,20.488,18.696,19.93,668204384,18.225,20.343,17.567,20.156,10099683
2008-01-23,17.439,17.927,16.154,17.81,939695278,19.559,20.334,18.943,20.334,9406618
2008-01-24,17.927,18.016,16.906,17.366,558747916,20.464,20.625,20.156,20.625,4653211
2008-01-25,17.804,17.813,16.598,16.65,432827562,21.121,21.121,20.231,20.306,4402162
2008-01-28,16.393,17.058,16.195,16.65,410897690,20.222,20.436,20.064,20.395,3252254
2008-01-29,16.802,17.004,16.528,16.845,306592896,20.697,20.697,20.287,20.574,4789108
2008-01-30,16.84,17.349,16.648,16.928,346000509,20.404,20.891,20.404,20.409,5625399
2008-01-31,16.608,17.499,16.57,17.337,374807167,20.093,20.935,20.093,20.669,6799958
2008-02-01,17.454,17.49,16.928,17.129,281707026,20.964,21.034,20.65,21.026,3526247
2008-02-04,17.19,17.403,16.83,16.86,250535180,21.061,21.061,20.59,20.59,2204586
2008-02-05,16.7,17.159,16.507,16.565,317853612,20.378,20.436,20.009,20.074,4661824
2008-02-06,16.759,16.895,15.597,15.623,437605500,20.102,20.258,19.746,19.851,6928410
2008-02-07,15.364,15.981,15.017,15.526,580659389,19.559,20.018,19.433,19.976,5352446
2008-02-08,15.632,16.097,15.574,16.07,377878653,19.851,20.027,19.718,19.824,5378755
2008-02-11,16.399,16.646,16.29,16.577,334732316,19.933,20.222,19.897,20.174,3590337
2008-02-12,16.744,16.774,15.83,15.991,341619552,20.427,20.427,20.055,20.212,5381300
2008-02-13,16.231,16.62,16.087,16.57,269675765,20.418,20.758,20.102,20.678,6475912
2008-02-14,16.578,16.751,16.265,16.322,265982495,20.821,20.821,20.268,20.268,4099958
2008-02-15,16.173,16.273,15.886,15.962,250737774,20.055,20.287,20.055,20.198,2600980
2008-02-19,16.142,16.232,15.552,15.644,279953599,20.231,20.436,19.771,20.009,2600779
2008-02-20,15.649,15.958,15.584,15.856,269429202,19.897,20.102,19.665,20.045,6507326
2008-02-21,16.149,16.198,15.476,15.567,261418619,20.241,20.287,19.771,20.009,3877062
2008-02-22,15.687,15.689,14.839,15.296,426218780,20.002,20.002,19.584,19.993,3378555
2008-02-25,15.186,15.391,14.94,15.335,350160432,19.924,20.174,19.833,20.111,2787992
2008-02-26,15.066,15.507,14.784,15.258,417111822,20.027,20.409,19.897,20.343,3486304
2008-02-27,15.143,15.758,15.122,15.748,407279206,20.287,20.49,20.045,20.361,2836755
2008-02-28,16.282,16.929,16.106,16.636,450691198,20.343,20.473,20.102,20.102,3042621
2008-02-29,16.559,16.676,15.984,16.009,347604195,19.993,20.129,19.691,19.691,5054396
2008-03-03,15.932,16.134,15.112,15.591,444179020,19.718,19.78,19.505,19.682,3284475
2008-03-04,15.621,15.993,15.42,15.961,497707051,19.469,19.755,19.32,19.709,4846771
2008-03-05,15.827,16.024,15.653,15.942,339718950,19.87,20.018,19.674,19.851,5960979
2008-03-06,15.995,16.328,15.47,15.484,410732148,19.943,19.943,19.496,19.576,3393956
2008-03-07,15.431,15.749,15.247,15.653,343135737,19.32,19.78,19.284,19.576,5190400
2008-03-10,15.641,15.811,15.285,15.328,278980325,19.524,19.629,19.302,19.362,10471092
2008-03-11,15.843,16.325,15.623,16.308,324881375,19.682,20.045,19.433,20.045,5975054
2008-03-12,16.264,16.48,16.028,16.14,295393929,20.093,20.156,19.789,19.842,4952261
2008-03-13,15.871,16.582,15.752,16.385,352229888,19.542,20.018,19.416,19.763,4402087
2008-03-14,16.647,16.687,15.906,16.213,322574554,19.897,20.009,19.302,19.515,9265150
2008-03-17,15.697,16.468,15.694,16.23,298973888,18.829,19.655,18.767,19.425,6429574
2008-03-18,16.561,17.032,16.479,17.009,335975837,19.888,20.296,19.584,20.296,6875119
2008-03-19,17.043,17.197,16.605,16.605,281724859,20.222,20.258,19.647,19.691,8336545
2008-03-20,16.754,17.069,16.543,17.066,253287048,19.584,20.036,19.584,19.907,7859604
2008-03-24,17.167,18.038,17.116,17.872,297599035,20.241,20.715,20.156,20.608,4556689
2008-03-25,17.926,18.326,17.588,18.055,293513679,20.678,20.687,20.418,20.625,3725902
2008-03-26,18.041,18.663,18.009,18.579,329588666,20.59,20.59,20.182,20.222,7259570
2008-03-27,18.554,18.61,17.926,17.958,278205997,20.203,20.343,19.95,20.064,7993828
2008-03-28,18.16,18.524,18.133,18.315,199318317,20.198,20.268,19.861,19.943,5015961
2008-03-31,18.339,18.66,18.251,18.377,213931597,20.018,20.174,19.879,19.916,6537794
2008-04-01,18.736,19.166,18.392,19.148,287519306,20.378,20.794,20.222,20.49,8626476
2008-04-02,19.079,19.363,18.675,18.887,290735661,20.777,20.927,20.528,20.741,4150067
2008-04-03,18.839,19.673,18.826,19.415,293199532,20.617,20.803,20.464,20.732,7321768
2008-04-04,19.492,19.811,19.306,19.603,238196737,20.768,20.847,20.509,20.659,4590824
2008-04-07,20.001,20.448,19.864,19.964,322998125,20.741,20.91,20.632,20.678,2233111
2008-04-08,19.654,20.033,19.507,19.574,282722188,20.528,20.608,20.427,20.556,2475193
2008-04-09,19.637,19.708,19.269,19.394,243557848,20.574,20.574,20.241,20.464,2155256
2008-04-10,19.352,19.903,19.286,19.792,266538010,20.418,20.768,20.418,20.632,2489438
2008-04-11,19.546,19.629,18.748,18.843,335743874,20.436,20.464,20.045,20.083,8125733
2008-04-14,18.782,19.113,18.51,18.924,235659480,20.083,20.212,19.976,20.002,2466670
2008-04-15,19.132,19.172,18.661,19.003,193859954,20.064,20.111,19.833,20.002,5068094
2008-04-16,19.433,19.734,19.289,19.682,221690612,20.296,20.821,20.241,20.821,5229418
2008-04-17,19.746,19.977,19.637,19.786,196087503,20.617,20.821,20.446,20.812,3293184
2008-04-18,20.368,20.781,20.282,20.623,286176516,21.167,21.293,21.008,21.176,3108633
2008-04-21,20.791,21.576,20.716,21.534,289503500,21.121,21.344,21.069,21.31,5957260
2008-04-22,21.441,21.514,20.244,20.515,400204854,21.275,21.284,20.981,21.203,5715313
2008-04-23,21.009,21.11,20.628,20.86,419493319,21.221,21.48,21.193,21.337,4184197
2008-04-24,21.175,21.768,20.388,21.636,473335824,21.523,21.843,21.293,21.594,3728747
2008-04-25,21.86,21.913,21.312,21.736,276783580,21.61,21.684,21.176,21.337,6364072
2008-04-28,21.739,22.25,21.661,22.057,219367063,21.737,21.737,21.31,21.337,11498003
2008-04-29,21.914,22.496,21.802,22.418,257241562,21.389,21.61,21.344,21.542,3272057
2008-04-30,22.564,23.051,22.144,22.275,317442129,21.602,21.763,21.158,21.158,3691433
2008-05-01,22.405,23.051,22.393,23.051,251633136,21.488,22.092,21.462,22.047,8541489
2008-05-02,23.075,23.294,22.865,23.173,277738755,22.234,22.234,21.851,22.039,7301433
2008-05-05,23.294,23.73,23.188,23.656,238104028,22.083,22.128,21.851,21.941,1728308
2008-05-06,23.647,23.962,23.33,23.905,255948722,21.868,22.244,21.746,22.209,3935138
2008-05-07,23.825,24.103,23.523,23.609,195738103,22.101,22.262,21.719,21.817,5292136
2008-05-08,23.533,23.884,23.445,23.699,250554038,21.905,22.013,21.753,21.851,8399220
2008-05-09,23.457,23.596,23.226,23.491,187593127,21.763,21.896,21.594,21.782,3289949
2008-05-12,23.72,24.186,23.417,24.097,228261727,21.868,22.135,21.801,22.135,1857189
2008-05-13,24.152,24.517,24.057,24.329,229128499,22.03,22.153,21.941,22.135,6183227
2008-05-14,24.497,24.619,23.765,23.853,255441462,22.244,22.502,22.171,22.181,4753479
2008-05-15,23.919,24.32,23.59,24.298,243325898,22.2,22.651,22.171,22.608,3141651
2008-05-16,24.369,24.369,23.949,24.028,213366015,22.67,22.67,22.358,22.554,4085010
2008-05-19,24.062,24.164,23.218,23.51,263760564,22.651,22.837,22.457,22.67,4738003
2008-05-20,23.284,23.84,23.065,23.807,270241158,22.447,22.447,22.083,22.314,3504087
2008-05-21,23.769,24.075,22.57,22.819,322612253,22.181,22.314,21.719,21.728,4747350
2008-05-22,22.948,23.222,22.027,22.673,336519572,21.801,22.021,21.782,21.809,3093147
2008-05-23,23.148,23.304,22.767,23.202,252938866,21.782,21.868,21.61,21.763,3401786
2008-05-27,23.41,23.875,23.285,23.875,220113009,21.728,22.153,21.728,22.118,2889935
2008-05-28,24.01,24.069,23.526,23.95,207308665,22.244,22.269,22.013,22.244,5628758
2008-05-29,23.939,24.103,23.755,23.908,180316589,22.253,22.528,22.153,22.403,2824338
2008-05-30,24.012,24.273,23.995,24.171,169927452,22.511,22.624,22.447,22.536,3081440
2008-06-02,24.14,24.287,23.631,23.831,189380334,22.475,22.484,22.03,22.216,3991901
2008-06-03,23.935,24.103,23.353,23.738,209303027,22.253,22.438,21.922,22.092,5700148
2008-06-04,23.564,23.959,23.465,23.717,202738767,22.013,22.331,21.987,22.135,5560919
2008-06-05,23.853,24.313,23.781,24.258,210204143,22.269,22.679,22.225,22.59,4443919
2008-06-06,24.075,24.327,23.762,23.774,269046995,22.484,22.484,21.977,21.977,7154526
2008-06-09,23.682,23.685,22.505,23.257,526264929,22.135,22.135,21.7,21.932,4590727
2008-06-10,23.095,23.919,22.926,23.774,318040510,21.628,22.013,21.602,21.834,4818627
2008-06-11,23.607,23.819,22.996,23.156,267941514,21.728,21.753,21.275,21.275,6436590
2008-06-12,23.236,23.387,21.926,22.189,364403085,21.425,21.647,21.231,21.513,5652820
2008-06-13,21.961,22.303,21.171,22.074,375180778,21.569,21.868,21.472,21.746,3634808
2008-06-16,21.932,22.781,21.653,22.647,293123381,21.691,21.941,21.586,21.801,2771127
2008-06-17,22.817,23.304,22.719,23.233,250860097,21.913,21.932,21.657,21.709,4555538
2008-06-18,23.181,23.333,22.712,22.894,226169454,21.569,21.594,21.354,21.48,4981932
2008-06-19,22.857,23.353,22.642,23.167,220848579,21.354,21.772,21.185,21.56,7116620
2008-06-20,22.929,23.181,22.411,22.446,247567738,21.462,21.462,20.954,21.113,7264340
2008-06-23,22.383,22.523,21.97,22.174,180076401,21.113,21.167,20.839,20.918,4700887
2008-06-24,22.033,22.509,21.978,22.187,173441356,20.839,21.113,20.625,20.891,6170770
2008-06-25,22.346,22.904,22.268,22.716,179458876,20.945,21.397,20.945,21.069,5773004
2008-06-26,22.302,22.39,21.515,21.546,242173913,20.873,20.918,20.277,20.669,6016479
2008-06-27,21.314,21.842,21.022,21.78,289785857,20.436,20.5,20.129,20.395,10579086
2008-06-30,21.774,22.027,21.336,21.444,190779913,20.268,20.49,20.212,20.37,5360546
2008-07-01,21.009,22.376,21.002,22.37,309727561,20.129,20.361,19.924,20.222,10404046
2008-07-02,22.418,22.724,21.537,21.537,233567418,20.352,20.427,19.916,19.959,7313371
2008-07-03,21.717,22.047,21.228,21.785,145977693,20.045,20.111,19.763,19.87,4824678
2008-07-07,22.154,22.685,22.012,22.432,228559086,20.093,20.352,19.763,20.093,7708295
2008-07-08,22.462,23.012,22.123,22.993,247711824,20.045,20.315,19.95,20.296,7507305
2008-07-09,23.084,23.168,22.302,22.315,249550627,20.277,20.277,19.647,19.691,6684783
2008-07-10,22.399,22.71,21.947,22.621,234103082,19.771,19.966,19.559,19.943,7334209
2008-07-11,22.458,22.682,21.9,22.103,259219811,19.746,20.036,19.486,19.755,14985877
2008-07-14,22.954,22.962,22.164,22.268,246917000,19.933,20.045,19.496,19.602,13310436
2008-07-15,22.065,22.249,21.309,21.723,289877701,19.371,19.888,19.184,19.559,12506924
2008-07-16,21.779,22.146,21.59,22.133,208531685,19.655,19.984,19.441,19.842,7715649
2008-07-17,22.294,22.408,21.948,22.002,210793201,20.093,20.287,19.861,20.045,14633832
2008-07-18,21.542,21.724,21.13,21.148,240622373,20.165,20.268,19.718,20.268,10876243
2008-07-21,21.373,21.451,20.633,21.295,355311216,20.027,20.036,19.718,19.87,5596172
2008-07-22,19.07,20.844,18.767,20.749,523327034,19.469,19.763,19.339,19.763,8743079
2008-07-23,21.148,21.56,20.689,21.29,295362486,19.916,20.25,19.814,20.121,9217667
2008-07-24,21.04,21.164,20.292,20.366,234088625,20.198,20.203,19.602,19.602,7131473
2008-07-25,20.538,20.874,20.319,20.761,176473261,19.879,19.943,19.682,19.879,11371386
2008-07-28,20.769,20.805,19.724,19.773,217660487,19.888,19.888,19.441,19.46,5772167
2008-07-29,19.883,20.42,19.676,20.117,190706395,19.567,19.897,19.559,19.851,4861746
2008-07-30,20.195,20.555,19.989,20.473,201962288,19.933,20.018,19.701,19.984,8505090
2008-07-31,20.194,20.772,20.103,20.356,177591108,19.824,20.129,19.737,19.87,6666301
2008-08-01,20.482,20.489,19.946,20.062,151903672,19.984,19.984,19.524,19.647,9886920
2008-08-04,20.052,20.221,19.584,19.622,164769142,19.718,19.799,19.559,19.746,5090524
2008-08-05,19.914,20.592,19.827,20.572,191884653,19.799,20.191,19.709,20.121,5476932
2008-08-06,20.486,21.44,20.232,21.028,220670153,20.074,20.404,20.002,20.404,6892760
2008-08-07,20.86,21.28,20.682,20.948,187434681,20.25,20.509,20.111,20.37,10021174
2008-08-08,20.991,21.724,20.971,21.711,199068558,20.315,20.812,20.287,20.758,6626449
2008-08-11,21.785,22.603,21.727,22.227,248378005,20.812,21.148,20.687,20.891,6307164
2008-08-12,22.219,22.961,22.219,22.633,233132531,20.945,21.052,20.831,20.935,5413519
2008-08-13,22.8,23.051,22.525,22.962,234899860,20.918,21.008,20.669,20.856,5391211
2008-08-14,22.815,23.109,22.773,22.963,198233593,20.821,21.113,20.697,21.016,7046106
2008-08-15,22.932,23.019,22.418,22.504,197505890,21.052,21.185,20.91,21.098,5271310
2008-08-18,22.456,22.769,22.26,22.461,153762598,21.121,21.121,20.659,20.831,5443398
2008-08-19,22.324,22.676,22.002,22.222,171720613,20.678,20.732,20.418,20.464,6110567
2008-08-20,22.386,22.661,22.233,22.517,141359624,20.582,20.732,20.427,20.509,6231255
2008-08-21,22.358,22.468,22.011,22.321,150505318,20.418,20.556,20.287,20.427,4568107
2008-08-22,22.533,22.73,22.483,22.641,122599625,20.65,20.873,20.6,20.715,3298125
2008-08-25,22.527,22.567,21.983,22.098,135053284,20.65,20.741,20.404,20.446,7520984
2008-08-26,22.113,22.395,22.106,22.236,124228804,20.446,20.473,20.241,20.37,6875745
2008-08-27,22.174,22.507,22.049,22.369,132908992,20.446,20.678,20.352,20.565,4262932
2008-08-28,22.449,22.57,22.125,22.249,120173705,20.64,20.831,20.64,20.687,5987134
2008-08-29,22.136,22.218,21.648,21.708,167105545,20.537,20.608,20.222,20.222,10036368
2008-09-02,22.098,22.218,21.13,21.282,217702749,20.687,20.741,20.055,20.111,6432663
2008-09-03,21.385,21.6,21.002,21.379,204907079,20.045,20.121,19.728,19.842,7490442
2008-09-04,21.226,21.504,20.593,20.646,207165081,19.691,19.709,19.097,19.133,10015114
2008-09-05,20.277,20.798,20.189,20.513,219297935,18.989,19.274,18.892,19.133,8103810
2008-09-08,21.073,21.115,19.396,20.223,291658981,19.638,19.638,18.961,19.362,14248427
2008-09-09,20.088,20.485,19.181,19.424,346969505,19.292,19.515,18.943,19.024,9182224
2008-09-10,19.529,19.848,19.057,19.415,271372446,19.184,19.184,18.935,18.935,8377353
2008-09-11,19.415,19.594,18.696,19.549,270335199,18.81,19.246,18.635,19.246,10974266
2008-09-12,19.308,19.326,18.762,19.073,221108652,19.007,19.339,18.82,19.339,8080789
2008-09-15,18.182,18.911,17.974,17.974,256372856,18.599,19.061,18.402,18.402,22719286
2008-09-16,17.113,18.248,16.923,17.914,334214072,18.182,18.748,18.028,18.748,30850689
2008-09-17,17.715,17.736,16.369,16.369,334510649,18.225,18.369,16.749,17.708,24894528
2008-09-18,16.717,17.927,15.453,17.172,467053093,17.895,18.465,17.345,18.465,25630645
2008-09-19,18.029,18.467,17.454,18.046,398994981,19.763,19.763,18.535,18.535,12616020
2008-09-22,17.901,17.958,16.732,16.781,238697990,18.713,18.802,18.004,18.056,9958440
2008-09-23,16.853,17.391,16.22,16.243,356621023,18.145,18.499,17.834,18.047,18815379
2008-09-24,16.315,16.769,16.026,16.484,291932018,18.081,18.217,17.895,18.09,7968677
2008-09-25,16.654,17.26,16.46,16.897,279601969,18.199,18.687,18.1,18.402,16711688
2008-09-26,16.006,16.622,15.752,16.422,313910215,17.931,18.599,17.904,18.491,18763796
2008-09-29,15.302,15.326,12.882,13.48,730561989,18.065,18.172,16.857,16.892,23082586
2008-09-30,13.866,14.728,13.611,14.553,453452613,17.052,17.717,17.052,17.645,11639050
2008-10-01,14.326,14.388,13.754,13.976,361512816,17.495,17.577,17.139,17.487,15155800
2008-10-02,13.837,13.93,12.807,12.818,448680865,17.121,17.229,16.597,16.803,12213404
2008-10-03,13.321,13.638,12.121,12.428,639757618,16.943,17.354,16.491,16.563,14683426
2008-10-06,11.782,12.65,11.211,12.568,587522817,16.136,16.242,15.167,15.647,22916848
2008-10-07,12.872,12.997,11.392,11.419,523860280,16.047,16.065,14.847,14.847,16719764
2008-10-08,11.013,12.337,10.971,11.499,615651966,14.49,15.425,14.481,14.713,27338258
2008-10-09,11.974,12.267,11.09,11.363,451023268,15.007,15.229,13.601,14.222,26034576
2008-10-10,10.973,12.807,10.886,12.396,618829489,13.568,14.74,13.281,14.137,35466421
2008-10-13,13.42,14.155,12.935,14.118,429130693,14.916,15.787,14.625,15.787,18486919
2008-10-14,14.904,14.907,13.207,13.33,552442840,16.348,16.402,15.052,15.257,27464985
2008-10-15,13.298,13.702,12.538,12.547,441257577,15.131,15.158,14.081,14.11,20130119
2008-10-16,12.776,13.245,11.75,13.049,550850676,14.146,14.847,13.468,14.847,22406134
2008-10-17,12.734,13.068,10.999,12.473,491122629,14.598,15.371,14.342,14.703,17584005
2008-10-20,12.777,12.811,11.992,12.605,431324163,14.935,15.29,14.563,15.29,21222939
2008-10-21,12.413,12.54,11.674,11.717,571544296,15.052,15.148,14.402,14.49,11253969
2008-10-22,12.468,12.965,11.901,12.403,626569693,14.35,14.35,13.38,13.737,12817434
2008-10-23,12.362,12.71,11.768,12.579,466807754,13.804,14.118,13.158,14.044,20843066
2008-10-24,11.567,12.54,11.54,12.344,443250825,12.747,13.804,12.706,13.389,15900981
2008-10-27,12.175,12.503,11.764,11.793,337146846,13.245,13.813,12.979,13.114,9845005
2008-10-28,12.221,12.872,11.829,12.794,455823303,13.54,14.935,13.299,14.935,13598134
2008-10-29,12.902,14.029,12.798,13.387,544514103,14.713,14.997,14.333,14.358,18625959
2008-10-30,13.879,14.365,13.783,14.222,456651818,14.802,15.035,14.471,14.891,21545654
2008-10-31,13.751,14.187,13.466,13.78,459331042,14.563,15.131,14.536,14.802,26383069
2008-11-03,13.564,13.973,13.429,13.698,295013372,14.839,14.971,14.685,14.802,7619774
2008-11-04,14.084,14.315,13.66,14.215,390048641,15.077,15.513,14.971,15.425,13750615
2008-11-05,13.947,14.051,13.189,13.228,350386539,15.122,15.239,14.462,14.49,10168956
2008-11-06,12.938,13.161,12.553,12.691,367694616,14.323,14.422,13.583,13.692,13399651
2008-11-07,12.697,12.787,12.257,12.58,305554493,13.877,14.165,13.813,14.081,10366682
2008-11-10,12.846,12.859,12.102,12.278,313353655,14.422,14.422,13.764,13.933,7075420
2008-11-11,12.145,12.442,11.815,12.137,341407188,13.849,13.895,13.45,13.627,17176794
2008-11-12,11.844,11.94,11.527,11.541,328012870,13.398,13.459,12.954,12.988,8344635
2008-11-13,11.526,12.352,11.017,12.352,517036639,12.954,13.83,12.33,13.795,16556768
2008-11-14,11.991,12.036,11.526,11.555,391611734,13.486,13.84,13.069,13.168,12463206
2008-11-17,11.331,11.596,11.175,11.287,324174165,12.945,13.229,12.739,12.792,10771105
2008-11-18,11.474,11.654,11.122,11.514,337326468,12.847,13.041,12.447,12.97,9106623
2008-11-19,11.484,11.729,11.04,11.05,326763102,12.954,13.114,12.224,12.249,9281145
2008-11-20,10.896,11.071,10.245,10.307,478380668,12.064,12.661,11.628,11.727,21385177
2008-11-21,10.496,10.773,10.137,10.576,437504267,11.866,12.348,11.504,12.348,22664630
2008-11-24,10.899,12.14,10.864,11.903,402164449,12.597,13.253,12.49,12.954,13428839
2008-11-25,12.117,12.129,11.29,11.628,344471972,13.236,13.389,12.706,13.132,14467358
2008-11-26,11.539,12.198,11.507,12.167,250924090,12.792,13.583,12.765,13.54,9851756
2008-11-28,12.128,12.136,11.764,11.867,84001102,13.309,13.627,13.309,13.559,2091798
2008-12-01,11.695,11.816,11.388,11.389,257554120,13.309,13.317,12.57,12.579,7084199
2008-12-02,11.526,11.864,11.078,11.841,320308356,12.81,13.077,12.579,13.022,9003818
2008-12-03,11.444,12.325,11.371,12.281,373319724,12.747,13.424,12.713,13.398,10865783
2008-12-04,12.083,12.194,11.406,11.706,304352143,13.123,13.389,12.67,12.856,11318677
2008-12-05,11.563,12.101,11.379,12.037,291040322,12.72,13.398,12.466,13.362,11700244
2008-12-08,12.438,12.909,12.267,12.77,330201108,13.682,14.173,13.575,13.986,10581526
2008-12-09,12.548,13.269,12.448,12.814,335616400,13.772,14.295,13.737,13.895,9188026
2008-12-10,12.53,12.742,12.361,12.576,261554018,13.959,14.118,13.701,13.781,7855005
2008-12-11,12.439,12.964,12.145,12.167,290183330,13.673,13.943,13.398,13.486,19888223
2008-12-12,11.897,12.678,11.849,12.584,290360303,13.095,13.821,13.077,13.644,8831235
2008-12-15,12.292,12.322,11.91,12.135,248296843,13.772,13.772,13.29,13.496,6265528
2008-12-16,12.037,12.358,11.878,12.221,304842113,13.611,14.198,13.568,14.198,11052230
2008-12-17,11.655,11.666,11.274,11.419,360827582,13.959,14.127,13.728,13.924,9631881
2008-12-18,11.462,11.632,11.325,11.453,238829666,13.969,13.993,13.468,13.532,9947104
2008-12-19,11.525,11.647,11.371,11.526,223540440,13.71,13.877,13.575,13.575,19483474
2008-12-22,11.526,11.53,10.845,10.979,235579006,13.592,13.644,13.158,13.389,8895232
2008-12-23,11.139,11.254,11.0,11.062,177070536,13.505,13.575,13.194,13.204,6286459
2008-12-24,11.025,11.045,10.828,10.892,75705547,13.327,13.354,13.262,13.29,1870860
2008-12-26,11.084,11.196,10.916,10.988,85982781,13.346,13.398,13.271,13.271,2388749
2008-12-29,11.093,11.221,10.896,11.091,191306231,13.398,13.398,13.087,13.281,3383662
2008-12-30,11.196,11.277,10.849,11.05,269510759,13.317,13.575,13.317,13.532,4806303
2008-12-31,11.014,11.238,10.93,10.931,169432011,13.583,13.858,13.522,13.701,4655299
2009-01-02,10.959,11.659,10.907,11.622,208043955,13.781,14.286,13.673,14.214,5039232
2009-01-05,11.923,12.318,11.872,12.112,329453938,14.127,14.258,13.976,14.173,7048203
2009-01-06,12.289,12.442,11.831,11.912,359535607,14.333,14.625,14.258,14.5,9478862
2009-01-07,11.732,11.844,11.558,11.656,209985787,14.277,14.277,13.933,14.035,6986323
2009-01-08,11.584,11.928,11.531,11.871,184843882,13.943,14.165,13.858,14.137,6423682
2009-01-09,11.936,11.96,11.543,11.598,152459734,14.137,14.173,13.772,13.821,4434985
2009-01-12,11.583,11.654,11.213,11.353,171579281,13.868,13.868,13.468,13.575,5769962
2009-01-13,11.311,11.493,11.058,11.233,222068162,13.619,13.701,13.407,13.513,9734512
2009-01-14,11.044,11.174,10.849,10.928,282121166,13.362,13.433,13.032,13.104,9576114
2009-01-15,10.309,10.773,10.252,10.679,510782667,13.095,13.309,12.773,13.194,8607563
2009-01-16,10.792,10.806,10.295,10.543,292005908,13.441,13.477,13.004,13.281,8375999
2009-01-20,10.496,10.5,10.014,10.014,253140675,13.253,13.317,12.713,12.739,18962700
2009-01-21,10.18,10.614,10.156,10.608,298112397,13.05,13.362,12.847,13.354,6595128
2009-01-22,11.271,11.526,10.989,11.314,386943024,13.069,13.271,12.838,13.05,8428363
2009-01-23,11.134,11.509,11.078,11.314,211775201,12.81,13.477,12.792,13.236,8365911
2009-01-26,11.382,11.651,11.307,11.479,193041670,13.317,13.644,13.281,13.398,8259449
2009-01-27,11.539,11.725,11.493,11.619,169941977,13.441,13.627,13.346,13.477,6907164
2009-01-28,11.801,12.167,11.718,12.063,240218267,13.682,14.026,13.611,13.858,8028968
2009-01-29,11.92,12.081,11.858,11.91,164466842,13.737,13.737,13.389,13.45,5708422
2009-01-30,11.861,11.989,11.527,11.543,181673776,13.522,13.522,13.05,13.05,5709061
2009-02-02,11.399,11.782,11.385,11.719,155622254,12.979,13.433,12.945,13.253,5546537
2009-02-03,11.755,11.96,11.56,11.907,162584114,13.317,13.583,13.149,13.522,7117120
2009-02-04,11.951,12.327,11.921,11.98,224281427,13.559,13.905,13.486,13.513,6504881
2009-02-05,11.882,12.452,11.861,12.355,204875865,13.362,13.895,13.327,13.728,10089222
2009-02-06,12.428,12.807,12.42,12.77,188065177,13.83,14.323,13.788,14.198,8624067
2009-02-09,12.807,13.19,12.743,13.127,197915319,14.23,14.35,14.127,14.23,5182034
2009-02-10,12.954,13.127,12.427,12.53,233751877,14.181,14.295,13.575,13.654,9926745
2009-02-11,12.347,12.59,12.263,12.397,187137663,13.644,13.804,13.513,13.682,6387379
2009-02-12,12.271,12.773,12.271,12.713,225165155,13.559,13.772,13.336,13.746,6508396
2009-02-13,12.692,12.798,12.565,12.699,169016433,13.728,13.959,13.682,13.682,4406195
2009-02-17,12.42,12.424,12.074,12.106,184181312,13.336,13.37,13.114,13.114,7016659
2009-02-18,12.185,12.274,11.873,12.085,190124683,13.299,13.336,13.013,13.123,7495309
2009-02-19,11.951,12.069,11.54,11.606,251460545,13.253,13.253,12.792,12.801,7686475
2009-02-20,11.461,11.833,11.399,11.679,209116481,12.67,13.013,12.634,12.928,13818228
2009-02-23,11.732,11.782,11.08,11.134,209811560,12.979,12.996,12.293,12.33,15972334
2009-02-24,11.174,11.641,11.14,11.556,210814219,12.438,12.838,12.358,12.661,9213233
2009-02-25,11.508,11.9,11.431,11.674,227961051,12.713,13.004,12.457,12.773,20733265
2009-02-26,11.796,11.9,11.393,11.422,172113392,12.838,13.059,12.626,12.644,7953678
2009-02-27,11.271,11.691,11.228,11.438,196215342,12.49,12.81,12.473,12.552,7842910
2009-03-02,11.27,11.679,11.228,11.264,212888353,12.394,12.607,12.154,12.249,8262197
2009-03-03,11.411,11.62,11.256,11.315,201029452,12.33,12.402,12.072,12.135,8374175
2009-03-04,11.545,11.88,11.456,11.676,206612596,12.376,12.687,12.302,12.457,7213546
2009-03-05,11.556,11.765,11.326,11.377,196656849,12.302,12.481,12.046,12.072,7822497
2009-03-06,11.31,11.32,10.543,10.924,281668441,12.277,12.321,11.709,12.135,26244358
2009-03-09,10.764,11.218,10.575,10.642,194747028,11.886,12.154,11.628,11.754,10604449
2009-03-10,10.856,11.421,10.803,11.349,235466311,11.866,12.481,11.833,12.429,27865590
2009-03-11,11.513,12.046,11.472,11.868,236044586,12.616,12.838,12.481,12.706,16006625
2009-03-12,11.898,12.37,11.782,12.34,214312799,12.773,13.114,12.616,13.069,9099019
2009-03-13,12.334,12.446,12.168,12.285,167664420,13.104,13.158,12.891,13.069,7576578
2009-03-16,12.362,12.471,12.06,12.219,222349209,13.176,13.245,12.909,12.954,5513008
2009-03-17,12.195,12.766,12.175,12.762,219600784,12.988,13.433,12.919,13.424,6386327
2009-03-18,12.79,13.252,12.77,13.0,222004745,13.346,13.83,13.29,13.611,11974049
2009-03-19,13.057,13.214,12.839,13.014,139491556,13.858,13.905,13.549,13.644,7008629
2009-03-20,13.08,13.204,12.88,13.01,194000264,13.636,13.756,13.29,13.37,5923330
2009-03-23,13.148,13.849,13.031,13.79,185846682,13.701,14.165,13.568,14.165,6102176
2009-03-24,13.59,14.017,13.497,13.638,178689921,14.035,14.173,13.924,13.933,6726362
2009-03-25,13.769,13.874,13.302,13.637,180333974,14.071,14.222,13.636,14.009,10664985
2009-03-26,13.822,14.082,13.779,14.069,171794055,14.207,14.412,14.063,14.375,9434303
2009-03-27,13.894,13.897,13.626,13.682,137454186,14.249,14.258,14.035,14.063,7080252
2009-03-30,13.332,13.449,13.139,13.379,140166551,13.84,13.84,13.496,13.627,7190788
2009-03-31,13.512,13.763,13.447,13.463,158814361,13.84,14.156,13.795,13.886,5668123
2009-04-01,13.326,13.96,13.305,13.918,164106299,13.728,14.295,13.692,14.277,6820325
2009-04-02,14.09,14.697,14.059,14.435,225918240,14.536,14.961,14.452,14.65,8237115
2009-04-03,14.587,14.873,14.537,14.854,176589216,14.694,14.916,14.617,14.856,16973763
2009-04-06,14.721,15.208,14.507,15.169,183127138,14.713,14.785,14.452,14.703,17240438
2009-04-07,14.91,14.941,14.622,14.728,149361805,14.528,14.58,14.286,14.295,7068788
2009-04-08,14.758,14.955,14.675,14.896,126895071,14.528,14.685,14.412,14.509,6002565
2009-04-09,15.169,15.369,15.106,15.312,147799978,14.856,15.052,14.777,14.874,16991640
2009-04-13,15.369,15.492,15.24,15.397,108481314,14.916,15.016,14.749,14.874,6497462
2009-04-14,15.309,15.391,15.016,15.151,126616397,14.847,14.864,14.634,14.713,6113029
2009-04-15,14.983,15.144,14.824,15.065,115071612,14.598,14.703,14.462,14.667,6381606
2009-04-16,15.265,15.773,15.213,15.554,165149905,14.864,15.176,14.749,15.105,16621070
2009-04-17,15.5,15.912,15.401,15.807,138694239,15.112,15.158,14.926,15.077,10102874
2009-04-20,15.596,15.751,15.259,15.431,130056791,14.839,14.847,14.563,14.598,6046625
2009-04-21,15.233,15.64,15.187,15.596,130890809,14.545,14.874,14.5,14.847,8221510
2009-04-22,15.701,16.052,15.521,15.562,257317120,14.794,15.21,14.758,14.916,10261630
2009-04-23,16.219,16.29,15.816,16.059,263002275,15.026,15.044,14.676,14.988,7672864
2009-04-24,15.945,16.024,15.749,15.866,150644934,15.112,15.334,14.988,15.201,5844327
2009-04-27,15.735,16.006,15.71,15.974,133998857,15.086,15.353,15.061,15.131,4920651
2009-04-28,15.794,16.164,15.785,15.866,126864351,15.052,15.239,14.935,15.122,7959089
2009-04-29,15.988,16.244,15.857,16.024,127674324,15.239,15.513,15.167,15.29,6214355
2009-04-30,16.185,16.264,15.997,16.112,138856146,15.54,15.71,15.282,15.334,14301486
2009-05-01,16.112,16.386,16.109,16.295,110839216,15.387,15.54,15.21,15.54,3949467
2009-05-04,16.417,16.936,16.351,16.913,170001745,15.647,15.852,15.557,15.824,5122888
2009-05-05,16.873,17.014,16.791,16.993,111002870,15.736,15.779,15.601,15.727,5111348
2009-05-06,17.095,17.097,16.677,16.967,132025508,15.905,15.905,15.574,15.815,8153795
2009-05-07,16.916,16.955,16.379,16.529,147928018,15.852,15.897,15.14,15.21,20614485
2009-05-08,16.532,16.805,16.171,16.544,130488888,15.406,15.443,15.061,15.192,7719826
2009-05-11,16.3,16.769,16.278,16.592,112808484,15.052,15.397,15.026,15.239,6407002
2009-05-12,16.61,16.61,15.784,15.935,169302193,15.343,15.371,15.077,15.158,6527451
2009-05-13,15.77,15.88,15.286,15.301,165438241,15.069,15.105,14.777,14.777,14859518
2009-05-14,15.338,15.819,15.329,15.746,124307466,14.882,15.112,14.839,14.935,7595652
2009-05-15,15.641,15.961,15.576,15.676,102253291,15.069,15.167,14.935,14.935,7894520
2009-05-18,15.858,16.226,15.57,16.219,127559713,15.112,15.343,15.026,15.343,4882101
2009-05-19,16.243,16.559,16.103,16.322,103622672,15.275,15.557,15.248,15.434,8008317
2009-05-20,16.363,16.547,16.045,16.118,108188460,15.54,15.611,15.257,15.275,9786982
2009-05-21,16.006,16.235,15.739,15.903,113614655,15.158,15.21,14.864,15.007,7259362
2009-05-22,15.89,15.903,15.594,15.687,83099873,15.069,15.148,14.847,15.061,6113146
2009-05-26,15.987,16.755,15.952,16.748,176495854,14.9,15.488,14.847,15.452,6460333
2009-05-27,16.875,17.285,16.763,17.037,180237132,15.46,15.647,15.29,15.3,8677961
2009-05-28,17.097,17.34,16.909,17.297,135575655,15.488,15.592,15.21,15.521,6949135
2009-05-29,17.342,17.403,17.142,17.391,127185699,15.566,15.717,15.416,15.692,6070768
2009-06-01,17.462,17.926,17.417,17.848,125687897,15.905,16.18,15.852,16.136,8927979
2009-06-02,17.8,18.104,17.715,17.866,126436357,16.028,16.27,15.977,16.099,7729910
2009-06-03,17.938,18.074,17.81,18.051,156896778,16.047,16.047,15.806,15.923,6460916
2009-06-04,17.94,18.464,17.932,18.407,152417259,16.037,16.188,16.01,16.144,10541754
2009-06-05,18.635,18.748,18.341,18.526,176213719,16.296,16.365,16.136,16.305,10859130
2009-06-08,18.428,18.471,17.858,18.421,259379840,16.144,16.296,15.931,16.207,7557693
2009-06-09,18.416,18.512,17.997,18.28,188369794,16.314,16.402,16.171,16.279,6875829
2009-06-10,18.182,18.228,17.709,17.958,191809218,16.375,16.429,16.092,16.324,6017861
2009-06-11,17.882,18.128,17.742,17.922,146172301,16.333,16.563,16.279,16.384,6937746
2009-06-12,17.783,17.814,17.423,17.54,156683309,16.341,16.392,16.171,16.341,6417820
2009-06-15,17.414,17.535,17.273,17.428,150459127,16.214,16.296,16.01,16.171,7620430
2009-06-16,17.496,17.73,17.43,17.459,142500382,16.214,16.251,15.931,15.967,7649738
2009-06-17,17.507,17.604,17.226,17.363,159098967,16.01,16.18,15.897,16.056,8685014
2009-06-18,17.417,17.673,17.364,17.4,118664677,16.056,16.118,15.948,15.984,7616695
2009-06-19,17.681,17.868,17.531,17.865,200782896,16.056,16.153,15.967,16.109,12877528
2009-06-22,18.007,18.128,17.457,17.592,176560169,15.958,16.0,15.656,15.71,8641473
2009-06-23,17.461,17.538,17.017,17.16,196616724,15.736,15.771,15.583,15.717,6502351
2009-06-24,17.346,17.611,17.268,17.443,135042807,15.86,16.065,15.815,15.94,7515811
2009-06-25,17.391,17.951,17.317,17.911,164035027,15.86,16.223,15.779,16.171,9778546
2009-06-26,17.897,18.384,17.897,18.241,122261905,16.118,16.223,16.075,16.144,10073175
2009-06-29,18.37,18.435,18.126,18.179,158245731,16.18,16.365,16.153,16.314,5997018
2009-06-30,18.271,18.414,18.157,18.24,121020836,16.348,16.384,16.075,16.188,8716321
2009-07-01,18.379,18.526,18.251,18.292,115459047,16.296,16.42,16.223,16.26,12413407
2009-07-02,18.1,18.292,17.902,17.93,103058843,16.099,16.109,15.852,15.852,10431627
2009-07-06,17.761,17.8,17.447,17.749,138825367,15.779,15.897,15.674,15.806,6594146
2009-07-07,17.732,17.889,17.313,17.342,128453557,15.832,15.869,15.416,15.416,5051927
2009-07-08,17.406,17.677,17.213,17.573,160314544,15.478,15.513,15.248,15.425,9685821
2009-07-09,17.649,17.671,17.407,17.461,95613983,15.504,15.601,15.443,15.521,15782879
2009-07-10,17.468,17.797,17.456,17.737,123875873,15.469,15.62,15.406,15.583,11279522
2009-07-13,17.869,18.228,17.615,18.228,134454415,15.566,15.878,15.387,15.878,9265146
2009-07-14,18.193,18.336,18.081,18.219,96688569,15.852,15.905,15.736,15.897,7822183
2009-07-15,18.552,18.826,18.481,18.81,134892203,16.171,16.5,16.136,16.491,9343215
2009-07-16,18.681,18.955,18.642,18.89,109475298,16.446,16.749,16.392,16.73,9579978
2009-07-17,19.103,19.466,19.037,19.433,167694654,16.73,16.892,16.661,16.892,20750827
2009-07-20,19.611,19.855,19.323,19.584,204041432,16.981,17.061,16.892,17.044,23287682
2009-07-21,19.648,19.648,19.176,19.402,237744145,17.105,17.139,16.915,17.139,17791067
2009-07-22,20.171,20.328,19.991,20.072,243625531,17.131,17.292,17.098,17.238,8168883
2009-07-23,20.042,20.29,19.92,20.211,146542134,17.229,17.663,17.193,17.577,15089367
2009-07-24,20.098,20.489,20.041,20.489,122251087,17.336,17.495,17.21,17.468,12045509
2009-07-27,20.489,20.603,20.14,20.503,120531469,17.495,17.495,17.275,17.468,6458539
2009-07-28,20.358,20.503,20.182,20.489,101259881,17.345,17.531,17.238,17.505,6622498
2009-07-29,20.35,20.55,20.265,20.493,106532023,17.414,17.487,17.292,17.487,6668535
2009-07-30,20.708,21.092,20.682,20.849,130613874,17.663,17.834,17.54,17.577,12916427
2009-07-31,20.874,21.13,20.861,20.924,117828265,17.586,17.682,17.487,17.513,7574460
2009-08-03,21.148,21.339,21.114,21.314,109642291,17.736,17.755,17.586,17.755,8797592
2009-08-04,21.134,21.204,21.03,21.201,110197725,17.645,17.726,17.613,17.699,6550649
2009-08-05,21.257,21.438,21.03,21.144,117799553,17.781,17.781,17.468,17.54,5638367
2009-08-06,21.201,21.321,20.884,20.991,95198560,17.594,17.63,17.354,17.414,11482628
2009-08-07,21.104,21.334,21.104,21.195,107914153,17.663,17.699,17.513,17.594,13207288
2009-08-10,21.181,21.334,20.959,21.092,83680714,17.505,17.567,17.373,17.513,14019674
2009-08-11,20.952,21.05,20.73,20.852,98995451,17.432,17.45,17.256,17.265,5423762
2009-08-12,20.808,21.348,20.804,21.171,123799117,17.292,17.736,17.265,17.613,6004925
2009-08-13,21.338,21.598,21.319,21.566,122622508,17.673,17.726,17.513,17.69,6834374
2009-08-14,21.492,21.544,21.198,21.357,85240018,17.673,17.699,17.398,17.523,3887369
2009-08-17,20.951,20.951,20.416,20.436,145880412,17.248,17.292,17.07,17.105,5693515
2009-08-18,20.714,21.034,20.671,21.002,118441894,17.184,17.373,17.157,17.364,4180806
2009-08-19,20.839,21.169,20.803,21.078,114933050,17.131,17.478,17.105,17.407,6434423
2009-08-20,21.115,21.349,21.079,21.3,95255093,17.423,17.63,17.373,17.604,4399455
2009-08-21,21.492,21.692,21.36,21.674,115811581,17.708,17.887,17.604,17.859,7461734
2009-08-24,21.771,21.861,21.548,21.651,113303873,17.913,18.02,17.807,17.807,4770208
2009-08-25,21.699,21.891,21.661,21.695,90300371,17.904,18.02,17.842,17.851,5189383
2009-08-26,21.636,21.711,21.354,21.441,84584279,17.842,17.986,17.817,17.931,6394509
2009-08-27,21.589,21.714,21.108,21.702,124932801,17.887,17.977,17.663,17.968,10589992
2009-08-28,22.033,22.09,21.58,21.776,126455321,18.191,18.285,17.904,18.028,12427952
2009-08-31,21.524,21.623,21.319,21.542,86708769,17.826,17.851,17.708,17.798,11051766
2009-09-01,21.515,21.771,21.122,21.169,130624266,17.726,17.994,17.414,17.432,15353982
2009-09-02,21.066,21.467,21.018,21.152,101504685,17.407,17.549,17.364,17.468,5565785
2009-09-03,21.322,21.399,21.13,21.326,81937776,17.567,17.567,17.345,17.549,6004766
2009-09-04,21.413,21.86,21.398,21.809,104123044,17.549,17.859,17.523,17.859,11535064
2009-09-08,22.081,22.171,22.027,22.146,87605228,17.95,17.994,17.851,17.994,3514685
2009-09-09,22.12,22.343,21.731,21.919,226094802,17.959,18.172,17.921,18.127,7938781
2009-09-10,22.03,22.187,21.874,22.1,136781932,18.136,18.377,18.081,18.377,17690978
2009-09-11,22.15,22.177,21.882,22.046,97171761,18.369,18.429,18.235,18.395,13230050
2009-09-14,21.88,22.269,21.802,22.246,89671831,18.235,18.377,18.225,18.331,5089105
2009-09-15,22.287,22.494,22.23,22.432,115716905,18.386,18.509,18.313,18.457,5143332
2009-09-16,22.795,23.404,22.779,23.289,209360761,18.535,18.66,18.411,18.599,12191668
2009-09-17,23.304,23.92,23.301,23.634,225547841,18.544,18.66,18.474,18.527,6441315
2009-09-18,23.807,23.889,23.66,23.693,167689392,18.535,18.607,18.429,18.571,7367043
2009-09-21,23.621,23.713,23.257,23.567,121920175,18.447,18.571,18.377,18.491,6757892
2009-09-22,23.704,23.74,23.417,23.625,99456536,18.635,18.643,18.482,18.59,6401871
2009-09-23,23.736,24.19,23.694,23.755,165055181,18.669,18.884,18.527,18.59,7340638
2009-09-24,23.981,24.039,23.407,23.54,153114007,18.669,18.696,18.34,18.411,6278789
2009-09-25,23.324,23.755,23.234,23.357,124114601,18.35,18.474,18.268,18.295,10373963
2009-09-28,23.541,23.907,23.477,23.839,94029276,18.402,18.739,18.402,18.599,5695013
2009-09-29,23.905,23.998,23.603,23.74,96179740,18.599,18.687,18.465,18.499,12494936
2009-09-30,23.824,23.877,23.389,23.736,150370039,18.544,18.66,18.268,18.553,16769239
2009-10-01,23.753,23.849,23.141,23.161,146027646,18.465,18.465,18.004,18.004,18225064
2009-10-02,23.227,23.813,23.225,23.679,154140665,17.859,18.1,17.859,18.004,8048251
2009-10-05,23.846,23.929,23.597,23.822,117824527,18.047,18.191,17.921,18.154,6997979
2009-10-06,24.042,24.335,23.984,24.335,168409190,18.243,18.499,18.225,18.482,9276240
2009-10-07,24.31,24.403,24.207,24.362,129589592,18.438,18.499,18.359,18.447,5839222
2009-10-08,24.435,24.517,24.188,24.238,121959746,18.599,18.652,18.457,18.561,5623357
2009-10-09,24.19,24.421,24.155,24.392,81700686,18.491,18.687,18.465,18.687,10362932
2009-10-12,24.456,24.526,24.285,24.436,80314974,18.758,18.802,18.599,18.696,4497980
2009-10-13,24.406,24.482,24.294,24.336,96434231,18.705,18.81,18.626,18.767,5408164
2009-10-14,24.614,24.629,24.359,24.497,104675281,19.034,19.034,18.884,18.989,10327341
2009-10-15,24.28,24.449,24.272,24.403,103995553,18.902,18.961,18.82,18.953,6435731
2009-10-16,24.235,24.378,24.056,24.083,119451697,18.875,18.884,18.669,18.777,8116401
2009-10-19,24.056,24.333,23.762,24.314,252962555,18.829,18.989,18.758,18.98,10305996
2009-10-20,25.672,25.836,25.336,25.453,315927685,19.106,19.115,18.829,18.918,7969234
2009-10-21,25.564,26.73,25.513,26.244,332235445,18.926,19.229,18.875,18.926,10189386
2009-10-22,26.191,26.617,25.934,26.28,220430696,18.935,19.071,18.795,19.015,11619200
2009-10-23,26.347,26.355,26.026,26.117,117132170,19.265,19.292,18.884,18.961,18558760
2009-10-26,26.089,26.478,25.626,25.931,134722762,19.007,19.193,18.795,18.839,11934597
2009-10-27,25.823,25.973,25.159,25.275,210785035,18.848,18.953,18.669,18.739,10523904
2009-10-28,25.274,25.36,24.473,24.639,227883167,18.616,18.777,18.457,18.465,14685784
2009-10-29,24.958,25.204,24.607,25.145,158941910,18.643,18.848,18.544,18.82,12065511
2009-10-30,25.123,25.204,23.827,24.14,200003753,18.802,18.802,18.304,18.322,12750522
2009-11-02,24.31,24.701,23.765,24.244,189191189,18.34,18.561,18.191,18.429,18841932
2009-11-03,24.075,24.271,23.81,24.171,144773618,18.277,18.359,18.191,18.359,16910004
2009-11-04,24.422,24.826,24.359,24.436,135888499,18.438,18.687,18.438,18.465,8930768
2009-11-05,24.676,24.973,24.564,24.849,106500168,18.722,18.91,18.679,18.865,7581105
2009-11-06,24.715,24.997,24.639,24.887,81430908,18.767,18.935,18.731,18.892,5581527
2009-11-09,25.221,25.857,25.134,25.797,146741649,19.042,19.388,18.989,19.329,8365874
2009-11-10,25.751,26.252,25.742,25.994,111677570,19.284,19.38,19.22,19.32,6037702
2009-11-11,26.204,26.255,25.848,26.026,123772293,19.433,19.486,19.31,19.433,5862181
2009-11-12,26.041,26.237,25.794,25.867,99884842,19.433,19.515,19.274,19.292,7155489
2009-11-13,25.993,26.232,25.876,26.181,95364107,19.38,19.524,19.246,19.469,6114834
2009-11-16,26.309,26.635,26.256,26.462,134307133,19.559,19.718,19.505,19.682,9002742
2009-11-17,26.389,26.565,26.255,26.509,110417860,19.602,19.771,19.584,19.771,5626266
2009-11-18,26.414,26.509,26.126,26.374,104191012,19.746,19.746,19.552,19.665,4736338
2009-11-19,26.19,26.202,25.587,25.677,150676027,19.533,19.542,19.265,19.38,11893514
2009-11-20,25.399,25.663,25.325,25.601,113388616,19.255,19.329,19.21,19.284,6244323
2009-11-23,26.011,26.38,25.991,26.364,132146129,19.477,19.655,19.46,19.621,8139393
2009-11-24,26.281,26.364,25.984,26.18,88470890,19.612,19.621,19.469,19.584,7887977
2009-11-25,26.316,26.334,26.093,26.149,79886756,19.621,19.655,19.567,19.621,3945466
2009-11-27,25.498,25.992,25.404,25.688,82342167,19.148,19.433,19.08,19.302,5913789
2009-11-30,25.731,25.829,25.454,25.6,118212877,19.292,19.38,19.167,19.339,7854948
2009-12-01,25.9,25.967,25.207,25.224,129007274,19.486,19.691,19.477,19.647,9591598
2009-12-02,25.491,25.793,25.068,25.129,198970575,19.647,19.799,19.584,19.621,5862832
2009-12-03,25.339,25.482,25.135,25.164,124850514,19.709,19.799,19.584,19.629,7253246
2009-12-04,25.574,25.598,24.366,24.756,230456323,19.833,19.959,19.559,19.755,12397121
2009-12-07,24.756,24.816,24.163,24.197,198876720,19.771,19.833,19.674,19.718,7465022
2009-12-08,24.209,24.632,24.166,24.316,192047034,19.629,19.709,19.469,19.542,9928166
2009-12-09,24.491,25.377,24.371,25.331,190088789,19.576,19.728,19.45,19.728,8413275
2009-12-10,25.573,25.574,25.115,25.156,136360533,19.799,19.907,19.78,19.814,12292698
2009-12-11,25.323,25.357,24.772,24.928,119634386,19.888,19.916,19.709,19.771,4609593
2009-12-14,25.032,25.284,24.66,25.225,137253182,19.924,19.959,19.824,19.933,13179228
2009-12-15,25.069,25.295,24.749,24.867,116853268,19.888,19.966,19.737,19.806,5718463
2009-12-16,24.973,25.166,24.913,24.976,98395839,19.907,19.966,19.833,19.87,5042618
2009-12-17,24.956,24.973,24.46,24.57,107910666,19.799,19.799,19.612,19.629,5766017
2009-12-18,24.728,25.036,24.666,25.028,169420485,19.755,19.879,19.665,19.851,8228047
2009-12-21,25.1,25.58,25.059,25.387,169794290,19.976,20.111,19.924,20.027,6982641
2009-12-22,25.586,25.723,25.44,25.659,97240661,20.093,20.191,20.074,20.191,4279382
2009-12-23,25.763,25.918,25.717,25.881,96121858,20.231,20.287,20.156,20.268,6177192
2009-12-24,26.052,26.811,26.041,26.771,139689157,20.334,20.464,20.287,20.455,1874606
2009-12-28,27.039,27.398,26.843,27.099,179408229,20.49,20.546,20.404,20.519,10274009
2009-12-29,27.232,27.242,26.732,26.779,123601979,20.556,20.556,20.455,20.49,4329955
2009-12-30,26.735,27.148,26.675,27.103,114583249,20.455,20.574,20.427,20.565,6392990
2009-12-31,27.292,27.321,26.965,26.988,98076551,20.582,20.608,20.334,20.387,6483250
2010-01-04,27.341,27.47,27.199,27.406,137045797,20.574,20.705,20.537,20.687,9504561
2010-01-05,27.508,27.609,27.31,27.454,167718021,20.715,20.715,20.537,20.659,22483600
2010-01-06,27.454,27.563,26.99,27.017,153403690,20.659,20.669,20.409,20.427,11275449
2010-01-07,27.108,27.148,26.772,26.968,132861904,20.446,20.446,20.277,20.352,8203625
2010-01-08,26.946,27.148,26.774,27.147,124730848,20.324,20.5,20.25,20.481,13370633
2010-01-11,27.274,27.277,26.694,26.907,128596375,20.574,20.582,20.306,20.404,17144115
2010-01-12,26.806,26.861,26.434,26.601,165445130,20.287,20.315,20.102,20.182,10959220
2010-01-13,26.652,27.013,26.137,26.978,168558442,20.268,20.404,20.093,20.378,11308767
2010-01-14,26.897,26.952,26.769,26.819,120618898,20.361,20.5,20.334,20.427,8446002
2010-01-15,27.073,27.098,26.363,26.37,165632148,20.464,20.481,20.083,20.147,15222797
2010-01-19,26.687,27.558,26.54,27.539,203292657,20.191,20.49,20.191,20.49,8416921
2010-01-20,27.523,27.603,26.829,27.114,170447716,20.334,20.334,19.976,20.165,16534024
2010-01-21,27.187,27.316,26.536,26.645,169277070,20.222,20.324,19.888,19.95,14404148
2010-01-22,26.482,26.572,25.247,25.323,244552522,19.916,19.916,19.229,19.255,37909567
2010-01-25,25.975,26.214,25.637,26.006,289960128,19.433,19.542,19.31,19.416,37502628
2010-01-26,26.362,27.369,25.943,26.371,518775663,19.38,19.602,19.274,19.362,18138391
2010-01-27,26.486,26.968,25.551,26.62,479989843,19.371,19.567,19.229,19.524,19892777
2010-01-28,26.294,26.316,25.445,25.521,326739489,19.425,19.45,18.884,18.961,26032787
2010-01-29,25.782,25.894,24.362,24.595,347019110,19.139,19.167,18.544,18.635,30255572
2010-02-01,24.663,25.1,24.498,24.937,208526168,18.722,18.892,18.713,18.848,21614032
2010-02-02,25.091,25.141,24.765,25.081,194614229,18.91,19.088,18.802,19.034,15405381
2010-02-03,25.005,25.639,24.897,25.513,171291523,18.961,19.125,18.943,19.08,16629718
2010-02-04,25.209,25.404,24.534,24.594,210843961,18.961,18.998,18.527,18.544,18547631
2010-02-05,24.676,25.1,24.441,25.032,236896963,18.571,18.767,18.411,18.731,26156755
2010-02-08,25.06,25.341,24.845,24.86,132939624,18.758,18.865,18.626,18.652,25809448
2010-02-09,25.161,25.294,24.938,25.125,176376562,18.857,18.989,18.687,18.81,17875458
2010-02-10,25.076,25.177,24.877,24.989,102981576,18.857,18.884,18.643,18.758,11724595
2010-02-11,24.944,25.58,24.853,25.441,153276052,18.758,19.024,18.626,18.953,17070431
2010-02-12,25.379,25.823,25.036,25.661,179472736,18.82,19.024,18.705,18.989,17034126
2010-02-16,25.862,26.087,25.806,26.048,151049757,19.106,19.274,19.052,19.274,11511072
2010-02-17,26.156,26.162,25.724,25.939,121252456,19.362,19.362,19.229,19.329,10014817
2010-02-18,25.821,26.111,25.732,25.988,117498584,19.32,19.486,19.274,19.45,6483645
2010-02-19,25.849,26.022,25.754,25.827,115810902,19.347,19.496,19.32,19.398,7612714
2010-02-22,25.927,25.933,25.509,25.666,108886263,19.496,19.505,19.329,19.362,7915843
2010-02-23,25.6,25.782,25.063,25.237,160372350,19.347,19.355,19.042,19.125,11794805
2010-02-24,25.42,25.794,25.335,25.698,128335773,19.21,19.371,19.193,19.31,8480161
2010-02-25,25.276,25.978,25.213,25.868,185411336,19.061,19.292,18.935,19.255,13113017
2010-02-26,25.928,26.275,25.868,26.203,141391337,19.255,19.339,19.167,19.284,10913140
2010-03-01,26.348,26.829,26.311,26.765,153182943,19.38,19.552,19.347,19.533,7224314
2010-03-02,26.887,27.001,26.604,26.748,157845894,19.621,19.655,19.441,19.505,7887191
2010-03-03,26.788,26.875,26.628,26.808,103577606,19.559,19.612,19.46,19.515,9371967
2010-03-04,26.814,27.012,26.72,26.985,99979302,19.542,19.612,19.398,19.594,4077004
2010-03-05,27.533,28.136,27.486,28.039,250646277,19.737,19.861,19.665,19.833,7927681
2010-03-08,28.171,28.187,27.949,28.055,119742939,19.87,19.976,19.842,19.943,6593101
2010-03-09,27.938,28.814,27.906,28.559,256471788,19.916,20.156,19.879,20.027,13500248
2010-03-10,28.65,28.876,28.583,28.794,166125926,20.036,20.198,20.018,20.165,19019536
2010-03-11,28.668,28.878,28.6,28.878,112917672,20.111,20.241,20.074,20.241,6135754
2010-03-12,29.076,29.162,28.908,29.019,115842250,20.296,20.409,20.174,20.222,8390437
2010-03-15,28.878,28.878,28.207,28.666,137414405,20.156,20.231,20.055,20.203,9878354
2010-03-16,28.708,28.811,28.495,28.742,124556803,20.203,20.37,20.191,20.361,7440535
2010-03-17,28.788,29.0,28.593,28.7,125612274,20.387,20.537,20.343,20.418,11035257
2010-03-18,28.675,28.814,28.507,28.769,95279565,20.409,20.49,20.387,20.446,5064728
2010-03-19,28.834,28.845,28.33,28.463,155870050,20.464,20.473,20.174,20.258,10171951
2010-03-22,28.237,28.941,28.194,28.783,127168635,20.165,20.5,20.147,20.409,9483324
2010-03-23,28.899,29.299,28.698,29.244,167881707,20.481,20.625,20.395,20.608,6724751
2010-03-24,29.178,29.481,29.135,29.371,166720433,20.509,20.574,20.446,20.509,6610811
2010-03-25,29.565,29.579,28.975,29.027,151255488,20.64,20.785,20.5,20.546,9372304
2010-03-26,29.326,29.703,29.269,29.57,178628136,20.6,20.625,20.404,20.446,9651777
2010-03-29,29.826,29.951,29.661,29.759,146987188,20.537,20.625,20.481,20.509,8714489
2010-03-30,30.309,30.415,29.999,30.204,146507281,20.565,20.669,20.473,20.6,5978283
2010-03-31,30.204,30.301,30.025,30.094,119860348,20.537,20.608,20.446,20.537,5262245
2010-04-01,30.437,30.575,29.807,30.219,167998179,20.59,20.705,20.361,20.5,10244616
2010-04-05,30.093,30.544,30.064,30.543,190081552,20.574,20.75,20.387,20.741,5455023
2010-04-06,30.513,30.766,30.35,30.674,124314844,20.669,20.812,20.59,20.758,5705015
2010-04-07,30.7,30.98,30.566,30.812,175046812,20.697,20.785,20.574,20.678,6423090
2010-04-08,30.787,30.933,30.481,30.729,159664127,20.608,20.741,20.509,20.715,9510716
2010-04-09,30.923,30.976,30.793,30.963,93094513,20.758,20.882,20.687,20.873,6174996
2010-04-12,31.108,31.128,30.966,31.027,92855667,20.891,20.989,20.873,20.918,4679828
2010-04-13,31.02,31.095,30.877,31.046,85021830,20.891,21.016,20.821,20.981,6681363
2010-04-14,31.396,31.479,31.257,31.464,112521787,21.148,21.293,21.113,21.284,16851554
2010-04-15,31.498,31.891,31.439,31.876,104752497,21.301,21.389,21.239,21.379,10678409
2010-04-16,31.886,32.159,31.318,31.681,209178636,21.258,21.354,20.989,21.098,17102595
2010-04-19,31.573,31.746,30.96,31.64,157948326,21.061,21.176,20.91,21.14,9861218
2010-04-20,31.916,31.917,31.114,31.324,200685233,21.212,21.301,21.088,21.258,7811057
2010-04-21,33.073,33.329,32.748,33.196,273412455,21.379,21.407,21.193,21.301,10574474
2010-04-22,33.064,34.16,32.81,34.126,220735303,21.098,21.37,20.945,21.354,11260873
2010-04-23,34.194,34.856,34.192,34.682,221913211,21.343,21.432,21.218,21.404,14476923
2010-04-26,34.829,34.892,34.345,34.514,0,21.453,21.48,21.354,21.379,11037880
2010-04-27,34.192,34.302,33.362,33.557,197418134,21.293,21.389,20.927,20.964,31775696
2010-04-28,33.679,33.808,32.837,33.502,211280491,21.098,21.098,20.839,21.026,14353699
2010-04-29,33.687,34.578,33.553,34.401,155654752,21.121,21.275,21.079,21.239,10183840
2010-04-30,34.543,34.648,33.425,33.437,151080134,21.221,21.258,20.785,20.794,11864376
2010-05-03,33.861,34.306,33.665,34.109,126452987,20.856,21.158,20.856,21.079,7743877
2010-05-04,33.611,33.716,32.879,33.126,201559659,20.831,20.856,20.352,20.473,16694138
2010-05-05,32.385,33.059,31.853,32.783,245853211,20.268,20.528,20.25,20.387,15146052
2010-05-06,32.526,33.072,25.516,31.537,356678860,20.241,20.436,18.35,19.771,28710994
2010-05-07,31.247,31.576,28.84,30.206,467412793,19.682,19.833,18.892,19.339,28371110
2010-05-10,32.164,32.611,31.829,32.525,273913801,20.174,20.315,20.027,20.222,26307999
2010-05-11,32.272,33.281,32.081,32.853,236583753,20.009,20.446,19.993,20.093,14471094
2010-05-12,33.249,33.698,33.129,33.564,182270065,20.231,20.617,20.231,20.617,13287089
2010-05-13,33.712,33.938,32.836,33.085,167009626,20.546,20.687,20.268,20.315,12867897
2010-05-14,32.685,32.847,31.951,32.503,211277784,20.139,20.182,19.709,19.924,18557112
2010-05-17,32.549,32.807,31.723,32.555,212416438,19.976,20.045,19.621,20.018,16859329
2010-05-18,32.918,33.111,32.05,32.318,217450772,20.156,20.182,19.629,19.718,25331568
2010-05-19,31.948,32.39,31.356,31.804,285695555,19.665,19.824,19.406,19.567,30058714
2010-05-20,30.914,31.228,30.248,30.448,356516332,19.255,19.302,18.884,18.943,22309871
2010-05-21,29.665,31.311,29.626,31.032,341125358,18.616,19.201,18.544,19.088,23646406
2010-05-24,31.664,32.129,31.539,31.599,210033965,19.097,19.255,18.971,18.998,14579820
2010-05-25,30.722,31.599,30.373,31.402,291611812,18.509,18.98,18.377,18.943,20571518
2010-05-26,32.042,32.289,31.214,31.263,236801306,19.125,19.31,18.705,18.758,27359537
2010-05-27,32.107,32.512,31.901,32.444,184445735,19.184,19.416,19.125,19.398,21511932
2010-05-28,33.19,33.22,32.444,32.896,227189876,19.406,19.416,19.106,19.238,13628933
2010-06-01,33.257,34.058,33.164,33.402,243767892,19.148,19.45,19.024,19.052,14885529
2010-06-02,33.903,33.91,33.34,33.803,191547624,19.157,19.477,19.024,19.477,11675773
2010-06-03,33.962,34.007,33.349,33.697,181103236,19.542,19.709,19.425,19.674,14156393
2010-06-04,33.1,33.539,32.609,32.779,210950520,19.255,19.515,18.971,19.042,20803373
2010-06-07,33.087,33.187,32.086,32.133,246864784,19.139,19.193,18.731,18.767,11859430
2010-06-08,32.449,32.502,31.458,31.927,278816796,18.795,18.857,18.518,18.802,14988914
2010-06-09,32.216,32.26,31.054,31.144,237748884,18.943,19.115,18.616,18.705,14975589
2010-06-10,31.35,32.139,31.016,32.083,215879053,18.91,19.175,18.875,19.157,15987075
2010-06-11,31.782,32.509,31.677,32.466,151893082,18.961,19.362,18.961,19.329,12064601
2010-06-14,32.795,33.187,32.528,32.562,167863475,19.533,19.594,19.265,19.292,14649715
2010-06-15,32.731,33.276,32.719,33.256,162738889,19.406,19.814,19.38,19.799,12965820
2010-06-16,33.425,34.29,33.377,34.223,218210272,19.718,19.916,19.665,19.851,8721725
2010-06-17,34.666,34.95,34.514,34.816,243048874,19.943,19.959,19.718,19.924,11157078
2010-06-18,34.863,35.218,34.76,35.098,218587226,19.87,19.959,19.789,19.851,8008067
2010-06-21,35.569,35.73,34.413,34.6,215547246,20.074,20.111,19.612,19.709,9833541
2010-06-22,34.863,35.341,34.769,35.069,199562574,19.771,19.907,19.515,19.542,11454631
2010-06-23,35.161,35.174,34.309,34.7,214053876,19.602,19.655,19.355,19.505,10584447
2010-06-24,34.7,34.986,34.335,34.447,199112595,19.416,19.469,19.08,19.115,17173402
2010-06-25,34.581,34.612,34.039,34.155,152492625,19.229,19.246,18.943,19.097,17621217
2010-06-28,34.191,34.545,33.874,34.36,163083315,19.071,19.22,18.971,19.133,11544931
2010-06-29,33.856,33.856,32.565,32.806,315472195,18.81,18.839,18.285,18.42,22310970
2010-06-30,32.877,33.036,32.02,32.212,205878957,18.339,18.49,18.077,18.133,14060524
2010-07-01,32.542,32.629,31.147,31.823,285057573,18.145,18.26,17.79,18.065,25764921
2010-07-02,32.103,32.132,31.144,31.623,193495389,18.145,18.207,17.913,18.038,9573474
2010-07-06,31.623,32.375,31.527,31.842,171357527,18.322,18.457,18.028,18.217,17250730
2010-07-07,32.095,33.139,31.984,33.125,182036901,18.243,18.829,18.217,18.802,14499484
2010-07-08,33.626,33.668,32.641,33.052,205559578,18.989,18.989,18.705,18.918,9748341
2010-07-09,32.899,33.282,32.678,33.247,120771554,18.91,19.015,18.875,19.015,8839161
2010-07-12,33.108,33.532,32.637,32.95,156720330,18.971,19.184,18.971,19.106,9801343
2010-07-13,32.811,32.836,31.559,32.248,331165575,19.302,19.441,19.167,19.38,11575695
2010-07-14,31.91,32.756,31.887,32.365,226423690,19.45,19.621,19.388,19.496,13929423
2010-07-15,31.795,32.909,31.667,32.2,228822034,19.45,19.576,19.246,19.559,13969970
2010-07-16,32.407,32.653,31.813,32.004,289535967,19.388,19.433,18.98,18.998,16994251
2010-07-19,31.982,32.001,30.683,31.449,285432579,19.08,19.229,18.98,19.184,8270184
2010-07-20,31.052,32.388,30.737,32.26,295145985,18.848,19.339,18.767,19.31,17559414
2010-07-21,33.936,33.955,32.526,32.556,330180600,19.46,19.477,19.015,19.08,18734288
2010-07-22,33.004,33.295,32.695,33.171,179777113,19.32,19.655,19.31,19.594,13182310
2010-07-23,32.939,33.347,32.82,33.288,148640952,19.542,19.728,19.477,19.728,11682921
2010-07-26,33.293,33.309,33.003,33.204,116242953,19.728,19.861,19.647,19.842,7397236
2010-07-27,33.382,33.91,33.336,33.82,161964837,19.916,19.959,19.799,19.907,8767231
2010-07-28,33.768,34.065,33.329,33.419,144771462,19.87,19.943,19.674,19.746,14821726
2010-07-29,33.387,33.634,32.797,33.055,179422840,19.814,19.842,19.406,19.567,11976959
2010-07-30,32.75,33.257,32.643,32.944,124974375,19.355,19.594,19.292,19.486,10074479
2010-08-02,33.352,33.627,33.247,33.532,118919147,19.718,19.95,19.655,19.897,17671571
2010-08-03,33.532,33.712,33.223,33.544,116136901,19.87,19.879,19.746,19.789,6078092
2010-08-04,33.649,33.843,33.337,33.677,117191873,19.842,19.959,19.709,19.95,16514469
2010-08-05,33.485,33.703,33.366,33.513,80608260,19.814,19.897,19.737,19.861,5707197
2010-08-06,33.257,33.486,32.991,33.307,123996524,19.674,19.833,19.542,19.806,17566765
2010-08-09,33.486,33.572,33.242,33.52,84312659,19.861,19.976,19.78,19.943,15244674
2010-08-10,33.276,33.353,32.984,33.221,125925550,19.755,19.842,19.594,19.737,12698660
2010-08-11,32.676,32.742,31.992,32.04,172348213,19.433,19.441,19.193,19.265,20317713
2010-08-12,31.579,32.412,31.521,32.246,148982213,18.884,19.08,18.795,18.998,17059114
2010-08-13,32.146,32.259,31.898,31.9,98812016,18.918,19.024,18.884,18.91,6837599
2010-08-16,31.725,32.02,31.582,31.714,88596378,18.795,19.042,18.739,18.943,11550501
2010-08-17,32.03,32.609,31.911,32.267,117743597,19.125,19.32,19.052,19.148,19235485
2010-08-18,32.342,32.614,32.219,32.408,94319941,19.148,19.362,19.088,19.255,14191127
2010-08-19,32.372,32.461,31.847,32.001,118845562,19.184,19.246,18.91,19.024,15535222
2010-08-20,31.933,32.516,31.887,31.969,106898327,18.961,19.042,18.875,18.98,10479404
2010-08-23,32.241,32.272,31.406,31.478,115245205,19.08,19.125,18.81,18.81,8646278
2010-08-24,31.12,31.12,30.564,30.726,167541735,18.607,18.739,18.465,18.553,11916473
2010-08-25,30.726,31.246,30.379,31.106,166163230,18.438,18.748,18.395,18.669,12455404
2010-08-26,31.435,31.471,30.772,30.772,129747353,18.758,18.785,18.457,18.482,11422712
2010-08-27,30.932,31.07,30.168,30.943,152871506,18.59,18.713,18.295,18.705,16393078
2010-08-30,30.83,31.471,30.821,31.056,106719439,18.607,18.748,18.457,18.457,8541569
2010-08-31,30.963,31.32,30.78,31.132,117131468,18.408,18.525,18.291,18.392,17457535
2010-09-01,31.696,32.202,31.541,32.059,194067146,18.643,18.935,18.607,18.865,16645487
2010-09-02,32.192,32.293,31.833,32.293,115606232,18.875,19.034,18.839,19.034,10468301
2010-09-03,32.647,33.141,32.591,33.139,145073927,19.201,19.32,19.125,19.32,11150325
2010-09-07,32.852,33.237,32.817,33.016,95518506,19.229,19.329,19.139,19.157,8818033
2010-09-08,33.263,33.856,33.181,33.67,146586649,19.22,19.31,19.167,19.265,10450619
2010-09-09,33.951,34.132,33.67,33.689,122041288,19.425,19.46,19.284,19.32,7814955
2010-09-10,33.706,33.872,33.475,33.732,108042462,19.339,19.355,19.201,19.329,8949913
2010-09-13,34.059,34.357,34.034,34.198,108258155,19.515,19.709,19.486,19.674,13046674
2010-09-14,34.086,34.47,34.004,34.329,113033814,19.674,19.916,19.602,19.755,10604099
2010-09-15,34.32,34.626,34.302,34.605,119158388,19.737,19.924,19.701,19.879,8303159
2010-09-16,34.612,35.43,34.514,35.419,181311801,19.851,20.009,19.814,19.993,8774463
2010-09-17,35.54,35.595,35.048,35.263,176792499,20.055,20.074,19.933,20.027,16034767
2010-09-20,35.359,36.341,35.326,36.272,183634089,20.102,20.361,20.055,20.324,10745102
2010-09-21,36.346,36.799,36.214,36.341,185863595,20.352,20.455,20.212,20.287,20960983
2010-09-22,36.23,36.878,36.164,36.85,163074523,20.203,20.306,20.083,20.191,9455156
2010-09-23,36.688,37.492,36.625,37.0,218880803,20.055,20.378,20.027,20.165,11171113
2010-09-24,37.394,37.591,37.207,37.434,180700270,20.361,20.574,20.361,20.556,8413493
2010-09-27,37.649,37.742,37.268,37.286,134559719,20.6,20.722,20.519,20.565,17232692
2010-09-28,37.356,37.366,35.218,36.736,288423047,20.617,20.632,20.296,20.59,16553118
2010-09-29,36.775,37.114,36.625,36.802,130794640,20.546,20.632,20.49,20.546,6899177
2010-09-30,37.009,37.138,36.017,36.338,187626938,20.654,20.781,20.355,20.468,14779581
2010-10-01,36.667,36.7,36.03,36.18,124958134,20.608,20.64,20.404,20.473,11969452
2010-10-04,36.074,36.23,35.572,35.685,121198179,20.37,20.473,20.165,20.306,9547571
2010-10-05,36.158,37.067,36.092,37.003,139347081,20.446,20.758,20.436,20.705,8675785
2010-10-06,37.1,37.393,36.532,37.035,186552224,20.705,20.768,20.436,20.608,8065020
2010-10-07,37.181,37.199,36.742,37.039,113648160,20.687,20.697,20.464,20.608,5567561
2010-10-08,37.363,37.713,37.138,37.661,183161680,20.617,20.768,20.473,20.722,6864615
2010-10-11,37.751,38.064,37.727,37.825,119007634,20.768,20.847,20.678,20.758,6795246
2010-10-12,37.83,38.355,37.456,38.231,155312748,20.697,20.927,20.582,20.882,12381426
2010-10-13,38.424,38.668,38.394,38.437,173411240,21.008,21.148,20.945,21.052,17411911
2010-10-14,38.62,38.736,38.469,38.716,120875146,21.098,21.13,20.945,21.061,6203024
2010-10-15,39.371,40.339,39.048,40.306,255794739,21.344,21.425,21.167,21.415,21031387
2010-10-18,40.786,40.852,40.247,40.725,300733323,21.425,21.56,21.344,21.56,12094370
2010-10-19,38.865,40.182,38.422,39.635,342566876,21.148,21.337,21.016,21.176,28351314
2010-10-20,39.572,40.242,39.299,39.767,200182777,21.248,21.48,21.203,21.354,26576924
2010-10-21,39.995,40.306,39.289,39.639,152647556,21.472,21.513,21.148,21.37,31097872
2010-10-22,39.573,39.703,39.224,39.375,103181882,21.37,21.453,21.328,21.434,6423546
2010-10-25,39.587,39.906,39.499,39.551,107334999,21.513,21.657,21.495,21.495,10686011
2010-10-26,39.299,39.667,39.142,39.45,108427835,21.415,21.577,21.328,21.551,11605954
2010-10-27,39.381,39.688,39.135,39.421,109484950,21.462,21.628,21.389,21.61,13315100
2010-10-28,39.438,39.444,38.533,39.09,152982625,21.7,21.719,21.472,21.61,9590897
2010-10-29,38.974,39.172,38.529,38.544,118831596,21.644,21.734,21.606,21.644,9299499
2010-11-01,38.754,39.135,38.7,38.953,117788345,21.753,21.886,21.577,21.665,9526123
2010-11-02,39.346,39.721,39.315,39.617,120415588,21.86,21.932,21.817,21.877,8421506
2010-11-03,39.89,40.068,39.509,40.058,141618450,21.913,22.013,21.737,22.005,17003506
2010-11-04,40.353,41.003,40.344,40.758,178707730,22.234,22.348,22.19,22.331,15382030
2010-11-05,40.724,40.926,40.563,40.611,100569152,22.341,22.341,22.216,22.314,9786427
2010-11-08,40.612,40.95,40.565,40.802,78085593,22.269,22.358,22.225,22.331,8438679
2010-11-09,41.109,41.146,40.275,40.477,106621694,22.403,22.475,22.163,22.269,10213508
2010-11-10,40.556,40.821,40.154,40.729,106340742,22.297,22.324,22.083,22.287,7934009
2010-11-11,40.341,40.773,40.242,40.551,100625257,21.86,21.977,21.728,21.949,13641706
2010-11-12,40.403,40.533,38.884,39.447,221703816,21.834,21.941,21.532,21.638,11679198
2010-11-15,39.504,39.769,39.22,39.319,112241660,21.746,21.763,21.56,21.577,9898168
2010-11-16,39.128,39.392,38.331,38.622,183202560,21.425,21.495,21.106,21.185,20156801
2010-11-17,38.557,38.932,38.131,38.483,133480982,21.212,21.337,21.106,21.193,11712823
2010-11-18,39.119,39.657,39.018,39.498,137362764,21.425,21.638,21.415,21.551,12154102
2010-11-19,39.444,39.494,39.09,39.28,107226342,21.551,21.638,21.48,21.61,5668998
2010-11-22,39.276,40.131,39.171,40.131,109211046,21.513,21.737,21.462,21.737,10589417
2010-11-23,39.763,39.922,39.259,39.537,144353615,21.532,21.569,21.31,21.415,12383838
2010-11-24,39.954,40.391,39.922,40.314,115360838,21.594,21.782,21.569,21.772,8117058
2010-11-26,40.154,40.687,40.075,40.339,66303040,21.594,21.728,21.551,21.56,2751868
2010-11-29,40.497,40.658,39.875,40.577,123294325,21.542,21.602,21.31,21.505,8066242
2010-11-30,40.153,40.257,39.81,39.848,139645622,21.307,21.404,21.218,21.29,12027669
2010-12-01,40.425,40.694,40.339,40.519,128119713,21.602,21.809,21.551,21.746,12066726
2010-12-02,40.66,40.852,40.326,40.743,129074477,21.772,22.021,21.753,22.005,10827270
2010-12-03,40.586,40.806,40.511,40.653,95387655,21.886,22.065,21.877,22.056,8867437
2010-12-06,40.792,41.279,40.776,40.998,124021004,22.03,22.11,22.005,22.056,7241648
2010-12-07,41.477,41.49,40.739,40.752,108707858,22.314,22.314,22.065,22.083,11147791
2010-12-08,40.95,41.112,40.608,41.111,89431362,22.163,22.269,22.056,22.269,10135760
2010-12-09,41.293,41.3,40.854,40.948,81864668,22.358,22.367,22.2,22.287,7009184
2010-12-10,40.935,41.117,40.799,41.05,73169401,22.331,22.413,22.262,22.395,6503649
2010-12-13,41.537,41.626,41.109,41.193,122382295,22.484,22.511,22.331,22.348,7762594
2010-12-14,41.235,41.304,40.852,41.017,97867364,22.348,22.465,22.331,22.386,7077104
2010-12-15,40.994,41.364,40.876,41.026,115789234,22.358,22.475,22.234,22.297,5172516
2010-12-16,41.12,41.312,40.994,41.139,89597178,22.324,22.429,22.225,22.331,6676062
2010-12-17,41.156,41.21,41.01,41.057,107757003,22.305,22.341,22.244,22.297,5763439
2010-12-20,41.159,41.395,40.754,41.263,107103042,22.348,22.377,22.181,22.314,5366288
2010-12-21,41.376,41.541,41.241,41.517,71347019,22.386,22.457,22.348,22.447,6251450
2010-12-22,41.537,41.713,41.435,41.641,74128316,22.421,22.447,22.386,22.421,6082824
2010-12-23,41.619,41.639,41.385,41.442,62194516,22.395,22.438,22.341,22.413,3631155
2010-12-27,41.389,41.676,41.174,41.581,69518402,22.358,22.484,22.269,22.457,3364764
2010-12-28,41.739,41.833,41.626,41.68,48970020,22.502,22.519,22.403,22.429,3270449
2010-12-29,41.765,41.807,41.632,41.657,45487326,22.495,22.53,22.449,22.477,4201123
2010-12-30,41.67,41.686,41.37,41.45,43900753,22.457,22.486,22.395,22.421,5675860
2010-12-31,41.364,41.425,41.148,41.307,53933874,22.361,22.407,22.327,22.398,5010954
2011-01-03,41.6,42.293,41.6,42.204,123930383,22.58,22.768,22.562,22.643,8354731
2011-01-04,42.579,42.579,42.023,42.426,86135637,22.751,22.775,22.58,22.733,10339145
2011-01-05,42.26,42.817,42.196,42.772,70669988,22.689,22.892,22.643,22.864,13312920
2011-01-06,42.902,42.932,42.632,42.739,83619699,22.92,22.999,22.821,22.999,12423228
2011-01-07,42.787,43.073,42.503,43.045,86506108,22.982,22.999,22.698,22.892,8434575
2011-01-10,43.393,43.956,43.179,43.855,124888228,22.864,22.956,22.76,22.91,11623260
2011-01-11,44.176,44.178,43.473,43.752,123434986,22.989,23.008,22.803,22.874,9439652
2011-01-12,43.98,44.109,43.795,44.108,84228710,23.008,23.096,22.929,23.078,15273533
2011-01-13,44.202,44.389,44.032,44.267,82692975,23.096,23.123,22.989,23.059,14672105
2011-01-14,44.31,44.627,44.11,44.627,85758149,23.078,23.265,23.034,23.265,7109654
2011-01-18,41.882,44.152,41.748,43.624,519250098,23.123,23.317,23.096,23.291,9711891
2011-01-19,44.641,44.644,43.14,43.394,315973540,23.345,23.345,23.051,23.123,12615488
2011-01-20,43.053,43.321,42.275,42.605,213000203,23.041,23.051,22.803,22.999,17276302
2011-01-21,42.772,42.887,41.829,41.84,210098152,23.132,23.141,22.855,22.864,9879688
2011-01-24,41.884,43.216,41.84,43.216,159818476,22.874,23.205,22.874,23.186,20800208
2011-01-25,43.055,43.728,42.845,43.722,151729717,23.132,23.3,23.078,23.291,12389491
2011-01-26,43.912,44.257,43.735,44.032,141187316,23.354,23.495,23.291,23.425,9319867
2011-01-27,44.039,44.143,43.903,43.953,79363530,23.434,23.577,23.373,23.504,10182541
2011-01-28,44.095,44.105,42.712,43.042,164845124,23.514,23.532,22.892,22.965,14951947
2011-01-31,43.019,43.544,42.811,43.455,105100636,22.984,23.101,22.847,23.101,15732617
2011-02-01,43.74,44.263,43.666,44.187,118639079,23.273,23.541,23.248,23.495,14783436
2011-02-02,44.112,44.212,43.994,44.093,72126671,23.443,23.586,23.443,23.541,9839544
2011-02-03,44.017,44.084,43.354,43.982,109654099,23.532,23.629,23.335,23.577,12895704
2011-02-04,44.003,44.398,43.991,44.373,89631241,23.621,23.746,23.532,23.728,6906721
2011-02-07,44.566,45.237,44.521,45.062,135033597,23.783,23.96,23.774,23.842,11021356
2011-02-08,45.273,45.528,45.096,45.487,105968656,23.895,23.96,23.802,23.941,5835625
2011-02-09,45.486,45.974,45.446,45.867,134431388,23.905,23.968,23.825,23.895,5836919
2011-02-10,45.822,46.103,44.566,45.402,258619915,23.71,23.851,23.621,23.793,8817151
2011-02-11,45.443,45.819,45.276,45.7,102387624,23.802,23.95,23.736,23.913,12367485
2011-02-14,45.694,46.038,45.681,45.997,86453965,23.895,23.996,23.886,23.95,5497932
2011-02-15,46.001,46.1,45.788,46.09,78920774,23.905,23.905,23.774,23.858,6796724
2011-02-16,46.193,46.729,46.167,46.502,132504931,23.96,24.024,23.858,23.996,7633787
2011-02-18,45.884,46.039,44.76,44.893,226822552,24.041,24.081,23.941,24.005,5850097
2011-02-22,43.78,44.231,43.251,43.363,242751565,23.681,23.818,23.373,23.418,25136659
2011-02-23,43.367,44.136,43.363,43.877,187108091,23.345,23.383,22.999,23.141,13786413
2011-02-24,44.053,44.2,43.331,43.91,139227855,23.16,23.291,22.965,23.221,12778798
2011-02-25,44.223,44.622,44.157,44.586,105730163,23.335,23.541,23.327,23.514,8777641
2011-02-28,44.971,45.469,44.965,45.232,112123406,23.578,23.674,23.451,23.613,10400558
2011-03-01,45.497,45.553,44.525,44.734,126873419,23.696,23.696,23.145,23.163,16370035
2011-03-02,44.815,45.38,44.618,45.093,167793742,23.198,23.484,23.172,23.303,11166573
2011-03-03,45.774,46.074,45.578,46.046,139053578,23.528,23.678,23.518,23.67,7647175
2011-03-04,46.046,46.14,45.813,46.103,126243026,23.674,23.674,23.345,23.488,8452666
2011-03-07,46.307,46.315,44.99,45.509,152071247,23.541,23.586,23.041,23.186,16714126
2011-03-08,45.436,45.769,45.11,45.559,99239925,23.205,23.48,23.114,23.383,12362930
2011-03-09,45.422,45.431,44.898,45.139,126365146,23.308,23.373,23.141,23.283,13400990
2011-03-10,44.691,44.793,44.169,44.394,141426489,23.019,23.035,22.815,22.847,16893776
2011-03-11,44.185,45.118,44.184,45.078,131125594,22.726,23.028,22.726,22.94,12840860
2011-03-14,45.19,45.651,44.99,45.278,121587212,22.821,22.982,22.698,22.83,10859672
2011-03-15,43.775,44.547,43.552,44.235,200879074,22.171,22.608,22.11,22.493,16802315
2011-03-16,43.776,43.927,41.783,42.261,321588398,22.367,22.447,21.801,21.941,24134711
2011-03-17,43.148,43.492,42.346,42.854,183661658,22.244,22.387,22.134,22.171,12326262
2011-03-18,43.142,43.308,42.26,42.346,209933174,22.466,22.476,22.181,22.209,20723286
2011-03-21,43.046,43.509,42.934,43.452,115188315,22.554,22.716,22.529,22.582,10012378
2011-03-22,43.871,43.877,43.432,43.696,90914326,22.625,22.635,22.52,22.546,10320057
2011-03-23,43.445,43.567,43.023,43.436,103974616,22.494,22.735,22.395,22.672,6543170
2011-03-24,43.778,44.31,43.397,44.179,112801888,22.823,23.053,22.743,23.028,11675723
2011-03-25,44.569,45.085,44.437,45.019,125144508,23.135,23.208,23.053,23.081,4788209
2011-03-28,45.236,45.375,44.877,44.877,86105688,23.172,23.225,23.011,23.028,9273477
2011-03-29,44.503,44.945,44.319,44.945,98204189,22.975,23.198,22.895,23.19,5780147
2011-03-30,44.913,44.933,44.494,44.646,91654832,23.321,23.339,23.233,23.286,6987884
2011-03-31,44.363,44.796,44.319,44.631,76361672,23.255,23.318,23.211,23.247,6968913
2011-04-01,44.962,45.026,43.965,44.126,116578655,23.349,23.404,23.126,23.198,12315801
2011-04-04,44.126,44.13,43.333,43.695,128013527,23.252,23.26,23.028,23.117,6583447
2011-04-05,43.096,43.829,43.03,43.401,134597626,23.108,23.252,23.053,23.081,11123074
2011-04-06,43.725,44.039,43.174,43.291,112097187,23.242,23.286,23.117,23.252,12273678
2011-04-07,43.293,43.596,43.033,43.294,104047515,23.225,23.339,23.072,23.26,10279264
2011-04-08,43.538,43.559,42.765,42.908,105087992,23.349,23.349,23.044,23.126,4924960
2011-04-11,42.842,42.985,42.262,42.364,111197871,23.163,23.217,23.019,23.09,6499711
2011-04-12,42.349,42.739,42.285,42.568,118560905,22.958,23.019,22.823,22.904,9040831
2011-04-13,42.882,43.048,42.582,43.046,96488049,23.019,23.135,22.922,23.044,6139892
2011-04-14,42.855,43.03,42.523,42.57,84067872,22.932,23.028,22.805,23.002,6175813
2011-04-15,42.724,42.727,41.85,41.936,126431215,22.94,23.011,22.823,22.958,11443236
2011-04-18,41.758,42.545,41.0,42.498,170639622,22.716,22.761,22.476,22.753,9914135
2011-04-19,42.677,43.283,42.478,43.267,116689014,22.777,22.815,22.672,22.815,11179677
2011-04-20,44.019,44.277,43.735,43.849,188630738,23.154,23.33,23.135,23.294,10408459
2011-04-21,45.381,45.479,44.633,44.911,210011452,23.484,23.518,23.386,23.499,11492583
2011-04-25,44.887,45.302,44.861,45.208,74101997,23.499,23.546,23.446,23.518,3366404
2011-04-26,45.281,45.46,44.737,44.875,94120468,23.573,23.798,23.537,23.714,8059982
2011-04-27,45.114,45.122,44.449,44.842,99046966,23.77,23.892,23.67,23.855,9002707
2011-04-28,44.336,44.79,44.247,44.405,100571683,23.807,23.892,23.76,23.864,9525319
2011-04-29,44.44,45.327,44.394,44.84,280139206,23.85,23.895,23.781,23.85,8406694
2011-05-02,44.785,44.882,44.244,44.347,123151513,23.974,23.984,23.732,23.76,7521337
2011-05-03,44.555,44.808,44.258,44.59,87368985,23.76,23.815,23.617,23.77,9151946
2011-05-04,44.603,45.055,44.423,44.766,108922776,23.779,23.823,23.537,23.696,12293217
2011-05-05,44.609,44.943,44.317,44.405,93538461,23.634,23.815,23.491,23.573,15065103
2011-05-06,44.802,44.821,44.338,44.392,78084356,23.779,23.901,23.601,23.617,11994350
2011-05-09,44.55,44.72,44.376,44.515,57064697,23.67,23.798,23.582,23.714,4463792
2011-05-10,44.67,44.784,44.392,44.752,79495683,23.789,23.956,23.732,23.929,11491636
2011-05-11,44.713,44.821,44.21,44.466,93163889,23.919,23.974,23.582,23.714,13285869
2011-05-12,44.369,44.452,43.83,44.382,89190397,23.652,23.919,23.518,23.892,12314506
2011-05-13,44.282,44.343,43.586,43.605,90877142,23.815,23.83,23.573,23.601,11444102
2011-05-16,43.438,43.699,42.593,42.682,125320086,23.491,23.609,23.217,23.26,19027193
2011-05-17,42.516,43.048,42.354,43.048,126105977,23.126,23.268,23.002,23.26,26830625
2011-05-18,43.093,43.676,43.03,43.524,93163074,23.277,23.465,23.233,23.429,10063035
2011-05-19,43.801,43.849,43.37,43.609,72674966,23.509,23.528,23.33,23.475,9173927
2011-05-20,43.51,43.663,42.904,42.928,94239446,23.446,23.509,23.286,23.339,15089930
2011-05-23,42.266,43.027,42.186,42.824,106580666,23.019,23.099,22.922,23.011,14136729
2011-05-24,42.961,43.016,42.433,42.541,89743004,23.062,23.072,22.932,22.94,9828069
2011-05-25,42.682,43.356,42.626,43.127,81937417,22.904,23.126,22.866,23.011,13917945
2011-05-26,43.001,43.141,42.83,42.902,62051609,22.975,23.208,22.968,23.163,12579023
2011-05-27,42.875,43.238,42.813,43.21,56764443,23.184,23.281,23.158,23.281,14076576
2011-05-31,43.708,44.545,43.668,44.545,116196483,23.479,23.596,23.361,23.596,11965717
2011-06-01,44.708,45.094,44.137,44.246,154338759,23.537,23.617,23.09,23.108,18643249
2011-06-02,44.379,44.563,44.092,44.325,94459350,23.135,23.217,23.019,23.126,8686052
2011-06-03,43.947,44.223,43.797,43.982,87320278,22.857,23.002,22.753,22.777,12083829
2011-06-06,44.27,44.442,43.262,43.291,128587248,22.753,22.831,22.59,22.609,8103403
2011-06-07,43.303,43.309,42.503,42.521,147655387,22.683,22.737,22.53,22.538,9875606
2011-06-08,42.516,42.875,42.345,42.546,92985601,22.449,22.512,22.325,22.387,11205082
2011-06-09,42.68,42.73,42.356,42.452,76679412,22.395,22.495,22.332,22.404,5980050
2011-06-10,42.337,42.472,41.686,41.735,120988800,22.325,22.349,22.072,22.091,12229429
2011-06-13,41.901,42.043,41.628,41.827,91873734,22.11,22.216,22.03,22.11,13078993
2011-06-14,42.266,42.677,42.172,42.573,93150072,22.306,22.449,22.278,22.387,10223047
2011-06-15,42.182,42.298,41.605,41.843,110395909,22.171,22.278,21.92,21.965,18569491
2011-06-16,41.849,42.091,40.764,41.641,141495642,21.947,22.063,21.75,21.911,6312727
2011-06-17,42.143,42.164,40.899,41.013,171474094,22.144,22.162,21.84,21.893,22276897
2011-06-20,40.634,40.687,39.763,40.381,178379402,21.807,22.038,21.797,21.975,9745972
2011-06-21,40.536,41.721,40.366,41.658,137379006,22.091,22.414,21.994,22.368,16015191
2011-06-22,41.621,42.12,41.286,41.312,108730070,22.244,22.378,22.19,22.209,12323671
2011-06-23,40.844,42.476,40.739,42.418,155729276,21.939,22.378,21.884,22.359,8733462
2011-06-24,42.453,42.665,41.631,41.793,122605730,22.287,22.297,21.947,21.975,13132456
2011-06-27,41.956,42.758,41.908,42.521,94613258,22.02,22.387,21.956,22.269,13379787
2011-06-28,42.72,43.115,42.701,42.934,81863228,22.332,22.555,22.315,22.547,9000289
2011-06-29,43.052,43.076,42.501,42.776,98306133,22.626,22.727,22.495,22.727,6655867
2011-06-30,42.827,43.046,42.624,42.985,90013064,22.822,23.037,22.794,23.013,10160756
2011-07-01,43.021,43.989,42.798,43.96,122640579,23.038,23.425,22.971,23.39,12788324
2011-07-05,43.922,44.799,43.862,44.749,98925488,23.372,23.461,23.316,23.425,5532737
2011-07-06,44.692,45.346,44.399,45.046,123826128,23.417,23.578,23.326,23.533,7547088
2011-07-07,45.437,45.845,45.334,45.744,111209088,23.683,23.871,23.667,23.821,14527997
2011-07-08,45.273,46.103,45.102,46.064,136477568,23.597,23.702,23.461,23.702,7980430
2011-07-11,45.651,46.071,45.184,45.334,123360936,23.442,23.56,23.229,23.308,13055621
2011-07-12,45.271,45.806,44.646,45.302,125760005,23.237,23.316,23.075,23.101,10528666
2011-07-13,45.889,46.103,45.639,45.848,108946852,23.22,23.399,23.083,23.158,6231556
2011-07-14,46.218,46.308,45.634,45.815,119636953,23.202,23.353,22.869,22.961,12004675
2011-07-15,46.229,46.742,45.996,46.73,134729826,23.184,23.237,23.038,23.211,11474873
2011-07-18,46.798,47.98,46.779,47.868,159233208,23.093,23.22,22.925,23.129,9359043
2011-07-19,48.397,48.491,47.808,48.259,223877469,23.353,23.692,23.334,23.683,9699295
2011-07-20,50.72,50.747,49.433,49.548,262089246,23.861,23.861,23.569,23.613,4408479
2011-07-21,49.563,49.951,49.164,49.598,146676261,23.606,23.827,23.461,23.72,12524424
2011-07-22,49.729,50.59,49.657,50.367,143511789,23.702,23.972,23.683,23.926,4541085
2011-07-25,49.967,51.224,49.895,51.034,164189669,23.728,23.991,23.674,23.861,6591965
2011-07-26,51.224,51.803,51.182,51.659,132729065,23.88,24.069,23.845,23.973,5376716
2011-07-27,51.266,51.566,50.219,50.276,183392773,23.728,23.747,23.291,23.334,15035117
2011-07-28,50.152,50.84,49.703,50.176,165501080,23.306,23.559,23.218,23.296,11954388
2011-07-29,49.627,50.605,49.174,50.006,176122513,23.082,23.361,22.931,23.108,18310949
2011-08-01,50.968,51.161,50.249,50.808,170311809,23.39,23.47,22.825,23.093,13398897
2011-08-02,50.947,50.954,49.732,49.805,178043558,22.958,23.082,22.578,22.606,23590111
2011-08-03,50.083,50.397,48.951,50.273,204282731,22.618,22.907,22.315,22.841,24049961
2011-08-04,49.845,50.114,48.325,48.328,241636354,22.574,22.618,21.884,21.92,37629965
2011-08-05,48.651,49.111,46.432,47.846,335646044,22.063,22.171,21.141,21.788,36676072
2011-08-08,46.28,47.096,45.209,45.232,318020359,21.122,21.475,20.562,20.562,39647330
2011-08-09,46.33,47.974,45.462,47.897,301440424,20.829,21.508,20.253,21.499,46683671
2011-08-10,47.512,47.98,46.422,46.575,244802300,21.079,21.302,20.606,20.656,38249900
2011-08-11,47.452,48.081,46.706,47.855,206716645,20.973,21.724,20.855,21.447,35285486
2011-08-12,48.459,48.614,47.924,48.278,147400799,21.715,21.75,21.392,21.598,16288861
2011-08-15,48.62,49.301,48.418,49.1,128218830,21.759,22.012,21.661,22.004,23562267
2011-08-16,48.854,49.096,48.16,48.725,139019116,21.797,21.984,21.527,21.821,22595469
2011-08-17,48.967,49.241,48.407,48.719,122825663,21.807,22.004,21.499,21.724,24096518
2011-08-18,47.472,47.722,46.279,46.877,237102519,21.107,21.113,20.461,20.666,34560737
2011-08-19,46.323,46.999,45.588,45.592,216219314,20.399,20.775,20.123,20.168,38722038
2011-08-22,46.697,46.726,45.475,45.645,149071936,20.58,20.622,20.194,20.272,16336000
2011-08-23,46.141,47.849,45.718,47.844,182939544,20.414,21.034,20.347,21.016,10824891
2011-08-24,47.826,48.532,47.459,48.176,163242890,21.026,21.26,20.846,21.205,13094477
2011-08-25,46.743,48.081,46.742,47.858,242767964,21.205,21.302,20.829,20.9,22823906
2011-08-26,47.534,49.15,47.485,49.123,178673726,20.846,21.373,20.597,21.311,13528115
2011-08-29,49.709,50.135,49.687,49.939,112854433,21.527,21.857,21.517,21.849,18545363
2011-08-30,49.72,50.179,49.459,49.941,116360732,21.807,22.055,21.642,21.939,13926115
2011-08-31,50.07,50.211,48.902,49.282,145657843,22.055,22.21,21.702,21.882,6493410
2011-09-01,49.42,49.604,48.758,48.795,95695032,21.929,22.099,21.633,21.642,12643371
2011-09-02,48.017,48.407,47.617,47.901,122378780,21.28,21.386,21.071,21.169,7386924
2011-09-06,47.01,48.706,46.93,48.628,141829851,20.692,21.097,20.594,21.051,12766215
2011-09-07,49.356,49.378,48.919,49.168,97469791,21.364,21.599,21.311,21.599,12013602
2011-09-08,48.973,49.766,48.961,49.193,115834547,21.518,21.809,21.438,21.491,6411542
2011-09-09,49.191,49.433,48.025,48.341,157483238,21.33,21.447,20.924,21.033,18434147
2011-09-12,47.831,48.778,47.626,48.656,130245831,20.82,21.295,20.792,21.286,12566330
2011-09-13,48.938,49.459,48.695,49.254,122789824,21.382,21.599,21.24,21.537,10309712
2011-09-14,49.563,50.226,49.4,49.856,148981888,21.698,22.102,21.438,21.859,18773453
2011-09-15,50.145,50.413,49.931,50.322,115696168,22.072,22.253,21.902,22.209,8535787
2011-09-16,50.714,51.288,50.588,51.288,194047962,22.257,22.453,22.228,22.453,11151347
2011-09-19,50.828,52.918,50.611,52.714,229042385,22.138,22.489,21.987,22.399,5865423
2011-09-20,53.191,54.15,52.658,52.947,215933121,22.525,22.733,22.327,22.343,27518130
2011-09-21,53.75,53.988,52.762,52.779,168477126,22.434,22.606,22.005,22.014,24565853
2011-09-22,51.353,52.483,50.801,51.456,269774087,21.438,21.644,21.051,21.33,45871222
2011-09-23,51.257,52.088,51.206,51.776,152263430,21.25,21.634,21.176,21.574,29036167
2011-09-26,51.237,51.735,50.112,51.631,226515830,21.671,21.886,21.311,21.842,22816109
2011-09-27,52.373,52.409,50.974,51.129,176027843,22.219,22.453,21.997,22.12,24412904
2011-09-28,51.284,51.703,50.776,50.843,119722770,22.165,22.327,21.79,21.809,13716334
2011-09-29,51.478,51.508,49.459,50.017,181445267,22.12,22.212,21.418,21.761,21909178
2011-09-30,49.576,49.802,48.815,48.831,152700185,21.475,21.655,21.184,21.211,18533733
2011-10-03,48.709,49.004,47.789,47.973,186284083,21.043,21.356,20.71,20.737,26188517
2011-10-04,48.011,48.894,45.364,47.704,343735715,20.511,21.167,20.315,21.158,18886555
2011-10-05,47.108,48.64,46.141,48.44,219177331,21.112,21.634,20.943,21.599,14730187
2011-10-06,47.774,49.275,47.615,48.328,226333493,21.556,21.932,21.428,21.922,11867843
2011-10-07,48.121,48.375,47.189,47.356,149312946,21.949,22.066,21.706,21.842,5089092
2011-10-10,48.559,49.793,48.434,49.793,122947396,22.084,22.534,22.084,22.517,8977440
2011-10-11,50.274,51.633,50.135,51.262,168665435,22.434,22.669,22.382,22.614,11984940
2011-10-12,52.174,52.409,51.243,51.505,173321900,22.794,22.958,22.714,22.714,10695143
2011-10-13,51.87,52.304,51.591,52.304,118153365,22.698,22.983,22.641,22.967,6956027
2011-10-14,53.402,54.043,53.181,54.043,159450387,23.279,23.407,23.173,23.371,12798043
2011-10-17,53.968,54.645,53.264,53.786,190991217,23.324,23.333,22.903,23.002,7087302
2011-10-18,53.988,54.402,53.27,54.075,240888318,22.94,23.342,22.723,23.209,7442093
2011-10-19,51.411,52.302,50.943,51.05,307564028,23.072,23.118,22.714,22.759,13623203
2011-10-20,51.224,51.27,50.487,50.623,153130629,22.751,22.776,22.382,22.659,5476069
2011-10-21,51.008,51.114,50.04,50.311,172906566,22.912,23.063,22.776,22.948,10894729
2011-10-24,50.723,52.059,50.635,51.964,139963135,23.028,23.38,22.983,23.306,10564221
2011-10-25,51.873,52.065,50.889,50.939,119901221,23.244,23.252,22.875,22.94,9015340
2011-10-26,51.478,51.553,50.347,51.301,127051612,23.155,23.164,22.614,23.035,8338563
2011-10-27,52.229,52.378,51.465,51.826,137831561,23.596,23.871,23.416,23.72,11034693
2011-10-28,51.608,52.04,51.547,51.858,89898816,23.621,23.853,23.596,23.828,6982531
2011-10-31,51.494,52.418,51.359,51.838,107509269,23.52,23.656,23.368,23.377,3240428
2011-11-01,50.905,51.161,50.357,50.776,148177380,22.813,22.983,22.688,22.733,7598338
2011-11-02,51.245,51.28,50.599,50.893,91325063,23.019,23.108,22.838,23.011,5084969
2011-11-03,51.131,51.658,50.629,51.618,123096729,23.261,23.586,22.992,23.559,6521224
2011-11-04,51.528,51.663,51.116,51.256,84118437,23.383,23.49,23.194,23.419,3283245
2011-11-07,51.214,51.224,50.728,51.189,75203074,23.397,23.586,23.164,23.559,7100736
2011-11-08,51.508,52.248,51.423,52.023,111450134,23.738,23.853,23.494,23.828,5109424
2011-11-09,50.842,51.339,50.489,50.621,155503300,23.371,23.416,22.94,23.002,11564600
2011-11-10,50.856,50.869,48.939,49.334,207622351,23.289,23.296,22.875,23.072,6371583
2011-11-11,49.529,49.777,48.697,49.254,182195095,23.289,23.586,23.279,23.513,5494338
2011-11-14,49.187,49.337,48.432,48.57,120687460,23.459,23.568,23.271,23.333,3627990
2011-11-15,48.768,49.88,48.592,49.796,120066631,23.296,23.728,23.289,23.648,6049806
2011-11-16,49.873,50.092,49.217,49.274,97180914,23.459,23.674,23.252,23.296,9725283
2011-11-17,49.167,49.249,48.086,48.333,133785074,23.235,23.252,22.659,22.846,8399296
2011-11-18,48.524,48.663,48.009,48.017,103705732,22.83,22.875,22.632,22.659,5434971
2011-11-21,47.413,47.597,46.86,47.258,124808869,22.399,22.425,22.058,22.264,10472369
2011-11-22,47.547,48.398,47.503,48.217,114021111,22.219,22.343,22.048,22.228,5110407
2011-11-23,47.985,48.131,46.984,46.998,119387777,22.048,22.094,21.698,21.698,13947713
2011-11-25,47.151,47.532,46.528,46.56,71048015,21.671,21.895,21.583,21.583,5850893
2011-11-28,47.685,48.244,47.426,48.168,96542787,22.129,22.319,22.12,22.282,6131122
2011-11-29,48.101,48.515,47.409,47.794,104755245,22.309,22.453,22.12,22.174,5301728
2011-11-30,48.793,48.957,48.445,48.945,113089269,22.761,23.048,22.698,22.996,11245600
2011-12-01,48.977,49.817,48.762,49.678,106954755,22.967,23.2,22.967,23.155,6132080
2011-12-02,49.973,50.409,49.763,49.905,105667860,23.327,23.392,23.101,23.138,4809053
2011-12-05,50.39,50.763,49.994,50.328,99583616,23.459,23.568,23.279,23.397,5136848
2011-12-06,50.27,50.535,49.864,50.065,79031632,23.401,23.507,23.291,23.392,4498962
2011-12-07,49.905,50.064,49.53,49.828,84948476,23.299,23.507,23.101,23.401,3945699
2011-12-08,50.133,50.649,49.973,50.028,104844659,23.282,23.437,23.013,23.046,7583386
2011-12-09,50.291,50.463,50.077,50.407,82753983,23.111,23.454,23.092,23.411,6878407
2011-12-12,50.158,50.446,49.874,50.179,83412983,23.173,23.209,22.94,23.108,34544003
2011-12-13,50.309,50.635,49.573,49.793,94404265,23.264,23.345,22.822,22.895,13049476
2011-12-14,49.522,49.608,48.366,48.689,113224348,22.847,22.866,22.461,22.541,9950471
2011-12-15,49.09,49.143,48.447,48.53,71442867,22.768,22.784,22.471,22.481,6896545
2011-12-16,48.712,49.194,48.607,48.793,117455858,22.623,22.831,22.489,22.551,21820828
2011-12-19,48.98,49.285,48.725,48.947,65393948,22.623,22.679,22.264,22.334,11246474
2011-12-20,49.624,50.725,49.594,50.707,93898733,22.632,22.994,22.632,22.969,8529394
2011-12-21,50.778,50.88,50.202,50.767,73046809,22.804,22.804,22.327,22.588,8120667
2011-12-22,50.842,51.113,50.725,51.041,56284285,22.659,22.847,22.659,22.847,3619149
2011-12-23,51.184,51.683,51.161,51.649,75114441,22.847,23.074,22.847,23.074,4961459
2011-12-27,51.63,52.39,51.612,52.062,73888680,23.03,23.185,23.013,23.111,2683256
2011-12-28,52.108,52.282,51.397,51.566,63708896,23.111,23.12,22.814,22.876,4366984
2011-12-29,51.64,51.948,51.289,51.88,59990650,22.923,23.083,22.885,23.046,6523488
2011-12-30,51.671,52.028,51.67,51.865,50136156,23.024,23.125,22.98,22.98,3320977
2012-01-03,52.488,52.827,52.378,52.663,84271282,23.355,23.49,23.282,23.299,26579538
2012-01-04,52.516,53.105,52.414,52.946,72548556,23.291,23.411,23.166,23.365,3780442
2012-01-05,53.14,53.599,52.849,53.534,75572081,23.336,23.483,23.229,23.437,7484465
2012-01-06,53.757,54.138,53.687,54.094,88773291,23.454,23.498,23.336,23.444,5526363
2012-01-09,54.491,54.778,53.959,54.008,109831110,23.526,23.545,23.345,23.411,2894947
2012-01-10,54.541,54.553,53.978,54.2,72006166,23.634,23.679,23.49,23.49,4400267
2012-01-11,54.124,54.148,53.696,54.113,59991538,23.444,23.624,23.427,23.563,3163395
2012-01-12,54.08,54.154,53.624,53.963,59288947,23.643,23.697,23.483,23.679,5389398
2012-01-13,53.749,53.843,53.613,53.763,63044768,23.536,23.573,23.374,23.545,4285902
2012-01-17,54.323,54.551,54.163,54.386,67711941,23.715,23.818,23.6,23.652,4518138
2012-01-18,54.676,54.999,54.593,54.951,77112610,23.715,24.025,23.707,23.998,6712319
2012-01-19,55.09,55.24,54.62,54.778,72924928,24.14,24.223,24.094,24.168,6047644
2012-01-20,54.744,54.746,53.754,53.824,115317280,24.122,24.231,24.112,24.195,14361196
2012-01-23,54.122,54.868,54.083,54.734,85258042,24.24,24.402,24.122,24.275,32147464
2012-01-24,54.441,54.441,53.728,53.838,151563229,24.168,24.303,24.14,24.259,4919347
2012-01-25,58.195,58.197,56.826,57.201,267182941,24.482,24.519,24.231,24.447,19865444
2012-01-26,57.43,57.472,56.75,56.942,90359283,24.529,24.558,24.187,24.283,9651054
2012-01-27,56.889,57.435,56.831,57.28,83585001,24.195,24.349,24.195,24.283,9149670
2012-01-30,57.079,58.13,57.036,58.012,105670407,24.102,24.393,24.059,24.358,8526388
2012-01-31,58.365,58.682,58.02,58.459,109287526,24.503,24.522,24.265,24.403,5683033
2012-02-01,58.705,58.78,58.339,58.42,75172830,24.637,24.755,24.548,24.647,7214196
2012-02-02,58.383,58.548,58.139,58.283,52069108,24.708,24.811,24.647,24.69,5258136
2012-02-03,58.563,58.908,58.34,58.866,79960558,24.917,25.071,24.872,25.027,5841845
2012-02-06,58.701,59.546,58.676,59.416,69602482,24.952,25.053,24.89,25.035,5510764
2012-02-07,59.583,60.157,59.495,60.04,88094362,25.027,25.159,24.908,25.097,8183548
2012-02-08,60.252,61.058,60.15,61.045,113627149,25.152,25.279,25.071,25.251,9819493
2012-02-09,61.564,63.614,61.539,63.158,246303027,25.367,25.532,25.289,25.495,10507914
2012-02-10,62.881,63.726,62.565,63.189,175945151,25.315,25.358,25.215,25.306,4584256
2012-02-13,63.997,64.521,63.658,64.365,144163163,25.469,25.522,25.322,25.469,9328952
2012-02-14,64.608,65.257,64.289,65.242,128562424,25.44,25.532,25.306,25.513,4704746
2012-02-15,65.855,67.397,63.633,63.733,419648021,25.647,25.793,25.332,25.377,8757394
2012-02-16,62.943,64.658,62.319,64.314,263308348,25.349,25.773,25.34,25.748,11129777
2012-02-17,64.429,65.026,64.071,64.303,149304893,25.81,25.829,25.656,25.748,7288558
2012-02-21,64.935,65.932,64.559,65.932,168601389,25.793,25.974,25.702,25.856,10767124
2012-02-22,65.706,66.016,65.191,65.701,134675490,25.82,25.882,25.711,25.766,6104294
2012-02-23,65.963,66.314,65.248,66.129,158353395,25.721,25.91,25.594,25.865,4354867
2012-02-24,66.529,66.965,66.418,66.902,115772790,25.956,26.063,25.946,26.019,4369323
2012-02-27,66.733,67.682,66.113,67.331,152490708,25.891,26.135,25.757,26.063,5552194
2012-02-28,67.61,68.565,67.342,68.565,167187636,26.071,26.252,26.037,26.252,11198800
2012-02-29,69.318,70.129,68.602,69.466,265334683,26.258,26.376,26.04,26.139,11581724
2012-03-01,70.179,70.204,68.994,69.724,190434717,26.252,26.334,26.153,26.291,10718866
2012-03-02,69.723,70.024,69.477,69.818,120139889,26.285,26.356,26.184,26.256,9731457
2012-03-05,69.852,70.111,67.362,68.277,225402056,26.227,26.272,25.927,26.028,8026434
2012-03-06,67.1,68.345,66.106,67.905,225692077,25.775,25.831,25.631,25.775,12777139
2012-03-07,68.708,68.871,67.017,67.962,182629048,25.858,26.003,25.848,25.966,5997044
2012-03-08,68.507,69.536,68.145,69.408,143803822,26.112,26.285,26.047,26.23,5740155
2012-03-09,69.72,70.145,69.552,69.817,116715832,26.266,26.374,26.256,26.347,4797772
2012-03-12,70.306,70.69,70.049,70.69,113583532,26.308,26.405,26.252,26.379,5019530
2012-03-13,71.4,72.761,71.169,72.75,192666483,26.546,26.898,26.511,26.898,21059387
2012-03-14,74.022,76.162,73.687,75.502,395690066,26.917,27.117,26.827,26.999,10268063
2012-03-15,76.792,76.838,74.092,74.987,323412488,27.111,27.139,26.958,27.074,8169349
2012-03-16,74.876,75.454,74.019,74.989,230214534,27.136,27.145,27.018,27.062,7212526
2012-03-19,76.627,77.064,75.436,76.977,251339192,27.117,27.325,27.052,27.261,7318581
2012-03-20,76.765,77.721,74.532,77.601,227754910,27.127,27.27,27.027,27.236,6311280
2012-03-21,77.187,78.073,77.017,77.159,179612258,27.279,27.399,27.216,27.226,9743827
2012-03-22,76.553,77.412,76.264,76.753,174059708,27.088,27.236,27.062,27.161,8283614
2012-03-23,76.898,77.067,76.12,76.334,120050525,27.197,27.197,27.018,27.161,6643166
2012-03-26,76.81,77.753,76.23,77.731,166049661,27.342,27.568,27.279,27.559,13456792
2012-03-27,77.628,78.922,77.613,78.692,169120783,27.588,27.662,27.533,27.549,7108312
2012-03-28,79.191,79.584,78.157,79.095,182651334,27.549,27.652,27.315,27.452,7165164
2012-03-29,78.476,78.957,77.764,78.099,169337333,27.306,27.435,27.197,27.399,6334507
2012-03-30,77.961,78.189,76.574,76.779,203713476,27.488,27.516,27.235,27.315,8122374
2012-04-02,77.066,79.242,76.886,79.225,166688516,27.306,27.643,27.252,27.607,18116469
2012-04-03,80.333,80.962,79.72,80.591,232462865,27.669,27.732,27.442,27.588,7481754
2012-04-04,79.957,80.151,79.015,79.952,159628517,27.361,27.38,27.088,27.261,10168696
2012-04-05,80.292,81.275,79.832,81.099,141675996,27.17,27.352,27.145,27.325,3781474
2012-04-09,80.185,81.941,80.075,81.477,152048347,26.99,27.27,26.97,27.136,6363834
2012-04-10,81.952,82.472,80.167,80.48,247839768,27.145,27.252,26.691,26.755,15869435
2012-04-11,81.473,81.559,79.827,80.193,194150180,26.97,27.043,26.843,26.908,10275598
2012-04-12,80.038,80.85,79.463,79.753,171199452,26.97,27.27,26.944,27.243,10013767
2012-04-13,79.926,80.001,77.287,77.507,239666018,27.17,27.17,26.79,26.817,11626834
2012-04-16,78.125,78.153,74.051,74.292,292895119,26.97,26.98,26.492,26.538,22877465
2012-04-17,74.139,78.116,73.238,78.08,285907107,26.626,27.161,26.617,27.117,11338321
2012-04-18,78.593,79.432,77.183,77.905,265988323,26.964,27.035,26.827,26.89,7916347
2012-04-19,76.865,77.443,74.855,75.23,232616632,26.827,27.07,26.465,26.617,21235104
2012-04-20,75.734,76.148,73.048,73.377,287419933,26.727,26.835,26.492,26.518,12723866
2012-04-23,73.071,73.849,71.281,73.214,269440442,26.312,26.383,26.084,26.312,16345919
2012-04-24,72.051,72.7,71.074,71.75,298806670,26.285,26.445,26.156,26.256,10627011
2012-04-25,78.841,79.14,77.606,78.116,252408247,26.827,27.018,26.827,26.999,15849879
2012-04-26,78.666,78.718,77.111,77.823,149379716,26.99,27.261,26.99,27.207,10464400
2012-04-27,77.487,77.628,76.901,77.22,113431674,27.243,27.288,27.088,27.197,5523679
2012-04-30,76.555,76.633,74.662,74.783,141045190,27.161,27.178,26.977,27.016,11109459
2012-05-01,74.904,76.422,74.434,74.55,170331260,26.99,27.37,26.954,27.098,12893958
2012-05-02,74.306,75.225,74.13,75.042,119895853,26.954,27.127,26.89,27.117,7089859
2012-05-03,75.622,75.736,74.314,74.508,111532735,27.161,27.17,26.817,26.89,9268760
2012-05-04,73.901,74.065,72.376,72.385,148216462,26.653,26.7,26.319,26.328,13353164
2012-05-07,71.907,73.349,71.873,72.931,129219230,26.166,26.39,26.119,26.256,8924301
2012-05-08,72.942,73.189,71.553,72.761,139977993,26.119,26.238,25.831,26.166,11234372
2012-05-09,72.187,73.504,71.824,72.89,134016919,25.893,26.293,25.794,26.166,11553025
2012-05-10,73.582,73.749,72.796,73.06,95030992,26.201,26.22,25.912,25.966,9543770
2012-05-11,72.355,73.567,72.273,72.572,111140951,25.912,26.266,25.874,25.985,7521177
2012-05-14,72.045,72.677,71.407,71.486,99661109,25.803,25.958,25.722,25.759,14643282
2012-05-15,71.901,72.126,70.658,70.84,132751937,25.821,25.994,25.631,25.686,9320581
2012-05-16,70.952,71.316,69.288,69.932,157929227,25.803,25.821,25.45,25.479,14143085
2012-05-17,69.835,70.114,67.888,67.888,171977014,25.504,25.557,25.106,25.115,9007921
2012-05-18,68.381,69.591,66.871,67.922,204140944,25.215,25.297,24.826,24.879,13603812
2012-05-21,68.449,71.911,68.391,71.88,178418391,24.933,25.504,24.879,25.495,9442627
2012-05-22,72.939,73.492,70.764,71.326,193655248,25.576,25.648,25.269,25.414,8210463
2012-05-23,71.396,73.353,70.846,73.066,163963929,25.224,25.514,24.988,25.44,9626479
2012-05-24,73.748,73.828,71.873,72.393,119668412,25.514,25.523,25.106,25.297,6414861
2012-05-25,72.305,72.464,71.519,72.009,91485862,25.279,25.341,25.187,25.242,5526329
2012-05-29,73.11,73.507,72.392,73.286,106056526,25.504,25.686,25.396,25.576,8104101
2012-05-30,72.892,74.275,72.554,74.17,147575076,25.349,25.495,25.269,25.414,6082374
2012-05-31,74.371,74.468,73.183,73.985,137139854,25.37,25.454,25.115,25.299,13163477
2012-06-01,72.887,73.334,71.782,71.844,145222442,24.857,25.004,24.639,24.639,13265375
2012-06-04,71.907,72.677,70.24,72.264,155252189,24.716,24.835,24.489,24.78,8547076
2012-06-05,71.879,72.543,71.499,72.08,108188875,24.711,24.956,24.683,24.93,7876830
2012-06-06,72.71,73.488,72.418,73.183,102652353,25.103,25.532,25.093,25.504,7018116
2012-06-07,73.929,73.933,73.058,73.217,105884325,25.749,25.758,25.356,25.375,7376711
2012-06-08,73.203,74.351,72.866,74.317,96831448,25.356,25.676,25.286,25.657,8397069
2012-06-11,75.263,75.365,73.074,73.145,164804407,25.866,25.884,25.251,25.297,14970499
2012-06-12,73.567,73.842,72.571,73.784,121431894,25.348,25.575,25.203,25.548,8843311
2012-06-13,73.574,74.083,73.044,73.272,81907980,25.512,25.638,25.321,25.395,12536725
2012-06-14,73.155,73.445,72.644,73.193,96403492,25.414,25.614,25.251,25.523,11682889
2012-06-15,73.123,73.586,72.939,73.523,93389881,25.621,25.858,25.585,25.794,16059972
2012-06-18,73.117,75.284,73.042,75.015,122695162,25.712,26.085,25.676,25.985,9514404
2012-06-19,74.712,75.555,74.672,75.226,100721665,26.12,26.294,26.094,26.185,7210651
2012-06-20,75.326,75.461,74.378,75.011,100128718,26.222,26.312,26.022,26.232,10427775
2012-06-21,74.973,75.328,73.948,73.979,91018536,26.212,26.248,25.575,25.613,6790335
2012-06-22,74.153,74.556,73.689,74.546,79368233,25.702,25.921,25.647,25.894,15688853
2012-06-25,73.93,74.25,73.042,73.093,79747477,25.657,25.657,25.321,25.365,4964621
2012-06-26,73.168,73.57,72.654,73.255,77136810,25.439,25.532,25.286,25.468,6181724
2012-06-27,73.636,73.858,73.24,73.571,56600431,25.575,25.695,25.512,25.621,8180409
2012-06-28,73.21,73.507,72.433,72.871,78906736,25.449,25.486,25.121,25.412,11600121
2012-06-29,74.019,74.785,73.539,74.785,117433735,25.845,26.156,25.781,26.119,9898465
2012-07-02,74.883,76.002,74.737,75.88,111514548,26.194,26.277,26.066,26.267,9317431
2012-07-03,76.182,76.837,76.071,76.762,67409572,26.248,26.476,26.232,26.476,3768770
2012-07-05,76.909,78.674,76.793,78.109,135015162,26.411,26.611,26.304,26.476,7770143
2012-07-06,77.747,77.918,77.038,77.591,116839858,26.304,26.304,25.902,26.085,7591474
2012-07-09,77.516,78.616,77.362,78.615,105738948,26.022,26.085,25.874,26.032,8050719
2012-07-10,79.136,79.382,77.517,77.887,142529946,26.129,26.222,25.647,25.74,8017967
2012-07-11,77.62,77.818,76.481,77.404,130794921,25.722,25.784,25.412,25.621,8625192
2012-07-12,76.868,77.281,75.901,76.697,119281197,25.439,25.478,25.157,25.365,10732340
2012-07-13,77.214,77.759,76.837,77.474,86874978,25.421,25.767,25.412,25.702,7577369
2012-07-16,77.493,78.323,77.481,77.722,84028911,25.702,25.803,25.621,25.676,5180608
2012-07-17,78.22,78.31,77.24,77.728,81901129,25.84,25.858,25.458,25.775,9218957
2012-07-18,77.681,77.905,77.293,77.637,70373779,25.773,26.286,25.755,26.221,8942068
2012-07-19,78.281,78.802,77.606,78.673,121700750,26.385,26.54,26.349,26.448,10825970
2012-07-20,78.507,78.688,77.312,77.389,110788366,26.402,26.429,26.129,26.147,17273697
2012-07-23,76.12,77.594,75.262,77.329,135964917,25.702,25.985,25.504,25.894,7176665
2012-07-24,77.783,78.076,76.646,76.955,156714649,25.901,25.965,25.463,25.626,8662461
2012-07-25,73.567,74.378,72.996,73.633,244598938,25.449,25.695,25.375,25.532,9052536
2012-07-26,74.244,74.327,73.041,73.62,113411792,25.902,26.032,25.775,25.921,7747394
2012-07-27,73.637,75.022,73.202,74.938,112654849,26.066,26.531,25.995,26.485,10051759
2012-07-30,75.677,76.765,75.277,76.201,105688963,26.521,26.695,26.438,26.495,9817943
2012-07-31,77.252,78.333,77.183,78.217,128854850,26.569,26.75,26.549,26.603,9613181
2012-08-01,78.876,78.937,77.219,77.709,107181633,26.777,26.777,26.42,26.513,10031150
2012-08-02,77.198,78.207,76.869,77.833,92638591,26.294,26.637,26.202,26.34,7292529
2012-08-03,78.583,79.139,78.317,78.848,96106259,26.794,26.939,26.676,26.857,9006363
2012-08-06,79.052,80.022,78.79,79.726,84263406,26.959,27.166,26.939,27.047,12450728
2012-08-07,79.753,80.038,79.145,79.515,81000819,27.141,27.339,27.103,27.232,8455062
2012-08-08,79.318,79.895,79.029,79.381,68092939,27.175,27.312,27.132,27.241,9414013
2012-08-09,79.463,79.962,79.456,79.832,61563343,27.284,27.376,27.222,27.331,4832541
2012-08-10,79.574,79.966,79.573,79.959,54142786,27.241,27.406,27.184,27.396,12574842
2012-08-13,80.177,81.026,80.159,81.026,77330902,27.396,27.484,27.284,27.474,5729408
2012-08-14,81.266,82.136,81.052,81.243,94400781,27.556,27.566,27.339,27.422,6965110
2012-08-15,81.193,81.539,80.736,81.132,71471229,27.432,27.493,27.386,27.432,6215113
2012-08-16,81.182,81.896,81.088,81.841,70708281,27.575,27.851,27.539,27.803,7884097
2012-08-17,82.313,83.363,82.157,83.353,122891350,27.851,27.966,27.823,27.957,8947260
2012-08-20,83.596,85.547,83.585,85.547,170259907,27.93,28.021,27.842,27.986,8904797
2012-08-21,86.276,86.796,83.639,84.377,225254471,28.095,28.148,27.72,27.803,11135037
2012-08-22,84.165,86.041,83.353,86.025,156877150,27.74,27.921,27.641,27.851,20402582
2012-08-23,85.668,86.155,85.032,85.222,116606271,27.73,27.793,27.556,27.624,7761626
2012-08-24,84.822,86.103,84.312,85.297,120072048,27.53,27.842,27.466,27.793,6881675
2012-08-27,87.452,87.57,86.626,86.903,118473315,27.911,27.93,27.767,27.823,5305447
2012-08-28,86.81,86.954,86.256,86.785,74150624,27.793,27.859,27.676,27.757,8652471
2012-08-29,86.847,87.157,86.503,86.616,56244743,27.793,27.894,27.702,27.813,5269924
2012-08-30,86.253,86.368,85.25,85.38,83999199,27.685,27.72,27.484,27.503,6622353
2012-08-31,85.816,85.99,84.53,85.559,93912572,27.707,27.809,27.436,27.717,7270756
2012-09-04,85.624,86.831,85.463,86.809,102073975,27.689,27.799,27.453,27.717,7485587
2012-09-05,86.889,86.985,86.119,86.2,93331425,27.697,27.828,27.637,27.689,9667043
2012-09-06,86.577,87.234,86.273,86.974,108639222,27.89,28.319,27.855,28.311,8683844
2012-09-07,87.204,87.775,86.915,87.512,91480196,28.231,28.319,28.164,28.266,8802337
2012-09-10,87.513,87.88,85.153,85.237,135388853,28.214,28.295,27.966,27.966,6889727
2012-09-11,85.541,86.181,84.433,84.962,139860956,28.014,28.185,27.995,28.041,5848183
2012-09-12,85.765,86.155,84.37,86.142,197668083,28.157,28.223,28.021,28.194,5710008
2012-09-13,87.12,88.163,86.781,87.841,166050817,28.223,28.687,28.204,28.573,9700220
2012-09-14,88.738,89.64,88.471,88.907,166659568,28.648,28.839,28.62,28.714,11333143
2012-09-17,89.944,90.0,89.335,89.997,110528823,28.733,28.758,28.639,28.741,4196336
2012-09-18,90.012,90.327,89.568,90.275,103615560,28.677,28.758,28.667,28.758,5839080
2012-09-19,90.063,90.541,89.973,90.297,90703419,28.741,28.857,28.686,28.785,18967097
2012-09-20,89.921,90.036,89.207,89.86,93373157,28.686,28.767,28.583,28.733,7847724
2012-09-21,90.336,90.68,89.945,90.04,158597399,28.857,28.943,28.714,28.767,9824019
2012-09-24,88.338,89.402,87.843,88.846,177515299,28.548,28.629,28.476,28.583,5127473
2012-09-25,88.518,89.101,86.555,86.626,143990474,28.648,28.677,28.173,28.182,5958410
2012-09-26,86.007,86.515,85.036,85.551,160104730,28.127,28.145,27.828,27.982,8095669
2012-09-27,85.436,87.735,84.929,87.626,164862285,28.02,28.402,27.992,28.345,5310856
2012-09-28,87.294,87.599,85.753,85.797,148520167,28.271,28.37,28.097,28.141,8897877
2012-10-01,86.318,87.037,84.433,84.807,150857426,28.257,28.412,28.011,28.083,16350668
2012-10-02,85.117,85.7,83.68,85.05,174320895,28.211,28.257,27.908,28.118,8234473
2012-10-03,85.51,86.41,85.223,86.356,117741381,28.211,28.328,28.083,28.266,5770978
2012-10-04,86.33,86.716,85.596,85.759,102893871,28.293,28.402,28.164,28.345,4340568
2012-10-05,85.554,85.655,83.763,83.931,164861476,28.476,28.504,28.127,28.202,5015476
2012-10-08,83.197,83.285,81.811,82.077,177093384,28.001,28.083,27.864,27.908,19258168
2012-10-09,82.139,82.373,80.196,81.776,232772786,27.855,27.873,27.469,27.551,16961050
2012-10-10,82.28,82.951,81.925,82.429,141614440,27.561,27.609,27.39,27.443,14559062
2012-10-11,83.144,83.238,80.782,80.782,151561751,27.645,27.655,27.334,27.334,7557143
2012-10-12,80.969,81.718,80.421,80.99,127697746,27.342,27.478,27.26,27.315,7818702
2012-10-15,81.328,81.684,80.234,81.638,120015938,27.38,27.488,27.215,27.453,5661952
2012-10-16,81.717,83.635,81.154,83.571,152612285,27.488,27.855,27.488,27.828,12295735
2012-10-17,83.452,83.957,82.828,82.903,108046799,27.599,27.772,27.543,27.681,11608938
2012-10-18,82.258,82.578,81.026,81.366,132300097,27.609,27.707,27.26,27.361,13419284
2012-10-19,81.161,81.254,78.404,78.434,206563056,27.342,27.342,26.741,26.741,14067719
2012-10-22,78.765,81.718,78.551,81.544,151713892,26.741,26.987,26.686,26.924,6669430
2012-10-23,81.154,81.527,78.673,78.885,196244630,26.741,26.887,26.595,26.63,11568993
2012-10-24,79.925,80.582,78.536,79.33,154980421,26.713,26.787,26.429,26.476,7001673
2012-10-25,79.737,79.997,77.88,78.393,181812810,26.637,26.676,26.32,26.419,5735092
2012-10-26,78.379,78.967,76.008,77.681,282744263,26.384,26.586,26.221,26.467,10616790
2012-10-31,76.509,77.418,75.585,76.565,141622825,26.457,26.495,26.276,26.357,21287450
2012-11-01,76.938,77.552,76.417,76.722,100370713,26.495,26.814,26.438,26.787,7566358
2012-11-02,76.639,76.774,73.92,74.185,166440141,26.868,26.904,26.411,26.438,10005346
2012-11-05,75.047,75.595,74.286,75.191,146954789,26.457,26.647,26.392,26.586,6591956
2012-11-06,75.91,75.976,74.607,74.962,104065398,26.704,26.894,26.637,26.704,6649108
2012-11-07,74.139,74.231,71.803,72.094,219105455,26.419,26.429,25.965,26.038,11061138
2012-11-08,72.433,72.639,69.158,69.477,291720281,26.119,26.201,25.653,25.663,10365667
2012-11-09,69.823,71.689,68.955,70.678,257020990,25.644,26.038,25.626,25.781,15767939
2012-11-12,71.597,71.639,69.594,70.135,142539425,25.865,25.919,25.653,25.746,5599403
2012-11-13,69.629,71.123,69.298,70.143,147344021,25.552,25.855,25.482,25.617,10882762
2012-11-14,70.478,70.731,69.275,69.365,131818638,25.737,25.791,25.308,25.36,16704933
2012-11-15,69.448,69.701,67.523,67.91,218229394,25.38,25.482,25.134,25.216,9802778
2012-11-16,67.856,68.478,65.34,68.177,350204372,25.243,25.343,24.84,25.253,9499384
2012-11-19,69.859,73.32,69.752,73.09,227389256,25.561,25.965,25.544,25.946,12023519
2012-11-20,73.892,73.896,71.65,72.47,177617260,25.909,25.919,25.6,25.837,15840713
2012-11-21,72.901,73.302,71.911,72.569,103124238,25.845,25.974,25.808,25.919,11061982
2012-11-23,73.279,73.901,72.69,73.837,75416902,26.083,26.357,26.046,26.339,9075466
2012-11-26,74.406,76.227,74.123,76.166,174030221,26.293,26.457,26.192,26.457,8838533
2012-11-27,76.169,76.28,74.949,75.553,147326954,26.429,26.513,26.276,26.339,11777668
2012-11-28,74.582,75.684,73.936,75.314,143999894,26.165,26.513,26.02,26.495,12340245
2012-11-29,76.256,76.776,75.615,76.145,142187251,26.62,26.713,26.505,26.62,14809465
2012-11-30,75.741,76.021,75.28,75.619,108075345,26.61,26.666,26.503,26.594,6902601
2012-12-03,76.699,76.821,75.645,75.734,100626197,26.76,26.831,26.531,26.559,8660304
2012-12-04,75.165,75.17,73.919,74.401,154110067,26.559,26.578,26.376,26.513,11678357
2012-12-05,73.503,73.547,69.611,69.613,288540981,26.457,26.457,26.083,26.247,13788433
2012-12-06,68.338,71.486,67.006,70.703,325279989,26.175,26.467,26.064,26.402,10531554
2012-12-07,71.498,71.73,68.478,68.895,217634858,26.531,26.559,26.156,26.266,25983078
2012-12-10,67.829,69.575,67.385,68.452,174216164,26.201,26.457,26.184,26.329,15041032
2012-12-11,69.737,71.003,69.427,69.948,163451165,26.54,26.839,26.495,26.686,10866903
2012-12-12,70.773,70.8,69.288,69.639,134581946,26.814,26.831,26.578,26.637,7180036
2012-12-13,68.625,69.462,67.932,68.436,172750127,26.603,26.722,26.357,26.447,9617848
2012-12-14,66.504,66.942,65.323,65.862,278959027,26.276,26.357,26.119,26.192,10039975
2012-12-17,65.755,67.182,64.759,67.032,209577804,26.192,26.521,26.184,26.513,9653653
2012-12-18,67.829,69.111,67.215,68.978,172789056,26.63,26.932,26.54,26.904,12095472
2012-12-19,68.665,68.952,67.893,68.001,124129447,26.96,26.987,26.76,26.769,10010738
2012-12-20,68.478,68.502,67.039,67.407,131211299,26.787,26.859,26.63,26.814,7782197
2012-12-21,66.217,67.141,65.921,67.098,164854230,26.465,26.619,26.373,26.585,14755578
2012-12-24,67.229,67.735,67.017,67.204,48581683,26.511,26.557,26.455,26.511,2825104
2012-12-26,67.055,67.115,66.037,66.278,83532447,26.511,26.593,26.253,26.363,4600957
2012-12-27,66.348,66.697,65.2,66.547,125717789,26.346,26.408,25.997,26.336,11701533
2012-12-28,65.928,66.469,65.649,65.839,97870604,26.123,26.31,26.015,26.043,8988084
2012-12-31,65.903,69.172,65.764,68.754,182167904,25.976,26.604,25.937,26.495,16537947
2013-01-02,71.553,71.705,69.978,70.935,154865509,27.198,27.393,27.07,27.374,16380189
2013-01-03,70.745,71.017,69.896,70.039,97488400,27.354,27.43,27.117,27.198,10661006
2013-01-04,69.375,69.591,67.936,68.088,164191192,27.171,27.198,26.997,27.088,7273881
2013-01-07,67.446,68.386,66.566,67.689,133721724,27.007,27.117,26.895,27.051,8372220
2013-01-08,68.375,68.721,67.346,67.871,126651168,27.051,27.108,26.804,26.952,6060440
2013-01-09,67.533,67.83,66.664,66.808,112611881,26.978,27.051,26.942,26.997,12631636
2013-01-10,68.287,68.31,66.607,67.636,166038770,27.189,27.198,26.905,27.136,10601772
2013-01-11,67.331,67.872,67.057,67.222,96900287,27.127,27.208,27.07,27.171,5508051
2013-01-14,64.945,65.568,64.407,64.827,202815867,26.988,27.061,26.895,26.997,10597661
2013-01-15,64.382,64.47,62.452,62.781,242045402,26.878,26.878,26.721,26.823,8803679
2013-01-16,63.907,65.82,63.63,65.383,190827569,26.839,27.026,26.804,26.914,9569897
2013-01-17,65.931,65.99,64.862,64.945,125178052,27.051,27.127,26.997,27.026,6918546
2013-01-18,64.407,64.887,64.133,64.601,130744810,26.924,26.997,26.849,26.988,8429430
2013-01-22,65.188,65.617,64.165,65.216,127334286,27.007,27.061,26.859,27.061,6970275
2013-01-23,65.739,66.537,65.216,66.411,237111514,27.309,27.447,27.273,27.346,10331815
2013-01-24,59.431,60.171,58.17,58.204,403617999,26.914,27.127,26.839,26.878,14569210
2013-01-25,58.359,58.944,56.203,56.834,333813084,26.978,27.079,26.869,26.905,17651112
2013-01-28,56.566,58.556,56.313,58.12,216935263,26.952,27.088,26.887,26.997,7856236
2013-01-29,59.238,59.458,58.413,59.208,157788647,26.952,27.098,26.823,27.034,7395817
2013-01-30,59.044,59.766,58.721,59.022,115265298,27.017,27.136,26.914,26.952,6494059
2013-01-31,59.041,59.339,58.783,58.846,88226409,27.042,27.199,26.968,26.997,5899430
2013-02-01,59.317,59.365,57.926,58.607,149077967,27.228,27.364,27.127,27.3,7974275
2013-02-04,58.644,58.907,57.107,57.148,131820063,27.208,27.244,26.924,26.942,11850324
2013-02-05,57.37,59.398,57.135,59.151,158410285,27.042,27.354,27.017,27.254,10486717
2013-02-06,58.975,60.271,58.473,59.09,163969146,27.171,27.354,27.136,27.244,8099727
2013-02-07,60.203,61.076,59.014,60.845,193075926,27.273,27.3,26.988,27.244,10818513
2013-02-08,61.597,62.222,60.849,61.725,173919690,27.354,27.546,27.346,27.482,9945453
2013-02-11,61.921,63.017,61.501,62.369,142116427,27.52,27.565,27.43,27.539,7008377
2013-02-12,62.313,62.688,60.784,60.804,167111380,27.512,27.565,27.403,27.447,5846761
2013-02-13,60.716,61.548,60.198,60.689,130528184,27.457,27.546,27.354,27.439,9800552
2013-02-14,60.365,61.289,60.301,60.634,97666569,27.28,27.403,27.237,27.364,6936957
2013-02-15,60.927,61.098,59.766,59.798,107675202,27.384,27.482,27.263,27.346,5457767
2013-02-19,59.921,60.133,58.98,59.776,119714613,27.393,27.529,27.393,27.529,5029663
2013-02-20,59.479,59.479,58.322,58.329,130823949,27.52,27.539,27.146,27.153,7255116
2013-02-21,57.958,58.37,57.544,57.966,122781947,27.061,27.079,26.839,26.933,18111890
2013-02-22,58.381,58.685,58.036,58.584,90807897,27.117,27.273,27.017,27.263,9444610
2013-02-25,58.98,59.142,57.512,57.541,102261994,27.411,27.502,26.859,26.878,8798318
2013-02-26,57.678,58.678,56.874,58.346,137689988,26.952,27.088,26.823,27.034,8286769
2013-02-27,58.274,58.795,57.262,57.772,161369210,26.997,27.403,26.968,27.263,8983957
2013-02-28,57.705,58.201,57.36,57.36,88603115,27.272,27.448,27.207,27.207,7258424
2013-03-01,56.919,56.944,55.878,55.942,151714021,27.089,27.32,26.951,27.255,5995162
2013-03-04,55.593,55.645,54.452,54.585,159925050,27.171,27.354,27.136,27.336,5443544
2013-03-05,54.772,56.554,54.677,56.027,175360752,27.494,27.78,27.494,27.716,13544168
2013-03-06,56.465,56.563,55.157,55.314,126449262,27.809,27.819,27.653,27.696,7813435
2013-03-07,55.167,56.141,54.718,55.954,128660807,27.706,27.809,27.67,27.762,5801049
2013-03-08,55.854,56.585,55.699,56.103,107598393,27.891,27.891,27.734,27.819,6523299
2013-03-11,55.842,57.049,55.248,56.9,130331904,27.758,27.897,27.676,27.879,5846281
2013-03-12,56.609,57.031,55.564,55.676,128044372,27.809,27.856,27.662,27.78,5283929
2013-03-13,55.679,56.464,55.276,55.666,111528781,27.772,27.873,27.67,27.762,5973527
2013-03-14,56.247,56.481,55.939,56.206,83512928,27.856,27.984,27.856,27.965,6268839
2013-03-15,56.909,57.727,56.823,57.657,176977045,27.965,27.984,27.772,27.847,10688431
2013-03-18,57.366,59.448,57.336,59.221,166598826,27.627,27.974,27.587,27.856,6694333
2013-03-19,59.714,59.903,58.283,59.06,144771276,27.927,27.984,27.587,27.819,7890994
2013-03-20,59.442,59.472,58.423,58.75,84828139,27.974,28.021,27.873,27.955,7924677
2013-03-21,58.507,59.516,58.49,58.833,105328271,27.679,27.752,27.577,27.643,6286911
2013-03-22,59.073,60.052,58.882,60.027,108585162,27.716,27.856,27.687,27.819,3697451
2013-03-25,60.386,61.069,60.009,60.243,137724822,27.936,27.984,27.653,27.752,4961923
2013-03-26,60.484,60.537,59.846,59.926,80879706,27.891,27.936,27.828,27.927,4581991
2013-03-27,59.317,59.364,58.574,58.75,91080036,27.734,27.873,27.687,27.856,7841794
2013-03-28,58.456,58.715,57.389,57.523,121743329,27.789,27.936,27.743,27.909,8053470
2013-04-01,57.459,57.663,55.584,55.74,107028495,27.936,27.936,27.653,27.724,5021414
2013-04-02,55.568,56.939,55.413,55.852,145557726,27.828,27.955,27.772,27.838,4574458
2013-04-03,56.057,56.827,55.92,56.138,99768431,27.865,27.909,27.568,27.617,9190151
2013-04-04,56.368,56.529,55.262,55.582,98519648,27.617,27.679,27.494,27.627,6112359
2013-04-05,55.167,55.221,54.537,54.995,105265358,27.245,27.458,27.172,27.412,7605478
2013-04-08,55.211,55.555,54.905,55.389,82705260,27.432,27.531,27.33,27.531,6857649
2013-04-09,55.407,55.685,54.939,55.488,84281124,27.597,27.799,27.475,27.724,6474867
2013-04-10,55.645,56.797,55.363,56.621,103269685,27.799,28.244,27.78,28.215,11446118
2013-04-11,56.364,56.918,56.035,56.442,90264574,28.066,28.158,28.003,28.121,6771090
2013-04-12,56.42,56.42,55.761,55.854,65581532,27.994,28.076,27.819,28.003,6235637
2013-04-15,55.491,55.605,54.521,54.56,87163362,27.9,27.955,27.54,27.54,17809830
2013-04-16,54.783,55.438,54.656,55.392,83893729,27.743,27.918,27.67,27.882,9023524
2013-04-17,54.616,54.661,51.735,52.346,259637011,27.636,27.653,27.189,27.31,13065099
2013-04-18,52.624,52.732,50.648,50.946,183049763,27.432,27.44,26.951,27.026,17106585
2013-04-19,50.417,51.929,50.043,50.749,167392732,26.968,27.162,26.831,27.061,9338052
2013-04-22,51.071,52.267,50.847,51.81,118083211,27.146,27.347,27.026,27.274,7940393
2013-04-23,52.501,53.069,51.827,52.778,181573630,27.405,27.67,27.32,27.568,13506905
2013-04-24,51.142,53.961,51.005,52.69,266505649,27.395,27.687,27.366,27.617,6016950
2013-04-25,53.439,53.793,52.891,53.069,105544301,27.679,27.856,27.643,27.706,7015898
2013-04-26,53.255,54.42,53.051,54.216,210008006,27.662,27.78,27.587,27.696,5820946
2013-04-29,54.653,56.35,54.578,55.895,175893584,27.762,28.167,27.762,28.095,8954261
2013-04-30,56.543,57.862,56.147,57.538,189945171,28.132,28.413,28.069,28.403,14528720
2013-05-01,57.756,57.82,56.451,57.087,139335780,28.359,28.399,28.121,28.149,9423951
2013-05-02,57.411,58.295,57.259,57.897,115954547,28.186,28.546,28.177,28.511,6956243
2013-05-03,58.647,58.897,58.368,58.475,99336255,28.75,28.84,28.713,28.776,11311545
2013-05-06,59.22,60.064,59.039,59.87,136422129,28.848,28.954,28.812,28.916,7854606
2013-05-07,60.425,60.527,58.958,59.604,132861539,28.936,28.978,28.75,28.897,6811542
2013-05-08,59.653,60.476,59.234,60.277,129824587,28.868,29.138,28.812,29.128,9211525
2013-05-09,60.149,60.565,59.596,59.751,108809587,29.071,29.218,28.963,29.042,11131788
2013-05-10,59.908,60.136,58.929,59.255,91374242,29.099,29.175,28.988,29.128,5093351
2013-05-13,59.062,59.9,59.06,59.488,86536358,29.099,29.138,29.007,29.051,5133076
2013-05-14,59.371,59.545,57.838,58.064,122016276,29.024,29.246,29.024,29.147,7996834
2013-05-15,57.449,57.69,55.249,56.098,202406194,29.128,29.246,29.061,29.236,6961505
2013-05-16,55.367,57.276,54.796,56.849,164727339,29.311,29.571,29.301,29.395,9924631
2013-05-17,57.435,57.568,56.382,56.674,116841489,29.503,29.698,29.431,29.689,18643069
2013-05-20,56.497,58.316,56.261,57.94,123157148,29.616,29.791,29.589,29.689,8775245
2013-05-21,57.315,58.274,56.799,57.512,124551615,29.626,29.689,29.485,29.597,9093439
2013-05-22,58.088,58.649,57.324,57.733,120995087,29.645,29.772,29.157,29.273,15626736
2013-05-23,57.026,58.365,57.007,57.837,96414361,29.024,29.369,28.963,29.264,18453100
2013-05-24,57.672,58.298,57.603,58.233,75413013,29.071,29.236,29.014,29.218,5722799
2013-05-28,58.85,59.012,57.672,57.743,105341929,29.541,29.635,29.291,29.359,6839040
2013-05-29,57.557,58.54,57.478,58.204,90271911,29.209,29.378,29.069,29.282,8926941
2013-05-30,58.297,59.455,58.147,59.072,96536505,29.311,29.589,29.273,29.468,9584729
2013-05-31,59.193,59.794,58.801,58.83,104896197,29.361,29.621,29.175,29.193,7555512
2013-06-03,58.961,59.174,57.885,58.96,101611562,29.228,29.349,29.024,29.34,10850566
2013-06-04,59.286,59.445,58.525,58.777,81219730,29.368,29.523,29.126,29.209,10057768
2013-06-05,58.297,58.96,58.042,58.227,79253126,29.136,29.209,28.885,28.923,8597672
2013-06-06,58.273,58.473,56.779,57.355,113844438,28.933,29.031,28.682,28.985,15974077
2013-06-07,57.099,57.98,56.612,57.794,110478249,29.136,29.282,28.985,29.254,7061908
2013-06-10,58.175,58.747,57.139,57.413,122922550,29.369,29.441,29.273,29.321,6931401
2013-06-11,57.001,57.919,56.683,57.24,78124569,29.049,29.31,28.976,29.012,7925750
2013-06-12,57.492,57.72,56.447,56.536,72410954,29.175,29.228,28.758,28.821,9707739
2013-06-13,56.576,57.184,56.086,57.027,78073763,28.767,29.21,28.723,29.157,8251921
2013-06-14,56.956,57.073,56.053,56.254,74231979,29.116,29.209,28.903,28.933,6267925
2013-06-17,56.439,56.995,56.297,56.51,70826350,29.118,29.379,29.081,29.202,7145433
2013-06-18,56.453,56.888,56.276,56.48,53253269,29.254,29.503,29.235,29.431,6853085
2013-06-19,56.433,56.465,55.334,55.334,84900606,29.458,29.468,29.069,29.089,12172945
2013-06-20,54.851,55.726,54.31,54.528,97571131,28.782,28.923,28.383,28.448,17115996
2013-06-21,54.743,54.941,53.384,54.093,131373254,28.488,28.524,28.079,28.273,13069712
2013-06-24,53.292,53.458,52.068,52.656,131201439,28.023,28.124,27.743,27.929,12070856
2013-06-25,53.07,53.345,52.173,52.668,85798615,28.219,28.273,27.986,28.161,8917632
2013-06-26,52.837,52.952,51.758,52.07,100421751,28.439,28.448,28.247,28.327,22090022
2013-06-27,52.225,52.507,51.478,51.511,92086911,28.498,28.615,28.448,28.468,7062030
2013-06-28,51.492,52.665,51.167,52.174,157038434,28.238,28.498,28.132,28.345,9869201
2013-07-01,52.677,53.93,52.485,53.532,106782954,28.56,28.719,28.468,28.498,10334132
2013-07-02,53.627,55.157,53.566,54.743,128310205,28.478,28.738,28.373,28.541,15642052
2013-07-03,55.052,55.332,54.607,55.046,65778191,28.468,28.836,28.468,28.709,12514647
2013-07-05,54.992,55.373,54.33,54.603,74822054,28.875,28.913,28.586,28.895,15327941
2013-07-08,54.954,55.071,53.719,54.295,81408010,29.04,29.069,28.791,28.875,8448446
2013-07-09,54.104,55.4,53.683,55.248,96272163,28.995,29.031,28.846,28.985,13455434
2013-07-10,54.889,55.569,54.712,55.037,76762108,28.976,29.173,28.97,29.079,9540942
2013-07-11,55.326,56.018,55.094,55.895,89091585,29.378,29.598,29.349,29.571,11141738
2013-07-12,55.943,56.223,55.389,55.792,76341543,29.598,29.627,29.477,29.59,7779315
2013-07-15,55.595,56.442,55.569,55.915,66057635,29.608,29.699,29.495,29.672,4909985
2013-07-16,55.793,56.341,55.488,56.275,59047139,29.654,29.718,29.598,29.699,5367705
2013-07-17,56.211,56.54,56.015,56.29,54331236,29.783,29.829,29.664,29.718,5914062
2013-07-18,56.691,56.884,56.329,56.478,59767782,29.737,29.792,29.581,29.646,4603676
2013-07-19,56.654,56.77,55.511,55.587,73376842,29.34,29.368,29.069,29.146,14675530
2013-07-22,56.18,56.217,55.658,55.766,56758813,29.201,29.263,29.136,29.227,5437359
2013-07-23,55.729,55.852,54.772,54.809,100344971,29.263,29.31,29.097,29.107,4947220
2013-07-24,57.418,58.157,56.939,57.624,161614519,29.431,29.451,29.245,29.3,6249655
2013-07-25,57.652,57.74,57.01,57.36,62696972,29.272,29.359,29.182,29.32,5210846
2013-07-26,56.944,57.693,56.818,57.69,54660341,29.191,29.403,29.116,29.403,6503867
2013-07-29,57.665,58.863,57.584,58.577,67772196,29.34,29.451,29.291,29.359,4292403
2013-07-30,58.859,59.801,58.766,59.3,84455163,29.468,29.627,29.441,29.503,6001307
2013-07-31,59.517,59.828,58.792,59.195,88104757,29.561,29.672,29.359,29.403,7382180
2013-08-01,59.601,59.754,59.291,59.739,56271954,29.598,29.746,29.59,29.718,8360264
2013-08-02,59.913,60.545,59.737,60.506,74882462,29.718,29.867,29.664,29.849,4779411
2013-08-05,60.787,61.568,60.457,61.41,87002474,29.783,29.951,29.774,29.913,4714762
2013-08-06,61.224,61.73,60.46,60.86,91429189,29.913,29.913,29.672,29.755,5057037
2013-08-07,60.671,61.089,60.404,60.824,81575272,29.69,29.764,29.561,29.681,5665373
2013-08-08,61.077,61.109,60.301,60.705,69398648,29.821,29.839,29.598,29.783,5458749
2013-08-09,60.389,60.631,59.735,59.841,72550376,29.727,29.792,29.532,29.627,3960151
2013-08-12,60.159,61.711,60.127,61.538,98783625,29.458,29.849,29.458,29.821,5377587
2013-08-13,62.011,65.134,61.631,64.464,238766895,29.858,30.079,29.708,30.024,5088581
2013-08-14,65.557,66.398,64.969,65.641,205035729,30.015,30.089,29.893,29.996,5714697
2013-08-15,65.366,66.153,64.401,65.561,132937506,29.699,29.699,29.468,29.513,7592801
2013-08-16,65.856,66.229,65.687,66.143,98193588,29.513,29.627,29.423,29.486,7808139
2013-08-19,66.411,67.648,66.364,66.857,138397683,29.503,29.69,29.395,29.395,5192514
2013-08-20,67.118,67.23,65.946,65.981,97177688,29.477,29.581,29.368,29.441,3580397
2013-08-21,66.311,66.782,65.999,66.147,91012161,29.413,29.598,29.3,29.378,6548467
2013-08-22,66.492,66.576,65.6,66.23,66170157,29.458,29.542,29.32,29.503,6527740
2013-08-23,66.271,66.278,65.755,65.974,60347161,29.755,29.783,29.636,29.718,5473655
2013-08-26,65.936,67.179,65.903,66.23,89722850,29.699,29.839,29.571,29.581,7334649
2013-08-27,65.574,66.168,64.036,64.333,114980660,29.3,29.403,28.995,29.059,7404317
2013-08-28,63.993,65.285,63.993,64.642,83358341,29.005,29.227,29.005,29.079,4856720
2013-08-29,64.737,65.376,64.669,64.744,64955661,29.136,29.386,29.097,29.235,5166529
2013-08-30,65.162,65.289,64.435,64.529,73441655,29.3,29.3,29.022,29.097,7739017
2013-09-03,64.928,65.915,64.172,64.332,90061942,29.219,29.342,29.013,29.128,7980100
2013-09-04,65.782,66.132,65.346,65.665,93457251,29.193,29.452,29.157,29.416,7727173
2013-09-05,65.869,65.926,65.0,65.216,64045054,29.445,29.526,29.381,29.426,4007886
2013-09-06,65.632,65.759,64.515,65.603,97395330,29.507,29.575,29.202,29.445,5549782
2013-09-09,66.494,66.881,66.297,66.649,92247478,29.617,29.858,29.59,29.792,6166746
2013-09-10,66.653,66.818,64.454,65.131,201381996,29.966,30.049,29.863,29.975,7310846
2013-09-11,61.496,62.374,61.205,61.586,243602913,29.727,29.913,29.708,29.839,10071107
2013-09-12,61.689,62.599,61.361,62.244,109494212,29.858,29.97,29.783,29.867,6531552
2013-09-13,61.801,62.129,61.19,61.216,81010241,29.919,29.957,29.788,29.89,4306974
2013-09-16,60.703,60.783,58.888,59.27,148654192,30.126,30.126,29.764,29.849,8863382
2013-09-17,58.986,60.533,58.927,59.954,108268776,29.89,30.057,29.881,29.993,6907878
2013-09-18,60.991,61.407,60.659,61.187,123653234,30.085,30.413,30.011,30.375,9526609
2013-09-19,61.981,62.654,61.788,62.189,109532530,30.423,30.495,30.375,30.405,7175287
2013-09-20,62.943,63.011,61.36,61.544,189486492,30.504,30.523,30.153,30.19,8354693
2013-09-23,65.327,65.432,63.547,64.607,206436374,30.375,30.449,30.113,30.269,8638064
2013-09-24,65.163,65.241,64.234,64.404,98395445,30.227,30.279,30.021,30.143,5098485
2013-09-25,64.447,64.474,63.394,63.407,85916079,30.18,30.218,30.001,30.095,4930671
2013-09-26,63.993,64.33,63.719,64.024,64209217,30.218,30.357,30.113,30.208,5439682
2013-09-27,63.702,63.82,63.3,63.566,61799628,30.03,30.075,29.919,30.021,6657802
2013-09-30,63.209,63.793,62.832,63.144,70054799,29.704,29.947,29.621,29.835,8078133
2013-10-01,63.0,64.407,62.991,64.254,95834066,29.863,30.162,29.835,30.095,8781820
2013-10-02,63.945,64.759,63.698,64.463,78239935,29.929,30.143,29.881,30.104,8728787
2013-10-03,64.588,64.832,63.303,63.652,87499474,30.123,30.133,29.694,29.845,6972520
2013-10-04,63.714,63.811,63.018,63.602,70181642,29.816,30.011,29.797,29.966,5735599
2013-10-07,64.07,64.872,63.909,64.224,84575112,29.75,30.011,29.741,29.835,4905383
2013-10-08,64.513,64.607,63.275,63.328,78690301,29.816,29.855,29.333,29.361,8690862
2013-10-09,63.816,64.229,62.978,64.074,81780985,29.445,29.585,29.219,29.47,11029592
2013-10-10,64.695,64.836,64.13,64.474,75327135,29.723,30.001,29.704,29.966,8811312
2013-10-11,64.124,65.026,63.884,64.89,72543831,29.909,30.218,29.881,30.218,9567080
2013-10-14,64.499,65.521,64.435,65.318,70939202,30.039,30.347,29.993,30.319,7667683
2013-10-15,65.511,66.1,65.248,65.663,86611099,30.244,30.395,30.123,30.133,7786299
2013-10-16,65.942,66.171,65.737,65.986,67932110,30.259,30.466,30.244,30.423,8797725
2013-10-17,65.836,66.465,65.795,66.43,68581262,30.227,30.458,30.162,30.433,7969641
2013-10-18,66.624,67.057,66.592,67.009,78736831,30.748,30.972,30.645,30.953,8521216
2013-10-21,67.385,69.038,67.355,68.652,107479988,31.082,31.205,31.055,31.12,5800721
2013-10-22,69.316,69.585,66.897,68.455,144756990,31.231,31.26,30.943,31.11,17567318
2013-10-23,68.339,69.217,68.339,69.126,85003666,30.963,31.026,30.821,30.963,5512781
2013-10-24,69.131,70.114,68.793,70.04,104264177,30.998,31.129,30.914,31.035,3794748
2013-10-25,69.962,70.212,69.144,69.257,91559954,31.24,31.334,31.101,31.195,3631247
2013-10-28,69.661,69.921,68.894,69.773,148557120,31.277,31.324,31.137,31.297,5384661
2013-10-29,70.614,71.007,67.752,68.034,172429868,31.474,31.567,31.352,31.502,5342751
2013-10-30,68.393,69.462,68.078,69.119,96044079,31.567,31.586,31.306,31.436,5986986
2013-10-31,69.533,69.862,69.04,69.228,74342353,31.37,31.512,31.297,31.334,30834394
2013-11-01,69.051,69.105,67.924,68.478,74523668,31.464,31.52,31.222,31.343,4977808
2013-11-04,68.616,69.371,68.313,69.361,66254698,31.436,31.492,31.343,31.464,6418549
2013-11-05,69.07,69.644,68.869,69.188,71969237,31.343,31.474,31.269,31.379,4845602
2013-11-06,69.42,69.514,68.635,68.991,60179071,31.537,31.707,31.502,31.697,5638791
2013-11-07,68.816,69.296,67.863,67.876,70759975,31.697,31.752,31.25,31.287,11314018
2013-11-08,68.154,69.02,67.889,68.945,75200409,31.352,31.586,31.205,31.567,9608590
2013-11-11,68.873,69.096,68.13,68.744,61238751,31.557,31.632,31.474,31.605,8408657
2013-11-12,68.562,69.39,68.475,68.876,55096757,31.464,31.752,31.464,31.687,5057912
2013-11-13,68.625,69.167,68.469,68.954,53108867,31.557,31.967,31.537,31.958,7247274
2013-11-14,69.243,70.1,69.12,69.954,76137223,31.752,31.901,31.707,31.875,9105243
2013-11-15,69.743,70.074,69.466,69.532,85689577,31.856,31.967,31.837,31.939,8275961
2013-11-18,69.532,69.825,68.635,68.691,65960448,31.994,32.004,31.752,31.819,5627186
2013-11-19,68.741,69.319,68.602,68.812,56325427,31.782,31.939,31.651,31.707,4778023
2013-11-20,68.768,68.927,68.121,68.212,52299532,31.733,31.892,31.529,31.605,4645921
2013-11-21,68.552,69.031,68.033,69.021,70627891,31.687,31.883,31.687,31.875,5789520
2013-11-22,68.808,69.156,68.677,68.848,60271546,31.875,31.875,31.762,31.809,3340860
2013-11-25,69.005,69.65,69.002,69.366,61838610,31.865,31.892,31.733,31.809,9859007
2013-11-26,69.41,71.01,69.401,70.645,108093005,31.819,32.004,31.79,31.919,5708801
2013-11-27,71.032,72.316,70.645,72.311,97875204,31.985,32.189,31.985,32.173,7093686
2013-11-29,72.774,73.948,72.554,73.65,85784777,32.228,32.394,32.218,32.302,4545879
2013-12-02,73.904,74.742,72.954,73.008,127378358,32.329,32.394,32.124,32.199,5306909
2013-12-03,73.945,75.012,73.861,75.006,121442841,32.087,32.311,32.087,32.275,6151344
2013-12-04,74.899,75.386,74.278,74.832,101776136,32.181,32.424,32.087,32.302,7059823
2013-12-05,75.845,76.175,75.016,75.216,120550905,32.368,32.386,32.154,32.199,4584380
2013-12-06,74.937,75.063,74.113,74.173,92774029,32.424,32.497,32.319,32.424,4723416
2013-12-09,74.289,75.439,74.289,75.019,86349511,32.517,32.618,32.453,32.527,4297407
2013-12-10,74.644,75.213,74.328,74.904,74866930,32.517,32.537,32.424,32.461,8725435
2013-12-11,75.097,75.622,74.129,74.349,96933561,32.507,32.572,32.114,32.163,8094868
2013-12-12,74.463,74.877,74.174,74.24,70680718,32.173,32.173,31.939,31.948,5910944
2013-12-13,74.547,74.552,73.33,73.433,89649953,32.105,32.105,31.846,31.846,5211439
2013-12-16,73.51,74.518,73.509,73.837,76133485,32.014,32.248,31.976,32.163,6459121
2013-12-17,73.614,74.096,73.293,73.506,61879032,32.154,32.257,32.105,32.154,5992003
2013-12-18,72.804,73.037,71.362,72.948,152480161,32.124,32.424,31.687,32.404,18375552
2013-12-19,72.759,72.844,72.014,72.111,86456519,32.394,32.517,32.338,32.461,9301588
2013-12-20,72.238,73.056,72.159,72.715,117510402,32.547,32.789,32.509,32.715,9432801
2013-12-23,75.23,75.588,74.534,75.505,135046926,33.013,33.155,32.941,33.146,7785505
2013-12-24,75.48,75.741,74.968,75.187,45181907,33.155,33.239,33.146,33.239,2793498
2013-12-26,75.242,75.428,74.618,74.685,54960420,33.302,33.36,33.247,33.322,3825986
2013-12-27,74.675,74.753,74.104,74.182,60845998,33.409,33.409,33.256,33.292,4087090
2013-12-30,73.832,74.182,73.152,73.445,68315985,33.266,33.283,33.184,33.23,4957210
2013-12-31,73.398,74.338,73.374,74.303,60185593,33.302,33.463,33.266,33.446,7314580
2014-01-02,73.596,73.776,73.112,73.259,63381747,33.331,33.331,33.059,33.116,9139530
2014-01-03,73.224,73.334,71.579,71.649,105949677,33.203,33.203,32.941,32.96,5562043
2014-01-06,71.181,72.421,70.671,72.041,111371946,32.921,33.023,32.781,32.901,4835199
2014-01-07,72.092,72.311,71.247,71.526,85837203,33.05,33.247,32.988,33.203,7653380
2014-01-08,71.363,72.257,71.347,71.979,69742195,33.175,33.312,33.086,33.203,5018703
2014-01-09,72.421,72.429,70.905,71.059,75296626,33.341,33.341,32.901,32.988,6777215
2014-01-10,71.496,71.626,70.343,70.584,82293116,33.076,33.146,32.881,33.05,13849656
2014-01-13,70.186,71.852,70.182,70.953,102208792,33.023,33.184,32.591,32.696,6887644
2014-01-14,71.284,72.411,71.21,72.366,90221824,32.824,33.266,32.789,33.247,6859997
2014-01-15,73.31,74.196,73.063,73.819,106000094,33.438,33.733,33.389,33.652,10337999
2014-01-16,73.494,73.753,73.066,73.408,61901334,33.671,33.696,33.566,33.643,7406953
2014-01-17,73.041,73.119,71.506,71.609,116852625,33.585,33.652,33.379,33.454,6773776
2014-01-21,71.639,72.854,71.577,72.723,88608305,33.714,33.714,33.341,33.624,6726220
2014-01-22,72.964,73.809,72.554,73.044,102612534,33.585,33.643,33.499,33.585,4505267
2014-01-23,72.837,73.705,72.157,73.663,108796944,33.438,33.518,33.292,33.518,6858470
2014-01-24,73.374,73.588,72.151,72.324,116677005,33.379,33.438,32.863,32.871,16560198
2014-01-27,72.907,73.48,72.283,72.911,153946079,32.921,32.941,32.405,32.564,8564054
2014-01-28,67.38,68.212,66.494,67.084,287513027,32.275,32.425,32.18,32.369,14047741
2014-01-29,66.758,67.197,66.038,66.323,135707442,32.096,32.303,31.993,32.114,11989421
2014-01-30,66.562,67.084,65.786,66.195,183051179,32.499,32.61,32.33,32.509,8900508
2014-01-31,65.593,66.425,65.368,66.301,125399329,32.248,32.744,32.238,32.583,11694671
2014-02-03,66.57,67.246,66.129,66.425,108441037,32.509,32.63,31.779,31.9,17072235
2014-02-04,66.996,67.476,66.591,67.384,101619608,31.956,32.105,31.864,32.023,6118645
2014-02-05,67.088,68.246,67.05,67.889,88655086,31.946,32.144,31.74,32.051,9834773
2014-02-06,67.959,68.417,67.66,68.285,69118384,32.078,32.415,32.078,32.405,9766977
2014-02-07,69.43,69.674,68.935,69.24,100349532,32.61,32.854,32.47,32.844,11183066
2014-02-10,69.021,70.882,69.017,70.481,92647341,32.763,32.969,32.763,32.911,7222555
2014-02-11,70.697,71.647,70.551,71.41,75715859,33.05,33.409,33.013,33.312,7524589
2014-02-12,71.541,71.89,71.049,71.405,82624900,33.419,33.499,33.369,33.446,8600212
2014-02-13,71.238,72.593,71.174,72.539,82460844,33.256,33.714,33.212,33.686,7388884
2014-02-14,72.279,72.745,72.11,72.481,73373818,33.661,33.821,33.575,33.751,13225785
2014-02-18,72.733,73.44,72.696,72.747,69951104,33.791,33.858,33.678,33.771,6354601
2014-02-19,72.58,72.865,71.194,71.599,84194209,33.704,33.858,33.585,33.661,9202799
2014-02-20,70.988,71.549,70.482,70.77,82022735,33.661,33.848,33.508,33.771,7156552
2014-02-21,70.962,71.225,69.896,69.983,74764289,33.875,33.929,33.634,33.643,6809922
2014-02-24,69.701,70.606,69.608,70.289,77490655,33.604,33.938,33.604,33.771,8383708
2014-02-25,70.539,70.56,69.417,69.559,62349200,33.831,33.84,33.594,33.678,5996708
2014-02-26,69.87,69.951,68.699,68.931,74079480,33.696,33.84,33.575,33.704,6220176
2014-02-27,68.902,70.452,68.755,70.305,80967174,33.696,33.996,33.671,33.977,5823361
2014-02-28,70.493,70.981,69.567,70.115,99751584,33.957,34.108,33.634,34.016,10366857
2014-03-03,69.683,70.703,69.659,70.318,64072608,33.594,33.733,33.379,33.652,9646855
2014-03-04,70.75,70.966,70.319,70.781,69522755,34.016,34.183,33.967,34.092,12401374
2014-03-05,70.738,71.25,70.5,70.931,53655882,34.164,34.202,34.075,34.134,9543730
2014-03-06,70.986,71.207,70.364,70.716,49737443,34.183,34.25,34.108,34.183,9260135
2014-03-07,70.84,70.881,70.09,70.674,59366890,34.278,34.297,33.938,34.083,7691400
2014-03-10,70.399,71.059,70.397,70.738,47918092,34.065,34.134,33.893,34.025,8076395
2014-03-11,71.344,71.781,70.96,71.427,75267090,34.083,34.202,33.858,33.947,10105714
2014-03-12,71.216,71.597,70.884,71.495,53819509,33.811,34.045,33.696,34.006,6792363
2014-03-13,71.608,71.903,70.504,70.703,69087181,34.1,34.108,33.428,33.546,10042366
2014-03-14,70.453,70.735,69.682,69.908,63579800,33.479,33.594,33.312,33.341,9553411
2014-03-17,70.249,70.613,70.062,70.183,53487828,33.566,33.831,33.499,33.733,17573703
2014-03-18,70.068,70.879,69.976,70.802,56191210,33.751,34.212,33.751,34.173,7335053
2014-03-19,70.918,71.446,70.482,70.784,60225016,34.164,34.27,33.821,34.035,8324001
2014-03-20,70.617,70.97,70.261,70.442,55860392,33.996,34.39,33.938,34.297,6300150
2014-03-21,70.874,71.116,70.128,70.998,100370851,34.508,34.527,34.061,34.123,9693183
2014-03-24,71.742,72.016,71.29,71.843,95345170,34.312,34.359,33.816,34.096,11017419
2014-03-25,72.149,72.715,71.895,72.612,75668667,34.114,34.378,34.031,34.303,8114754
2014-03-26,72.816,73.148,71.797,71.918,80352724,34.518,34.527,33.888,33.888,7994562
2014-03-27,71.933,72.149,71.297,71.611,59515262,33.871,33.926,33.588,33.766,13755582
2014-03-28,71.723,71.807,71.181,71.531,53761202,33.871,34.114,33.756,33.898,6762951
2014-03-31,71.847,72.058,71.406,71.513,45120078,34.114,34.295,34.071,34.161,7750051
2014-04-01,71.649,72.196,71.518,72.168,53756949,34.295,34.566,34.218,34.566,7474158
2014-04-02,72.266,72.411,71.981,72.29,48236882,34.661,34.688,34.454,34.585,11177566
2014-04-03,72.133,72.283,71.634,71.787,43575329,34.633,34.705,34.312,34.415,8259791
2014-04-04,71.946,71.946,70.693,70.858,73750958,34.623,34.651,33.665,33.756,10743887
2014-04-07,70.385,70.736,69.534,69.746,77608565,33.618,33.806,33.363,33.493,11865079
2014-04-08,69.975,70.099,69.113,69.741,65359845,33.56,33.844,33.457,33.796,7799222
2014-04-09,69.619,70.68,69.553,70.658,55224337,33.907,34.257,33.806,34.247,7083327
2014-04-10,70.707,70.915,69.704,69.747,64210843,34.247,34.303,33.402,33.457,8604906
2014-04-11,69.192,69.66,68.902,69.231,72865944,33.25,33.493,33.052,33.078,15167483
2014-04-14,69.521,69.572,68.912,69.505,55141578,33.295,33.532,33.177,33.412,5312116
2014-04-15,69.319,69.5,68.128,69.011,71395004,33.512,33.665,33.014,33.579,9139442
2014-04-16,69.023,69.429,68.503,69.15,57571857,33.786,33.916,33.532,33.907,14896462
2014-04-17,69.304,70.318,69.176,69.942,76225876,33.746,33.992,33.569,33.863,8386605
2014-04-21,69.995,70.902,69.813,70.773,48937241,33.907,34.031,33.796,33.992,3751872
2014-04-22,70.393,70.859,70.151,70.842,54306219,34.012,34.209,33.944,34.131,5829438
2014-04-23,70.494,70.767,69.876,69.917,105031141,34.08,34.08,33.756,33.766,12157180
2014-04-24,75.707,75.945,74.711,75.648,203605444,34.32,34.33,33.806,34.031,5331620
2014-04-25,75.218,76.211,75.141,76.203,104551267,33.871,33.907,33.522,33.598,6812125
2014-04-28,76.319,79.376,76.285,79.154,179365028,33.709,34.031,33.474,33.916,12840887
2014-04-29,79.108,79.408,78.544,78.921,90348130,34.002,34.227,33.935,34.151,5826882
2014-04-30,78.961,79.866,78.583,78.621,122417131,34.088,34.34,34.012,34.257,9752750
2014-05-01,78.877,79.252,78.125,78.806,65429177,34.247,34.462,34.209,34.295,5296495
2014-05-02,78.942,79.168,78.571,78.952,51295837,34.378,34.388,34.17,34.199,7150560
2014-05-05,78.627,80.074,78.609,80.068,76869322,34.114,34.378,33.992,34.378,4343720
2014-05-06,80.183,80.532,79.198,79.198,100362399,34.312,34.312,33.982,33.992,5001224
2014-05-07,79.306,79.581,78.307,78.921,75755285,34.051,34.096,33.628,34.012,7264324
2014-05-08,78.815,79.641,78.566,78.779,61329017,33.926,34.406,33.88,34.104,4030029
2014-05-09,78.316,78.545,77.754,78.454,77701371,34.08,34.161,33.898,34.141,7915012
2014-05-12,78.713,79.54,78.701,79.429,56840197,34.312,34.623,34.285,34.604,5951658
2014-05-13,79.315,79.657,79.141,79.553,42568593,34.661,34.715,34.536,34.623,6112023
2014-05-14,79.375,80.041,79.282,79.569,44314309,34.566,34.633,34.388,34.462,5439034
2014-05-15,79.68,79.935,78.786,78.891,61473971,34.491,34.546,34.114,34.257,7740914
2014-05-16,78.866,80.057,78.434,80.056,73643793,34.247,34.491,34.141,34.472,6175408
2014-05-19,80.1,81.371,80.031,81.006,84639303,34.349,34.743,34.349,34.697,3509807
2014-05-20,80.996,81.247,80.488,81.02,62516532,34.734,34.762,34.388,34.501,4508505
2014-05-21,80.9,81.286,80.665,81.235,52478753,34.585,34.743,34.527,34.734,4428004
2014-05-22,81.273,81.709,80.938,81.364,53517596,34.688,34.914,34.688,34.8,3378390
2014-05-23,81.361,82.362,81.256,82.283,61841671,34.886,35.112,34.829,35.093,3524304
2014-05-27,82.487,83.855,82.483,83.823,92959721,35.177,35.402,35.169,35.392,6037989
2014-05-28,83.874,84.387,83.575,83.604,84112408,35.411,35.439,35.271,35.299,7210994
2014-05-29,84.121,85.331,84.11,85.13,100301688,35.42,35.516,35.337,35.506,4962782
2014-05-30,85.478,86.307,84.26,84.813,150300491,35.516,35.59,35.392,35.544,6618342
2014-06-02,84.939,85.054,83.404,84.228,98405789,35.571,35.628,35.328,35.486,5811367
2014-06-03,84.202,85.581,84.174,85.417,78047724,35.429,35.516,35.319,35.429,6032409
2014-06-04,85.403,86.805,85.227,86.394,89398150,35.375,35.544,35.28,35.496,3723386
2014-06-05,86.578,87.002,86.097,86.733,80934610,35.619,35.769,35.411,35.731,6030659
2014-06-06,87.075,87.256,86.346,86.494,93342815,35.919,35.919,35.797,35.891,5106296
2014-06-09,86.938,88.048,86.051,87.879,80295914,35.936,36.061,35.873,36.004,6801448
2014-06-10,88.846,89.147,87.757,88.394,66883772,36.004,36.07,35.946,36.024,3824850
2014-06-11,88.282,88.872,87.662,88.03,48658211,35.873,36.033,35.845,35.936,4527393
2014-06-12,88.189,88.273,86.19,86.556,58320003,35.955,36.07,35.516,35.628,5126616
2014-06-13,86.473,86.697,85.234,85.608,58118984,35.845,35.901,35.684,35.835,7801299
2014-06-16,85.824,86.986,85.769,86.473,37895837,35.769,35.936,35.712,35.835,7518039
2014-06-17,86.574,86.938,86.096,86.358,31676565,35.806,35.985,35.769,35.919,7488388
2014-06-18,86.537,86.556,85.674,86.454,35716386,35.995,36.127,35.731,36.107,13870233
2014-06-19,86.556,86.565,85.665,86.151,37860944,36.162,36.162,35.901,36.042,6297870
2014-06-20,86.142,86.799,85.251,85.261,107532634,36.085,36.085,35.887,35.961,5748351
2014-06-23,85.646,85.928,84.973,85.186,46568517,35.922,36.067,35.896,36.067,3990025
2014-06-24,85.113,86.041,84.589,84.671,41613569,36.067,36.237,35.793,35.878,8972583
2014-06-25,84.608,85.064,84.08,84.746,39299432,35.802,36.075,35.764,36.02,5414329
2014-06-26,84.756,85.392,84.221,85.251,34768469,36.048,36.067,35.774,35.981,12024021
2014-06-27,85.177,86.286,85.13,86.266,68252052,35.951,36.198,35.932,36.198,11527303
2014-06-30,86.377,87.895,86.368,87.157,52861317,36.168,36.331,36.15,36.208,4756135
2014-07-01,87.709,88.225,87.345,87.709,40725631,36.34,36.688,36.311,36.577,7932005
2014-07-02,88.03,88.215,87.307,87.671,30350622,36.643,36.661,36.557,36.615,5264078
2014-07-03,87.851,88.255,87.41,88.189,24408182,36.744,36.794,36.625,36.774,2322809
2014-07-07,88.292,90.026,88.255,90.006,60137317,36.697,36.841,36.678,36.813,11102404
2014-07-08,90.29,90.785,88.084,89.427,69499690,36.774,36.794,36.284,36.481,7333545
2014-07-09,89.509,89.989,88.872,89.462,38832141,36.547,36.669,36.462,36.661,7539318
2014-07-10,87.933,89.615,87.709,89.137,42298257,36.085,36.707,36.085,36.557,4683596
2014-07-11,89.436,89.933,88.966,89.304,36251885,36.643,36.744,36.547,36.744,3454398
2014-07-14,89.905,90.87,89.707,90.458,45599128,36.914,37.058,36.879,37.011,4458156
2014-07-15,90.785,90.832,89.127,89.399,48635107,37.094,37.143,36.734,36.943,7855926
2014-07-16,90.936,91.067,88.853,88.891,56993284,37.293,37.38,37.207,37.285,8542044
2014-07-17,89.127,89.361,86.818,87.307,61033713,37.246,37.293,36.688,36.804,6006507
2014-07-18,87.804,88.853,87.24,88.564,53258066,36.981,37.275,36.924,37.246,5052770
2014-07-21,89.089,89.098,87.895,88.103,41588495,37.226,37.302,37.058,37.199,6547357
2014-07-22,88.798,88.994,88.273,88.837,58640916,37.389,37.538,37.35,37.509,5073174
2014-07-23,89.49,91.798,89.256,91.151,99020557,37.596,37.682,37.436,37.576,5797299
2014-07-24,91.011,91.273,90.43,91.002,48739410,37.653,37.691,37.473,37.548,12349506
2014-07-25,90.832,91.761,90.636,91.601,46330790,37.436,37.548,37.321,37.499,5030528
2014-07-28,91.741,93.074,91.49,92.869,58914302,37.519,37.644,37.275,37.567,8221525
2014-07-29,93.159,93.262,92.146,92.267,45964362,37.841,37.841,37.473,37.492,7745101
2014-07-30,92.324,92.567,91.601,92.052,35187956,37.663,37.663,37.35,37.528,8221636
2014-07-31,91.124,91.395,89.408,89.661,60546841,37.293,37.33,36.764,36.823,18447217
2014-08-01,89.004,90.617,88.921,90.158,51711818,36.726,36.879,36.443,36.625,16425009
2014-08-04,90.382,90.579,89.256,89.652,42582820,36.734,36.981,36.547,36.888,6708495
2014-08-05,89.436,89.734,88.498,89.21,59603481,36.661,36.784,36.387,36.537,13020810
2014-08-06,88.862,89.548,88.827,89.059,41075935,36.291,36.606,36.246,36.425,9681775
2014-08-07,89.474,90.437,88.693,89.05,49506505,36.577,36.643,36.15,36.274,7271238
2014-08-08,88.845,89.373,87.919,89.295,44397365,36.255,36.537,36.141,36.509,6379162
2014-08-11,89.797,90.558,89.392,90.474,38777694,36.678,36.794,36.606,36.688,6892754
2014-08-12,90.523,91.313,90.116,90.456,35843833,36.652,36.764,36.49,36.669,7101659
2014-08-13,90.624,91.653,90.523,91.653,33844029,36.754,37.029,36.754,37.029,5817702
2014-08-14,91.735,91.963,91.238,91.898,29809389,37.058,37.094,36.933,37.094,4887712
2014-08-15,92.273,92.547,91.294,92.349,51895143,37.181,37.275,36.832,37.094,9438137
2014-08-18,92.831,93.659,92.349,93.462,50442748,37.293,37.464,37.246,37.445,4499347
2014-08-19,93.698,94.904,93.612,94.762,73588829,37.548,37.691,37.499,37.682,5346456
2014-08-20,94.685,95.271,94.209,94.798,55845077,37.624,37.746,37.596,37.682,7419798
2014-08-21,94.798,95.128,94.359,94.806,35506462,37.682,37.917,37.682,37.861,3658885
2014-08-22,94.529,95.635,94.437,95.492,46837483,37.88,37.944,37.784,37.871,4668472
2014-08-25,95.957,96.304,95.453,95.703,42651286,38.049,38.058,37.832,37.907,3633743
2014-08-26,95.585,95.664,95.06,95.09,35148584,37.962,37.972,37.88,37.927,3554479
2014-08-27,95.203,96.682,94.924,96.266,50529216,37.927,37.962,37.802,37.917,4586955
2014-08-28,95.75,96.885,95.721,96.372,72606328,37.727,37.917,37.717,37.861,3737097
2014-08-29,96.91,96.998,96.332,96.613,47291611,37.953,38.039,37.822,38.03,8138700
2014-09-02,97.144,97.778,96.826,97.357,56799272,38.116,38.116,37.927,38.039,6025458
2014-09-03,97.173,97.261,92.914,93.255,132973538,38.179,38.179,37.784,37.832,7299371
2014-09-04,93.171,94.341,92.172,92.482,90877484,37.907,38.087,37.7,37.812,5710811
2014-09-05,93.122,93.678,92.662,93.284,61989515,37.89,38.049,37.793,38.039,7441971
2014-09-08,93.593,93.603,92.418,92.706,49137848,38.021,38.189,37.934,38.097,6764987
2014-09-09,93.385,97.153,90.615,92.359,201284504,38.116,38.275,37.717,37.822,9069321
2014-09-10,92.378,95.289,92.142,95.184,106928476,37.832,38.106,37.727,38.049,7665475
2014-09-11,94.645,95.605,93.897,95.595,66170138,37.972,38.152,37.841,38.135,10933012
2014-09-12,95.385,96.323,95.261,95.814,66492385,38.106,38.125,37.851,37.972,5884425
2014-09-15,96.91,97.134,95.605,95.788,65021888,38.039,38.039,37.682,37.746,7289384
2014-09-16,94.065,95.433,93.207,95.06,70954298,37.653,38.077,37.567,38.03,12615321
2014-09-17,95.443,95.947,94.815,95.74,64628387,38.021,38.248,37.88,38.106,8107386
2014-09-18,96.13,96.469,95.721,95.938,39549055,38.179,38.352,38.179,38.332,7832900
2014-09-19,96.362,96.469,95.08,95.148,75183589,38.469,38.469,38.109,38.251,16840855
2014-09-22,95.947,96.276,94.806,95.243,55962429,38.261,38.261,37.882,37.993,6729034
2014-09-23,94.825,97.036,94.771,96.75,67229669,37.936,38.08,37.843,37.909,6294600
2014-09-24,96.295,96.949,95.375,95.898,63786691,37.919,38.163,37.746,38.154,7534829
2014-09-25,94.742,94.933,92.105,92.244,106124440,38.003,38.023,37.32,37.32,9862549
2014-09-26,92.869,94.967,92.745,94.967,66137193,37.388,37.803,37.388,37.728,5148258
2014-09-29,92.983,94.665,92.963,94.359,52777909,37.426,37.775,37.301,37.718,5090069
2014-09-30,95.012,95.703,94.762,94.967,58608757,37.775,38.003,37.683,37.833,7129923
2014-10-01,94.815,94.914,93.028,93.482,54606482,37.709,37.755,37.141,37.245,13772719
2014-10-02,93.564,94.463,92.408,94.159,50644838,37.264,37.359,36.847,37.225,14107661
2014-10-03,93.726,94.454,93.348,93.897,46100381,37.509,37.645,37.32,37.528,7071423
2014-10-06,94.209,94.874,93.708,93.897,39284946,37.718,37.785,37.445,37.538,7327432
2014-10-07,93.717,94.369,93.057,93.075,44640757,37.436,37.464,36.95,36.95,9498796
2014-10-08,93.084,95.289,92.662,95.002,60880729,36.999,37.718,36.741,37.654,9144391
2014-10-09,95.703,96.499,94.835,95.203,82050763,37.615,37.683,36.989,37.027,16136335
2014-10-10,94.914,96.169,94.539,94.952,70335317,36.781,36.969,36.079,36.079,31831713
2014-10-13,95.502,95.928,94.075,94.075,56785539,36.032,36.382,35.634,35.68,30167214
2014-10-14,94.626,94.752,92.904,93.075,67552864,35.974,36.144,35.644,35.738,22719146
2014-10-15,92.34,93.452,89.71,91.936,107047620,35.225,35.634,34.685,35.49,30655382
2014-10-16,90.059,92.105,89.928,90.729,76540345,34.893,35.51,34.798,35.281,28605056
2014-10-17,91.898,93.313,91.247,92.057,72278875,35.634,35.954,35.463,35.698,13484462
2014-10-20,92.716,94.218,92.576,94.027,82008266,35.5,35.974,35.321,35.954,9725244
2014-10-21,97.104,97.104,95.443,96.584,100342644,36.212,36.674,36.212,36.657,12205632
2014-10-22,96.94,98.132,96.71,97.085,72394711,36.781,36.866,36.457,36.486,12739150
2014-10-23,98.102,99.014,97.67,98.806,75378691,36.741,37.093,36.665,36.894,33976192
2014-10-24,99.143,99.423,98.518,99.173,49878793,37.056,37.245,36.847,37.215,7280345
2014-10-27,98.826,99.413,98.686,99.074,36271985,37.102,37.349,37.066,37.255,6268223
2014-10-28,99.343,100.6,99.303,100.6,50990915,37.359,37.785,37.359,37.765,8168676
2014-10-29,100.52,101.21,100.24,101.18,55900054,37.718,37.853,37.492,37.728,13896014
2014-10-30,100.8,101.19,99.82,100.82,43133355,37.701,37.919,37.538,37.853,9690172
2014-10-31,101.8,101.83,101.05,101.79,47360766,38.316,38.45,38.241,38.44,10507332
2014-11-03,102.01,103.96,101.8,103.11,55411077,38.497,38.666,38.43,38.6,10051042
2014-11-04,103.07,103.19,101.53,102.35,44070830,38.545,38.696,38.355,38.591,6784691
2014-11-05,102.81,103.01,101.92,102.59,39689849,38.838,38.847,38.525,38.696,7675762
2014-11-06,102.71,102.97,102.06,102.88,36913586,38.676,38.705,38.44,38.676,9058933
2014-11-07,102.93,103.49,102.74,103.18,35579243,38.715,38.762,38.535,38.725,7884175
2014-11-10,103.19,103.5,102.85,103.01,28715933,38.705,38.865,38.638,38.829,5084330
2014-11-11,102.89,103.91,102.6,103.86,28975210,38.856,38.865,38.686,38.847,3221135
2014-11-12,103.55,105.48,103.54,105.3,49565600,38.725,38.999,38.705,38.972,4763369
2014-11-13,105.84,107.39,105.65,106.81,62848423,39.046,39.311,38.999,39.18,5690960
2014-11-14,107.1,108.09,107.01,108.08,46514993,39.19,39.454,39.19,39.454,4580575
2014-11-17,108.17,111.03,107.24,107.91,49355439,39.34,39.435,39.19,39.379,4358470
2014-11-18,107.86,109.52,107.82,109.32,46700497,39.35,39.597,39.34,39.51,5093833
2014-11-19,109.29,109.57,107.73,108.54,44193084,39.52,39.52,39.074,39.254,7558225
2014-11-20,108.78,110.62,108.72,110.1,45810221,39.123,39.454,39.046,39.454,5164968
2014-11-21,111.23,111.29,109.83,110.25,60391456,39.766,39.785,39.35,39.51,6815894
2014-11-24,110.63,112.44,110.39,112.3,50094566,39.587,39.728,39.473,39.719,3283308
2014-11-25,112.73,113.34,111.18,111.32,72696667,39.775,39.901,39.71,39.738,5003818
2014-11-26,111.64,112.76,111.53,112.66,43101440,39.775,40.118,39.748,40.1,10800595
2014-11-28,112.91,113.02,111.75,112.6,26213573,40.156,40.374,40.1,40.289,5729361
2014-12-01,112.47,112.89,105.32,108.94,88523014,40.193,40.242,39.663,39.834,12302060
2014-12-02,107.44,109.57,106.74,108.51,62668871,39.814,39.91,39.683,39.844,5938283
2014-12-03,109.57,110.14,108.98,109.73,45449566,39.929,40.052,39.758,39.985,4505077
2014-12-04,109.58,110.95,109.14,109.34,44522535,39.956,40.109,39.834,39.985,3972639
2014-12-05,109.79,109.88,108.52,108.87,40469204,40.013,40.09,39.844,39.939,7571727
2014-12-08,108.0,108.52,105.67,106.39,60872177,39.863,39.929,39.36,39.53,7055468
2014-12-09,104.32,108.2,103.52,108.02,63577767,39.009,39.578,38.875,39.52,8670904
2014-12-10,108.3,108.72,105.59,105.99,47045201,39.53,39.53,38.847,38.923,8722435
2014-12-11,106.27,107.73,105.39,105.67,43789936,39.084,39.538,38.991,39.094,9526265
2014-12-12,104.57,105.91,103.74,103.89,59159400,38.81,39.084,38.469,38.515,9473758
2014-12-15,104.77,105.65,100.66,102.44,70959092,38.772,38.933,38.109,38.279,10811220
2014-12-16,100.68,104.3,100.59,101.05,64100708,38.003,38.696,37.765,37.765,16506692
2014-12-17,101.42,103.98,101.12,103.58,56384329,37.882,38.6,37.813,38.478,16117978
2014-12-18,105.91,106.64,104.74,106.64,62279357,39.123,39.597,39.046,39.578,11241655
2014-12-19,106.27,107.18,105.71,105.82,93393464,39.651,39.832,39.574,39.623,12269408
2014-12-22,106.18,107.43,106.01,106.92,47699142,39.773,40.099,39.707,40.099,6407300
2014-12-23,107.17,107.27,106.45,106.53,27476050,40.271,40.336,40.184,40.203,7028813
2014-12-24,106.57,106.7,106.04,106.04,15296050,40.299,40.299,40.156,40.166,2786207
2014-12-26,106.13,108.4,106.04,107.91,35610489,40.242,40.413,40.223,40.336,2390545
2014-12-29,107.72,108.64,107.63,107.84,29133164,40.184,40.299,40.099,40.136,4866342
2014-12-30,107.57,107.84,106.14,106.51,31555587,40.041,40.108,39.812,39.851,5773821
2014-12-31,106.81,107.09,104.34,104.49,43715939,39.965,40.031,39.375,39.414,6248100
2015-01-02,105.44,105.49,101.62,103.5,56196458,39.66,39.755,39.136,39.336,8912923
2015-01-05,102.51,102.83,99.79,100.58,67880159,39.136,39.194,38.62,38.736,7548374
2015-01-06,100.97,101.69,99.044,100.59,69460979,38.849,38.849,38.088,38.269,9175601
2015-01-07,101.49,102.42,100.99,102.01,42324520,38.459,38.688,38.316,38.592,6855869
2015-01-08,103.4,106.17,102.88,105.93,62679241,38.868,39.526,38.849,39.441,14910479
2015-01-09,106.66,107.19,104.34,106.04,56712884,39.554,39.651,39.031,39.316,9620778
2015-01-12,106.59,106.62,102.98,103.42,52421263,39.298,39.394,38.727,38.859,5905497
2015-01-13,105.48,106.79,103.09,104.35,70853466,39.184,39.66,38.556,38.831,12253471
2015-01-14,103.21,104.59,102.7,103.95,51653023,38.516,38.783,38.26,38.61,9264876
2015-01-15,104.14,104.2,100.96,101.12,63283616,38.774,38.868,38.088,38.117,9786364
2015-01-16,101.33,101.84,99.59,100.32,82925523,37.991,38.526,37.972,38.488,19746879
2015-01-20,102.1,102.96,100.8,102.9,86996261,38.793,38.897,38.326,38.812,12606511
2015-01-21,103.13,105.12,102.49,103.72,57995531,38.583,39.04,38.45,38.878,14603247
2015-01-22,104.4,106.46,103.88,106.39,80829941,38.985,39.544,38.658,39.516,9245470
2015-01-23,106.33,107.68,105.58,106.96,53300672,39.506,39.69,39.375,39.506,6797319
2015-01-26,107.67,108.26,106.79,107.06,58694780,39.46,39.564,39.223,39.345,10212085
2015-01-27,106.41,106.47,103.2,103.31,100510975,38.592,38.698,38.039,38.211,11322046
2015-01-28,111.34,111.82,109.16,109.16,155781252,38.955,39.021,38.144,38.144,12716134
2015-01-29,110.11,112.84,109.4,112.57,89138209,38.107,38.583,37.8,38.507,17644449
2015-01-30,112.08,113.58,110.61,110.91,88431556,38.4,38.592,37.953,38.03,13645838
2015-02-02,111.75,112.82,109.88,112.3,66181590,38.181,38.469,37.543,38.42,16391737
2015-02-03,112.17,112.75,111.33,112.32,54824287,38.546,38.887,38.43,38.859,10369642
2015-02-04,112.17,114.08,111.99,113.17,74030839,38.993,39.223,38.793,38.936,6178931
2015-02-05,114.06,114.26,113.31,113.99,44438620,39.031,39.316,38.975,39.298,5342114
2015-02-06,114.06,114.28,112.59,113.02,45964935,39.355,39.534,39.059,39.174,5025837
2015-02-09,112.68,113.89,112.57,113.77,40895791,39.068,39.306,39.031,39.117,7518064
2015-02-10,114.21,116.07,114.2,115.96,65164771,39.384,39.745,39.24,39.699,11798678
2015-02-11,116.67,118.71,116.42,118.67,77332011,39.755,39.918,39.641,39.851,6557257
2015-02-12,119.8,121.15,119.34,120.19,78330856,40.156,40.422,40.099,40.393,7102065
2015-02-13,120.96,120.96,119.42,120.77,56927581,40.491,40.681,40.413,40.652,4528040
2015-02-17,121.16,122.47,120.61,121.49,66393629,40.691,40.736,40.565,40.671,5602832
2015-02-18,121.3,122.37,121.12,122.31,47218044,40.671,40.746,40.555,40.708,3934144
2015-02-19,122.1,122.61,121.97,122.07,39279445,40.681,40.89,40.604,40.852,3279094
2015-02-20,122.22,123.07,121.71,123.07,51474822,40.852,41.118,40.642,41.062,7274402
2015-02-23,123.59,126.4,123.23,126.4,74617465,41.081,41.118,40.881,41.09,4246009
2015-02-24,126.34,126.97,124.65,125.61,72791386,41.062,41.273,40.852,41.213,4884362
2015-02-25,125.03,125.07,121.79,122.38,78560740,41.1,41.146,40.871,40.955,6155834
2015-02-26,122.38,124.36,120.33,123.93,96020337,41.081,41.273,40.964,41.213,7930861
2015-02-27,123.57,124.07,121.88,122.08,65231155,41.173,41.291,41.034,41.072,6353756
2015-03-02,122.83,123.82,121.94,122.67,50608817,41.213,41.422,41.081,41.393,7180925
2015-03-03,122.55,123.09,121.74,122.94,39791443,41.348,41.356,40.936,41.118,9035537
2015-03-04,122.68,123.13,121.96,122.16,33320315,40.994,41.034,40.736,40.955,6171834
2015-03-05,122.19,122.35,119.53,120.14,59469141,41.053,41.053,40.766,40.909,8083103
2015-03-06,122.02,122.95,119.99,120.32,76646735,40.89,40.945,40.336,40.403,8473708
2015-03-09,121.62,123.14,118.85,120.82,93152478,40.527,40.766,40.422,40.594,6556458
2015-03-10,120.14,120.9,117.66,118.32,72453061,40.356,40.375,39.764,39.764,9230365
2015-03-11,118.53,118.57,116.03,116.16,72539762,39.699,39.861,39.479,39.506,12086622
2015-03-12,116.23,118.69,115.58,116.79,50910842,39.422,39.793,39.355,39.394,12956172
2015-03-13,118.22,119.17,116.5,117.47,54534273,39.67,39.803,39.326,39.544,15934338
2015-03-16,117.73,118.74,116.77,118.74,37748111,39.735,40.041,39.632,40.012,9064074
2015-03-17,119.67,121.0,119.42,120.73,53688174,39.918,40.136,39.851,40.021,10002450
2015-03-18,120.69,122.74,120.1,122.09,68680174,39.975,40.708,39.812,40.565,16634867
2015-03-19,122.35,122.83,121.07,121.17,48202149,40.509,40.652,40.422,40.452,9434430
2015-03-20,121.91,122.02,118.95,119.67,72283235,40.694,40.913,40.626,40.712,18770067
2015-03-23,120.8,121.51,120.24,120.89,39679274,40.704,40.904,40.704,40.712,3921436
2015-03-24,120.91,121.7,120.28,120.4,34557741,40.741,40.857,40.578,40.578,7436726
2015-03-25,120.26,120.52,117.27,117.27,54353186,40.531,40.608,39.534,39.534,8541061
2015-03-26,116.66,118.67,116.52,118.07,50057655,39.257,39.764,39.182,39.564,9406326
2015-03-27,118.41,118.5,116.81,117.14,41611700,39.564,39.699,39.374,39.594,8264273
2015-03-30,117.89,120.13,117.85,120.1,49559739,39.813,40.101,39.813,40.072,6901853
2015-03-31,119.83,120.21,118.18,118.24,44289056,39.946,40.023,39.66,39.66,8321036
2015-04-01,118.62,118.91,116.99,118.08,42743165,39.68,39.735,39.325,39.604,10895801
2015-04-02,118.82,119.33,118.02,119.1,33903042,39.623,39.755,39.515,39.594,5714660
2015-04-06,118.28,121.18,118.15,121.02,39136637,39.325,40.053,39.276,39.975,7674332
2015-04-07,121.31,121.77,119.73,119.76,36819494,39.975,40.215,39.88,39.89,4894571
2015-04-08,119.62,120.13,118.76,119.37,39279005,39.89,40.138,39.813,40.014,7526794
2015-04-09,119.62,120.3,118.46,120.28,34132932,40.014,40.186,39.804,40.118,7604239
2015-04-10,119.7,120.89,119.04,120.78,42287023,40.072,40.309,40.033,40.274,4509914
2015-04-13,121.99,122.19,120.33,120.54,38264547,40.349,40.521,40.148,40.158,4061555
2015-04-14,120.69,120.97,119.67,120.03,26857714,40.177,40.225,39.843,40.033,6113908
2015-04-15,120.14,120.81,119.76,120.48,30457939,40.118,40.475,40.101,40.387,13118407
2015-04-16,120.01,120.78,119.85,119.91,29850770,40.245,40.359,40.128,40.245,9523399
2015-04-17,119.32,119.88,118.27,118.55,54670854,39.919,39.995,39.564,39.69,10615356
2015-04-20,119.32,121.77,118.96,121.27,49502951,39.872,40.416,39.852,40.368,5063256
2015-04-21,121.75,121.84,120.38,120.6,34094920,40.608,40.616,40.301,40.349,5225854
2015-04-22,120.69,122.46,120.05,122.22,39585604,40.425,40.799,40.282,40.761,6368693
2015-04-23,121.94,123.94,121.78,123.24,48161636,40.665,41.087,40.569,40.922,6164584
2015-04-24,123.99,124.13,122.81,123.82,46851616,41.25,41.326,41.05,41.279,6508368
2015-04-27,125.74,126.53,124.63,126.06,102018381,41.43,41.565,41.308,41.39,9665770
2015-04-28,127.78,127.86,123.14,124.06,125135690,41.509,41.679,41.106,41.527,9560483
2015-04-29,123.72,125.06,121.94,122.24,66696822,41.25,41.574,41.068,41.326,8955774
2015-04-30,121.17,121.54,118.38,118.94,87540921,41.096,41.24,40.588,40.751,9040826
2015-05-01,119.84,123.69,119.08,122.54,61568872,41.0,41.27,40.886,41.25,11021710
2015-05-04,123.07,124.07,121.9,122.3,53651452,41.279,41.499,41.27,41.288,8044220
2015-05-05,121.79,122.07,119.55,119.57,51844979,41.25,41.25,40.616,40.646,8468545
2015-05-06,120.28,120.45,117.25,118.8,75857987,40.79,40.876,40.063,40.301,10317025
2015-05-07,119.07,120.33,118.35,119.55,45652779,40.368,40.741,40.282,40.598,5893423
2015-05-08,120.89,121.79,120.35,121.79,58208702,41.01,41.21,40.941,41.18,10259887
2015-05-11,121.58,121.74,119.89,120.54,44047350,41.152,41.2,40.932,40.97,6317763
2015-05-12,119.86,121.08,119.12,120.12,50464764,40.751,40.932,40.396,40.751,7993885
2015-05-13,120.39,121.39,120.13,120.26,36354556,40.913,41.16,40.838,40.922,9724152
2015-05-14,121.6,123.07,121.36,123.07,47366643,41.26,41.602,41.21,41.583,7289188
2015-05-15,123.18,123.6,122.35,122.89,40021590,41.65,41.709,41.353,41.45,8848268
2015-05-18,122.51,124.75,122.49,124.23,53256393,41.39,41.728,41.336,41.65,3545602
2015-05-19,124.72,124.9,123.74,124.11,46769197,41.699,41.746,41.499,41.546,4770281
2015-05-20,124.04,125.0,123.45,124.1,38199509,41.574,41.795,41.42,41.574,11505119
2015-05-21,124.11,125.61,123.89,125.41,41631624,41.517,41.804,41.46,41.756,3879744
2015-05-22,125.6,126.9,125.42,126.49,47777927,41.659,41.833,41.621,41.728,4146607
2015-05-26,126.54,126.84,123.23,123.72,74044081,41.602,41.631,41.0,41.124,8280033
2015-05-27,124.37,126.22,124.09,126.01,48026583,41.279,41.927,41.25,41.9,13151907
2015-05-28,125.83,125.92,125.12,125.75,32191239,41.785,41.89,41.689,41.814,4874202
2015-05-29,125.25,125.47,123.95,124.31,53319512,41.814,41.833,41.4,41.509,8085597
2015-06-01,125.22,125.41,124.09,124.57,33649578,41.756,41.766,41.363,41.621,7247615
2015-06-02,123.92,124.68,123.43,124.0,35247319,41.479,41.728,41.26,41.537,5890794
2015-06-03,124.69,124.96,123.95,124.16,32466240,41.631,41.851,41.546,41.621,5911201
2015-06-04,123.68,124.61,123.03,123.47,40290158,41.42,41.631,41.142,41.24,8721826
2015-06-05,123.63,123.79,122.49,122.77,37331747,41.19,41.279,40.922,41.106,8074210
2015-06-08,123.02,123.32,121.03,121.97,55195489,41.096,41.106,40.569,40.646,8755470
2015-06-09,120.91,122.22,119.88,121.61,58732198,40.539,40.704,40.274,40.549,8052530
2015-06-10,122.09,123.45,122.0,123.0,40948345,40.722,41.27,40.646,41.18,9367179
2015-06-11,123.29,124.22,122.6,122.71,37084550,41.363,41.43,41.142,41.2,5898035
2015-06-12,122.32,122.46,121.31,121.37,38579953,41.0,41.068,40.799,40.838,6412222
2015-06-15,120.34,121.43,119.97,121.12,46094023,40.569,40.646,40.282,40.588,9591059
2015-06-16,121.22,122.0,120.59,121.78,33001274,40.569,40.904,40.503,40.857,9585000
2015-06-17,121.89,122.03,120.95,121.49,34493316,40.886,41.04,40.636,40.876,11518550
2015-06-18,121.43,122.44,121.42,122.03,37101639,40.857,41.308,40.847,41.24,9365365
2015-06-19,121.92,121.98,120.62,120.81,57335314,41.154,41.253,40.896,40.896,13974917
2015-06-22,121.68,122.2,121.28,121.78,35668278,41.243,41.356,41.135,41.233,5656519
2015-06-23,121.67,121.78,121.08,121.23,31717403,41.319,41.329,41.163,41.263,4153877
2015-06-24,121.41,123.87,121.32,122.25,57926303,41.193,41.404,41.07,41.07,5041552
2015-06-25,122.98,123.31,121.69,121.69,33466523,41.282,41.319,40.962,40.972,5111349
2015-06-26,121.84,122.14,120.73,120.96,46175652,40.953,40.992,40.511,40.626,10583232
2015-06-29,119.73,120.69,118.79,118.84,51514057,40.193,40.434,39.751,39.761,13634356
2015-06-30,119.83,120.36,119.16,119.7,46494077,40.06,40.079,39.696,39.8,11840576
2015-07-01,121.1,121.14,120.24,120.81,31685901,40.156,40.243,39.897,40.069,8477030
2015-07-02,120.65,120.9,120.03,120.66,28513099,40.184,40.262,39.973,40.126,5368070
2015-07-06,119.23,120.46,119.15,120.25,29403250,39.839,40.146,39.741,39.963,7810884
2015-07-07,120.15,120.39,118.11,119.95,49193474,40.04,40.079,39.271,40.02,20450284
2015-07-08,118.79,118.95,116.94,116.97,63669393,39.696,39.78,39.348,39.368,16809679
2015-07-09,118.19,118.38,113.77,114.59,82356224,39.819,39.925,39.214,39.214,9355376
2015-07-10,116.37,118.19,115.67,117.65,64290561,39.713,39.973,39.618,39.839,7019600
2015-07-13,119.32,120.01,118.63,119.92,43423667,40.089,40.474,40.079,40.444,7355794
2015-07-14,120.29,120.59,119.33,119.87,33279159,40.454,40.704,40.434,40.598,6372649
2015-07-15,119.98,121.35,119.84,121.02,35239317,40.578,40.732,40.493,40.608,6801348
2015-07-16,121.94,122.69,121.54,122.63,37955852,40.923,41.144,40.848,41.126,5415920
2015-07-17,123.19,123.72,122.44,123.72,48373947,41.483,41.761,41.424,41.761,8087577
2015-07-20,124.99,126.9,124.73,126.03,61718915,41.906,42.117,41.761,41.982,9683666
2015-07-21,126.78,126.85,124.35,124.78,80429635,41.771,41.925,41.664,41.704,6215420
2015-07-22,116.42,119.77,116.42,119.51,120975577,40.886,41.233,40.858,41.032,8936592
2015-07-23,120.43,121.29,119.35,119.45,53440014,41.144,41.31,40.848,40.943,6576790
2015-07-24,119.61,120.0,118.23,118.81,44180009,41.144,41.203,40.694,40.722,10137817
2015-07-27,117.48,117.97,116.55,117.17,46582952,40.395,40.656,40.3,40.358,9001396
2015-07-28,117.75,118.24,116.95,117.75,35226815,40.531,40.8,40.253,40.722,8204600
2015-07-29,117.54,117.87,116.68,117.39,38782874,40.722,41.08,40.578,40.992,8713050
2015-07-30,116.73,116.97,116.14,116.78,35237502,40.819,41.135,40.626,41.07,7081908
2015-07-31,117.0,117.04,115.4,115.76,44937189,41.116,41.183,40.858,40.933,11350590
2015-08-03,115.95,116.97,112.15,113.02,73291498,40.914,40.982,40.464,40.712,9568084
2015-08-04,112.06,112.33,108.07,109.41,130079349,40.675,40.712,40.328,40.474,7679506
2015-08-05,107.8,112.08,106.98,110.13,104065281,40.732,41.154,40.646,40.867,10810518
2015-08-06,111.17,111.68,109.4,110.37,55158515,40.867,41.032,40.318,40.464,6753096
2015-08-07,109.84,111.44,109.76,110.74,40338410,40.367,40.549,40.213,40.493,8230604
2015-08-10,111.71,115.04,111.71,114.78,57321780,40.675,41.173,40.675,41.126,5796010
2015-08-11,112.93,113.28,108.64,108.8,101212493,41.012,41.07,40.395,40.511,28443874
2015-08-12,107.88,110.64,105.09,110.47,106071713,40.213,40.771,39.839,40.694,10439060
2015-08-13,111.24,111.58,109.8,110.38,50629240,40.722,40.848,40.493,40.578,6910899
2015-08-14,109.59,111.49,109.31,111.16,44781223,40.474,40.819,40.444,40.781,6192327
2015-08-17,111.24,112.79,110.72,112.32,42648223,40.626,41.012,40.493,41.012,5816398
2015-08-18,111.61,112.6,111.21,111.68,36051444,40.914,40.972,40.752,40.8,4880424
2015-08-19,111.3,111.7,109.93,110.25,50369291,40.675,40.877,40.3,40.531,9598577
2015-08-20,109.37,109.62,107.01,107.98,71456351,40.099,40.272,39.539,39.539,14278658
2015-08-21,105.87,107.27,101.28,101.4,133808438,39.118,39.417,38.031,38.031,24617860
2015-08-24,90.948,104.32,88.196,98.855,169159067,35.579,38.079,30.109,36.665,37555294
2015-08-25,106.51,106.51,99.213,99.452,108070357,37.944,38.012,36.204,36.243,19353390
2015-08-26,102.64,105.34,100.7,105.15,100948881,36.963,38.128,36.646,38.07,35770808
2015-08-27,107.59,108.55,105.47,108.25,88265831,38.588,38.964,38.089,38.954,20913798
2015-08-28,107.54,108.62,106.93,108.6,55457595,38.781,39.099,38.695,39.031,14392351
2015-08-31,107.4,109.79,107.37,108.09,58654593,38.714,39.099,38.579,38.675,11494451
2015-09-01,105.6,107.25,102.91,103.26,80160471,37.859,38.184,37.253,37.436,22144878
2015-09-02,105.68,107.7,104.6,107.7,64558315,37.992,38.377,37.628,38.339,13195079
2015-09-03,107.84,108.11,105.49,105.81,55530094,38.551,38.867,38.253,38.368,11474581
2015-09-04,104.47,105.89,104.03,104.74,52152843,37.859,38.05,37.599,37.781,14334412
2015-09-08,107.03,107.91,105.76,107.67,57209226,38.502,38.867,38.405,38.839,9834702
2015-09-09,109.07,109.32,105.23,105.6,88677659,39.089,39.28,38.253,38.329,10040247
2015-09-10,105.72,108.59,105.35,107.92,65588130,38.272,38.935,38.253,38.714,14588244
2015-09-11,107.16,109.49,107.13,109.49,52068455,38.445,38.896,38.435,38.896,7135480
2015-09-14,111.76,112.06,110.11,110.54,60880851,39.059,39.099,38.704,38.8,7744623
2015-09-15,111.15,111.71,109.69,111.47,45210576,38.925,39.407,38.82,39.3,9159921
2015-09-16,111.44,111.72,110.66,111.59,38776840,39.251,39.502,39.205,39.464,8028390
2015-09-17,110.88,111.67,109.03,109.22,66878079,39.3,39.8,39.059,39.195,17457353
2015-09-18,107.57,109.57,107.24,108.76,77489421,38.734,39.092,38.599,38.676,11849399
2015-09-21,108.98,110.59,108.97,110.44,52388174,38.753,39.188,38.715,39.072,7207757
2015-09-22,108.69,109.46,107.87,108.71,52517731,38.445,38.599,38.174,38.415,12724712
2015-09-23,108.94,109.97,108.61,109.59,37299049,38.551,38.656,38.299,38.512,5879909
2015-09-24,108.56,110.72,107.73,110.24,52307402,38.077,38.618,37.876,38.512,11419919
2015-09-25,111.62,111.86,109.32,109.96,58573958,38.869,38.917,38.271,38.445,11213573
2015-09-28,109.15,109.83,107.8,107.8,54334671,38.28,38.338,37.546,37.565,13030339
2015-09-29,108.16,108.82,103.4,104.55,76529838,37.663,37.913,37.131,37.403,13568871
2015-09-30,105.62,106.93,104.25,105.74,69340249,37.856,38.203,37.748,38.145,12909656
2015-10-01,104.56,105.08,102.86,105.04,66686622,38.145,38.28,37.653,38.164,13998198
2015-10-02,103.55,106.41,103.1,105.82,60522325,37.719,38.705,37.585,38.705,15446895
2015-10-05,105.33,106.77,104.56,106.2,54302250,38.947,39.564,38.869,39.468,8873240
2015-10-06,106.06,107.11,105.22,106.71,50964296,39.333,39.604,39.323,39.515,10207978
2015-10-07,107.11,107.14,104.87,106.2,48782741,39.727,39.865,39.228,39.701,15759543
2015-10-08,105.64,105.64,103.74,104.96,64652927,39.544,39.96,39.352,39.884,15920855
2015-10-09,105.45,107.64,104.95,107.49,55008109,39.998,40.087,39.835,40.057,11780625
2015-10-12,108.06,108.08,106.84,106.99,31773458,40.144,40.164,39.932,40.107,6568717
2015-10-13,106.24,107.81,106.11,107.16,34474745,39.894,40.26,39.884,40.018,9269794
2015-10-14,106.69,106.91,105.02,105.66,46380294,39.904,40.182,39.835,39.942,13209130
2015-10-15,106.35,107.47,105.93,107.23,39298405,40.107,40.473,40.087,40.453,8720966
2015-10-16,107.15,107.37,105.97,106.44,40924861,40.559,40.559,40.289,40.531,7752132
2015-10-19,106.22,107.12,105.56,107.1,31042788,40.443,40.685,40.327,40.685,7343990
2015-10-20,106.74,109.45,106.24,109.08,51079941,40.521,40.694,40.414,40.578,6139510
2015-10-21,109.3,110.8,109.01,109.07,44152631,40.665,40.772,40.221,40.27,9751623
2015-10-22,109.6,110.72,109.39,110.72,43450707,40.559,41.266,40.559,41.176,14741704
2015-10-23,111.87,114.3,111.51,114.16,61927636,42.201,42.491,42.067,42.327,17284637
2015-10-26,113.19,113.24,110.17,110.51,69194942,42.289,42.289,42.008,42.162,8582517
2015-10-27,110.62,111.72,109.29,109.81,72898797,42.067,42.181,41.872,41.921,7951676
2015-10-28,112.1,114.37,111.26,114.34,89241471,42.114,42.549,41.988,42.549,15304510
2015-10-29,113.79,115.7,113.37,115.54,53436940,42.299,42.491,42.172,42.432,7879294
2015-10-30,115.97,116.2,114.51,114.56,51494522,42.501,42.51,42.142,42.152,9671266
2015-11-02,114.92,116.34,114.67,116.16,33585292,42.23,42.549,42.122,42.529,14231483
2015-11-03,115.8,118.38,115.71,117.51,47482394,42.394,42.905,42.318,42.752,7123410
2015-11-04,118.04,118.69,116.59,116.95,46788462,42.848,42.915,42.694,42.801,7557879
2015-11-05,117.32,118.12,115.7,116.42,41082805,42.838,43.051,42.587,42.674,6967724
2015-11-06,116.6,117.28,116.12,116.56,34320534,42.625,42.838,42.472,42.82,7112903
2015-11-09,116.46,117.28,115.57,116.07,35181795,42.694,42.694,42.201,42.404,10506655
2015-11-10,112.56,113.67,111.74,112.43,61415434,42.162,42.172,41.949,42.122,17886793
2015-11-11,112.04,113.03,110.92,111.79,46967285,42.22,42.432,42.038,42.104,8492428
2015-11-12,111.93,112.48,111.34,111.41,33783843,41.902,42.104,41.728,41.736,8319287
2015-11-13,110.91,111.26,108.08,108.15,47584787,41.593,41.65,40.906,40.915,15579339
2015-11-16,107.23,109.98,106.87,109.92,39580968,40.849,41.554,40.83,41.544,9401720
2015-11-17,110.63,110.76,109.11,109.46,28685340,41.631,41.872,41.467,41.554,9728219
2015-11-18,111.45,113.1,111.19,112.91,48480343,41.746,42.22,41.699,42.181,10527954
2015-11-19,113.25,115.29,112.42,114.36,44970842,42.22,42.578,42.21,42.374,9700157
2015-11-20,114.77,115.45,114.42,114.86,35613492,42.549,42.694,42.501,42.684,7547098
2015-11-23,114.83,115.27,112.95,113.35,33739180,42.713,42.732,42.279,42.432,7483724
2015-11-24,112.95,114.91,112.77,114.45,44451376,42.114,42.578,42.018,42.442,11704929
2015-11-25,114.78,114.79,113.52,113.63,22215769,42.452,42.462,42.299,42.309,6810116
2015-11-27,113.89,114.01,113.21,113.41,13551137,42.354,42.482,42.289,42.404,3935712
2015-11-30,113.59,114.97,113.35,113.9,40696103,42.462,42.587,42.309,42.452,17630295
2015-12-01,114.33,114.38,112.52,112.95,36200728,42.625,42.838,42.529,42.829,8055837
2015-12-02,112.7,113.71,111.76,111.95,34660013,42.876,43.033,42.51,42.559,10041557
2015-12-03,112.21,112.45,109.96,110.91,43169645,42.674,42.801,41.806,42.008,12275362
2015-12-04,111.0,114.81,110.82,114.6,60012168,42.132,43.117,42.047,43.042,13296217
2015-12-07,114.55,115.4,113.41,113.88,33325471,42.994,43.033,42.625,42.829,13270123
2015-12-08,113.13,114.19,112.52,113.83,35636755,42.462,42.838,42.336,42.722,11782536
2015-12-09,113.25,113.29,110.79,111.31,48154922,42.539,42.856,41.892,42.094,16831595
2015-12-10,111.72,112.6,111.2,111.84,30342878,42.21,42.529,42.086,42.21,9395714
2015-12-11,110.9,111.1,108.64,108.97,48700025,41.746,41.845,41.304,41.332,17562777
2015-12-14,107.99,108.47,105.71,108.29,67497102,41.322,41.659,40.897,41.65,21772415
2015-12-15,107.78,108.59,106.24,106.37,55386059,41.968,42.122,41.776,41.835,17626568
2015-12-16,106.94,107.83,104.74,107.19,58414146,42.094,42.482,41.669,42.404,18819386
2015-12-17,107.85,108.06,104.91,104.91,46504966,42.578,42.578,41.728,41.736,12538733
2015-12-18,104.84,105.44,101.87,102.09,100184873,41.616,41.705,40.859,40.927,21237533
2015-12-21,103.28,103.37,101.63,103.33,49431782,41.269,41.373,40.996,41.346,11502002
2015-12-22,103.4,103.72,102.49,103.23,34053824,41.502,41.715,41.308,41.646,9770393
2015-12-23,103.27,104.78,103.2,104.56,33920744,41.869,42.035,41.733,41.995,8289371
2015-12-24,104.93,104.93,103.93,104.01,14122706,42.025,42.084,41.926,41.975,2531588
2015-12-28,103.59,103.69,102.22,102.83,27737339,41.822,41.975,41.588,41.946,7395056
2015-12-29,102.97,105.35,102.87,104.68,32127908,42.199,42.629,42.112,42.52,7015842
2015-12-30,104.53,104.64,103.18,103.32,23107102,42.501,42.501,42.16,42.16,7414934
2015-12-31,103.02,103.04,100.91,101.35,40331735,42.015,42.042,41.568,41.568,9102594
2016-01-04,98.786,101.46,98.211,101.44,65260163,40.821,41.036,40.384,41.026,22198499
2016-01-05,101.81,101.91,98.597,98.885,54763789,41.15,41.249,40.734,40.917,16468442
2016-01-06,96.816,98.558,96.149,96.949,69848688,40.316,40.68,40.167,40.413,14278759
2016-01-07,95.003,96.4,92.839,92.857,79584675,39.589,40.1,39.201,39.221,17321357
2016-01-08,94.879,95.417,93.157,93.349,72263364,39.559,39.692,38.861,38.908,19816517
2016-01-11,95.283,95.369,93.715,94.86,51663692,39.181,39.336,38.676,39.161,19715871
2016-01-12,96.806,96.94,95.159,96.238,48788856,39.579,39.714,39.123,39.627,16274731
2016-01-13,96.584,97.417,93.675,93.762,63633079,39.919,39.919,38.492,38.56,22580499
2016-01-14,94.31,96.74,92.175,95.814,64047546,38.725,39.589,38.264,39.306,20396049
2016-01-15,92.618,94.071,91.807,93.512,81347795,38.007,38.55,37.714,38.161,20699397
2016-01-19,94.745,94.977,91.943,93.059,55141551,38.628,38.696,37.881,38.22,20255339
2016-01-20,91.557,94.532,89.941,93.184,72332171,37.569,38.298,36.908,37.919,30531119
2016-01-21,93.445,94.235,91.404,92.712,48343798,38.133,38.686,37.658,38.133,22807489
2016-01-22,94.957,97.68,94.707,97.641,66786882,38.861,39.201,38.803,39.191,11589607
2016-01-25,97.739,97.748,95.517,95.736,51552663,38.978,39.316,38.666,38.715,10781406
2016-01-26,96.209,97.124,94.418,96.266,62947239,38.889,39.201,38.642,39.113,11808286
2016-01-27,92.463,93.029,89.863,89.941,136183663,38.793,39.026,38.133,38.306,18569123
2016-01-28,90.295,91.0,88.948,90.585,57221872,38.87,38.948,38.336,38.803,18098876
2016-01-29,91.258,93.715,90.835,93.715,64001873,39.123,40.054,39.045,40.024,16602146
2016-02-01,92.876,93.108,91.847,92.839,39944544,39.861,40.356,39.826,40.171,15245800
2016-02-02,91.867,92.463,90.769,90.961,36704829,40.054,40.064,39.326,39.453,14374572
2016-02-03,91.462,93.233,90.575,92.761,46169095,39.706,39.723,38.793,39.405,22115272
2016-02-04,92.79,94.214,92.142,93.506,46932646,39.326,39.701,39.026,39.443,18755506
2016-02-05,93.429,93.816,90.69,91.009,44587215,39.287,39.356,38.181,38.336,24488579
2016-02-08,90.148,92.636,90.06,91.968,54462376,37.692,37.891,37.128,37.778,25265546
2016-02-09,91.27,92.868,90.923,91.948,43358326,37.326,38.143,37.264,37.609,25506576
2016-02-10,92.849,93.264,91.087,91.252,42513754,37.929,38.371,37.649,37.687,17480127
2016-02-11,90.786,91.688,89.625,90.7,47475842,37.195,37.832,37.123,37.589,25372376
2016-02-12,91.174,91.474,90.031,90.98,40597943,37.891,38.143,37.678,38.113,11212947
2016-02-16,91.977,93.749,91.579,93.545,46978971,38.54,38.803,38.331,38.793,10594143
2016-02-17,93.575,95.065,93.07,94.979,43799633,39.016,39.667,38.968,39.589,11466456
2016-02-18,95.675,95.724,93.013,93.177,38283311,39.723,39.772,39.356,39.433,11928358
2016-02-19,92.926,93.66,92.732,92.965,33669312,39.287,39.579,39.186,39.463,8839679
2016-02-22,93.226,93.798,92.849,93.778,34204278,39.821,40.044,39.763,39.986,6790604
2016-02-23,93.314,93.41,91.523,91.659,30704980,39.821,39.861,39.277,39.356,8404232
2016-02-24,90.97,93.294,90.331,93.022,35993405,38.928,39.733,38.725,39.657,10418327
2016-02-25,92.975,93.66,92.202,93.66,25516566,39.792,40.171,39.482,40.152,9688812
2016-02-26,94.087,94.884,93.488,93.808,28393158,40.375,40.413,39.957,40.044,10069555
2016-02-29,93.758,95.085,93.555,93.594,31134115,40.005,40.381,39.763,39.763,14014712
2016-03-01,94.522,97.542,94.299,97.309,50578114,40.104,40.947,40.044,40.947,12677858
2016-03-02,97.289,97.661,96.449,97.522,33443244,40.802,41.064,40.729,41.064,9013753
2016-03-03,97.357,98.459,97.232,98.26,35928675,41.084,41.089,40.744,41.064,8123056
2016-03-04,99.093,100.42,98.132,99.73,45219857,41.074,41.368,40.903,41.169,8125250
2016-03-07,99.113,99.54,97.729,98.607,33651382,40.937,41.103,40.616,40.917,16293324
2016-03-08,97.552,98.508,97.183,97.797,31433660,40.675,41.001,40.521,40.665,12055282
2016-03-09,98.072,98.338,97.055,97.885,25017401,40.724,41.026,40.724,41.016,12520269
2016-03-10,98.171,98.964,96.94,97.935,34622277,41.189,41.373,40.472,40.976,13331104
2016-03-11,98.964,99.004,98.26,98.984,26173003,41.382,41.616,41.288,41.607,9087838
2016-03-14,98.646,99.62,98.518,99.233,25905632,41.482,41.733,41.462,41.655,10366278
2016-03-15,100.63,101.81,100.52,101.24,41393259,41.492,41.85,41.472,41.812,6512944
2016-03-16,101.27,102.9,101.25,102.57,39570655,41.616,42.363,41.607,42.298,15204727
2016-03-17,102.14,103.06,101.59,102.41,35559413,42.218,42.587,42.17,42.452,9651242
2016-03-18,102.93,103.09,101.82,102.53,45667572,42.617,42.646,42.33,42.52,9651257
2016-03-21,102.54,104.21,101.77,102.52,36677182,42.422,42.686,42.403,42.666,8204856
2016-03-22,101.88,103.86,101.84,103.3,33517703,42.472,42.842,42.467,42.676,13442807
2016-03-23,103.07,103.65,102.51,102.73,26553819,42.617,42.666,42.343,42.432,10943680
2016-03-24,102.1,102.84,101.53,102.28,26997489,42.247,42.55,42.188,42.55,6913010
2016-03-28,102.6,102.78,101.69,101.82,18989484,42.588,42.641,42.363,42.442,6569198
2016-03-29,101.53,104.34,101.53,104.24,30594055,42.363,43.133,42.317,43.105,10335181
2016-03-30,105.17,106.89,105.12,106.05,45807935,43.328,43.574,43.263,43.358,11231627
2016-03-31,106.21,106.38,105.39,105.5,24742478,43.301,43.487,43.193,43.273,14926940
2016-04-01,105.3,106.47,104.73,106.46,25945411,42.969,43.622,42.929,43.602,9897129
2016-04-04,106.89,108.59,106.74,107.56,35942137,43.534,43.631,43.348,43.437,7838565
2016-04-05,106.01,107.18,105.92,106.3,25609378,43.153,43.263,42.929,43.019,10996032
2016-04-06,106.7,107.43,105.71,107.41,25984596,43.029,43.437,42.87,43.437,11418747
2016-04-07,106.42,106.89,104.65,105.06,30475096,43.123,43.213,42.646,42.813,10898366
2016-04-08,105.42,106.26,104.7,105.18,23790775,43.039,43.198,42.666,42.813,8983287
2016-04-11,105.48,107.07,105.34,105.53,27359835,42.999,43.253,42.696,42.696,8343267
2016-04-12,105.84,106.97,105.18,106.91,27011785,42.774,43.024,42.482,42.989,9833329
2016-04-13,107.25,108.74,107.25,108.44,32986760,43.243,43.497,43.193,43.427,8074793
2016-04-14,108.04,108.79,107.77,108.5,25034296,43.367,43.554,43.268,43.417,6666373
2016-04-15,108.51,108.7,106.22,106.34,45477740,43.358,43.472,43.163,43.253,6623445
2016-04-18,105.4,105.46,103.52,104.04,60827213,43.123,43.437,43.057,43.437,7291846
2016-04-19,104.43,104.54,102.82,103.49,31809676,43.517,43.564,42.949,43.193,6633689
2016-04-20,103.22,104.62,102.66,103.71,27283535,43.233,43.477,43.105,43.283,7037041
2016-04-21,103.51,103.51,102.14,102.57,30241777,43.223,43.306,43.019,43.105,11542048
2016-04-22,101.64,103.07,101.28,102.29,33801240,42.442,42.656,42.149,42.373,15291756
2016-04-25,101.63,102.26,101.17,101.71,27531875,42.257,42.398,42.149,42.383,9592982
2016-04-26,100.58,101.93,100.58,101.01,40792313,42.432,42.53,42.043,42.179,7548842
2016-04-27,92.926,95.55,92.617,94.678,112434674,41.642,42.033,41.487,41.983,13099356
2016-04-28,94.484,94.746,91.232,91.792,81721131,42.053,42.198,41.32,41.457,23240027
2016-04-29,90.98,91.688,89.548,90.739,69258022,41.223,41.292,40.794,41.096,12195498
2016-05-02,90.957,91.068,89.441,90.641,48928736,41.183,41.442,41.009,41.397,12845271
2016-05-03,91.184,92.676,90.68,92.132,57833504,41.114,41.203,40.881,41.029,12833077
2016-05-04,92.152,92.829,90.816,91.174,39613522,40.833,41.009,40.775,40.891,11520510
2016-05-05,91.543,91.612,90.259,90.804,35564617,41.009,41.101,40.813,40.91,13890240
2016-05-06,90.931,91.008,89.449,90.296,43943729,40.735,41.213,40.735,41.213,9462131
2016-05-09,90.57,91.32,90.171,90.366,31804157,41.233,41.407,41.183,41.213,7730936
2016-05-10,90.891,91.125,89.704,90.979,33492603,41.34,41.749,41.292,41.749,14262151
2016-05-11,91.037,91.125,90.044,90.093,24986431,41.642,41.876,41.447,41.467,7332028
2016-05-12,90.296,90.356,87.133,87.979,76624902,41.603,41.603,41.067,41.35,9571558
2016-05-13,87.649,89.274,87.649,88.154,43567098,41.32,41.574,41.124,41.173,11196161
2016-05-16,89.976,91.924,89.255,91.427,61321587,41.213,41.847,41.213,41.749,6555060
2016-05-17,92.08,92.225,90.579,91.047,45087968,41.622,41.823,41.2,41.33,10190180
2016-05-18,91.701,92.722,91.437,92.09,42224835,41.223,41.73,41.163,41.407,11178086
2016-05-19,92.168,92.168,91.125,91.737,30385734,41.311,41.359,40.934,41.183,8842929
2016-05-20,92.168,92.937,92.05,92.732,30922310,41.407,41.774,41.377,41.681,6020714
2016-05-23,93.364,94.65,93.171,93.909,37195696,41.661,41.838,41.565,41.574,8622665
2016-05-24,94.68,95.528,94.309,95.342,30438731,41.769,42.452,41.769,42.383,9698918
2016-05-25,96.092,97.134,95.547,96.998,35401739,42.56,42.813,42.501,42.676,10081730
2016-05-26,97.075,98.102,96.063,97.787,56007085,42.676,42.876,42.589,42.813,6669313
2016-05-27,96.841,97.846,96.652,97.729,35434339,42.804,43.076,42.755,43.076,7983982
2016-05-31,96.998,97.778,96.239,97.251,40046258,43.057,43.163,42.851,43.123,12665126
2016-06-01,96.432,96.94,95.761,95.886,28795510,42.959,43.109,42.89,42.999,7036167
2016-06-02,95.049,95.283,94.105,95.167,39671824,42.823,42.959,42.607,42.959,7959873
2016-06-03,95.235,95.703,94.904,95.361,26032342,42.9,42.954,42.627,42.833,8505257
2016-06-06,95.429,99.223,95.0,96.054,23399089,42.89,43.09,42.851,42.939,8852875
2016-06-07,96.657,97.261,96.374,96.442,21261857,43.076,43.213,43.067,43.114,4520044
2016-06-08,96.432,96.959,96.101,96.354,19634691,43.105,43.273,43.039,43.203,8356766
2016-06-09,95.926,97.377,95.886,97.046,26357497,43.029,43.263,42.999,43.213,13244604
2016-06-10,95.955,96.75,95.906,96.258,26692624,42.88,43.024,42.735,42.88,8481761
2016-06-13,96.11,96.531,94.563,94.796,36532227,42.501,42.755,42.393,42.403,12135131
2016-06-14,94.777,95.901,94.222,94.914,31680335,42.307,42.569,42.198,42.501,8621836
2016-06-15,95.265,95.838,94.495,94.602,26709300,42.569,42.651,42.343,42.412,7255184
2016-06-16,93.929,95.195,93.56,95.0,31329507,42.179,42.55,41.944,42.482,9837734
2016-06-17,94.095,94.125,92.81,92.839,56080025,42.394,42.492,42.007,42.198,11692491
2016-06-20,93.492,94.046,92.546,92.616,34353316,42.571,42.743,42.364,42.374,6994071
2016-06-21,92.459,93.832,92.204,93.404,32787026,42.502,42.767,42.463,42.668,5851583
2016-06-22,93.735,94.359,92.859,93.063,26879714,42.678,42.835,42.473,42.512,6626376
2016-06-23,93.433,93.774,92.761,93.589,31379225,42.797,43.138,42.638,43.099,9944778
2016-06-24,90.482,92.183,90.229,90.96,64987579,41.581,42.285,41.355,41.473,24099675
2016-06-27,90.57,90.619,89.109,89.635,45491756,41.138,41.138,40.443,40.611,18889728
2016-06-28,90.472,91.213,89.732,91.145,39565203,41.062,41.413,40.993,41.413,13511673
2016-06-29,91.515,92.08,91.184,91.934,32943084,41.698,42.119,41.683,42.052,10716299
2016-06-30,91.973,93.267,91.836,93.102,34702639,42.149,42.532,42.052,42.512,13624024
2016-07-01,92.995,93.944,92.839,93.384,25603482,42.542,42.74,42.482,42.609,7625605
2016-07-05,92.898,92.907,91.99,92.556,27859251,42.384,42.443,42.169,42.327,8855987
2016-07-06,92.128,93.161,91.906,93.034,30109590,42.159,42.599,42.012,42.581,8009336
2016-07-07,93.199,93.979,93.122,93.433,24360033,42.552,42.787,42.433,42.59,6177761
2016-07-08,93.969,94.359,93.54,94.154,27265101,42.797,43.287,42.748,43.258,13005526
2016-07-11,94.222,95.099,94.213,94.445,23269626,43.393,43.604,43.354,43.513,5931421
2016-07-12,94.63,95.148,94.583,94.874,22288127,43.806,43.923,43.668,43.865,16341935
2016-07-13,94.864,95.118,94.309,94.339,22399014,43.992,44.021,43.849,43.875,10823625
2016-07-14,94.845,96.403,94.777,96.199,36057603,44.12,44.256,44.021,44.158,15798820
2016-07-15,96.334,96.706,95.926,96.199,30331958,44.306,44.306,43.992,44.12,4962811
2016-07-18,96.12,97.512,96.025,97.222,36732486,44.188,44.462,44.11,44.414,4190167
2016-07-19,96.959,97.387,96.745,97.261,22690490,44.335,44.423,44.25,44.316,4539653
2016-07-20,97.387,97.836,97.129,97.347,25320799,44.658,44.972,44.6,44.894,5474630
2016-07-21,97.222,98.369,96.541,96.831,30952856,44.904,44.962,44.551,44.658,5568875
2016-07-22,96.666,96.706,95.742,96.082,26506075,44.63,44.923,44.531,44.923,4802179
2016-07-25,95.683,96.258,94.388,94.796,39095508,44.845,44.948,44.726,44.865,4330597
2016-07-26,94.289,95.41,93.899,94.144,41543558,44.913,45.094,44.746,44.962,9240307
2016-07-27,101.53,101.62,100.07,100.26,92280275,45.452,45.452,45.119,45.334,11130329
2016-07-28,100.15,101.72,100.14,101.61,38147287,45.394,45.497,45.183,45.364,6457375
2016-07-29,101.47,101.82,100.97,101.49,25483464,45.559,45.639,45.394,45.541,10802516
2016-08-01,101.68,103.38,101.68,103.28,37755686,45.532,45.707,45.447,45.619,7992988
2016-08-02,103.28,103.3,101.29,101.75,32274886,45.532,45.629,45.06,45.276,11336541
2016-08-03,102.08,103.07,102.04,103.02,28107157,45.237,45.432,45.227,45.432,8141958
2016-08-04,103.38,103.79,103.08,103.67,25774059,45.442,45.697,45.404,45.678,8545262
2016-08-05,104.06,105.4,103.97,105.23,34200101,45.825,46.139,45.776,46.119,6185453
2016-08-08,105.28,106.11,104.92,106.11,26154976,46.168,46.286,46.011,46.109,5324959
2016-08-09,105.98,106.67,105.76,106.54,26028603,46.109,46.325,46.109,46.207,15219651
2016-08-10,106.44,106.63,105.51,105.75,22767897,46.226,46.246,46.001,46.06,3627992
2016-08-11,106.26,106.66,105.6,105.68,23833284,46.207,46.355,46.158,46.226,5365500
2016-08-12,105.53,106.18,105.53,105.93,18276547,46.216,46.216,46.08,46.178,3531227
2016-08-15,105.89,107.25,105.83,107.19,25003629,46.236,46.491,46.202,46.403,8447913
2016-08-16,107.34,107.93,106.94,107.1,33480899,46.325,46.325,46.06,46.06,4623751
2016-08-17,106.83,107.09,106.08,106.93,23217740,46.08,46.1,45.776,46.041,5394292
2016-08-18,106.96,107.31,106.75,106.81,19296763,46.031,46.109,45.889,46.06,3614740
2016-08-19,106.5,107.4,106.1,107.08,25057769,45.933,46.128,45.825,46.09,4884975
2016-08-22,106.59,106.77,105.6,106.25,25105654,45.962,46.138,45.884,46.09,4721905
2016-08-23,106.33,107.04,106.27,106.58,19390253,46.226,46.365,46.216,46.256,8469760
2016-08-24,106.3,106.48,105.43,105.78,23001540,46.236,46.256,45.894,46.001,6944124
2016-08-25,105.15,105.63,104.46,105.32,23392897,45.923,46.158,45.844,46.1,6032018
2016-08-26,105.17,105.7,104.1,104.7,27370509,46.07,46.452,45.869,46.119,12358120
2016-08-29,104.4,105.2,104.08,104.59,23921658,46.1,46.365,46.1,46.295,7123470
2016-08-30,103.6,104.29,103.3,103.78,22815497,46.207,46.305,45.982,46.139,5833593
2016-08-31,103.46,104.35,103.44,103.89,27265644,46.08,46.129,45.913,46.07,11386483
2016-09-01,103.93,104.57,103.42,104.5,25052908,46.05,46.246,45.844,46.207,9385405
2016-09-02,105.45,105.75,104.59,105.48,26313135,46.432,46.54,46.207,46.413,7039116
2016-09-06,105.65,106.04,105.27,105.45,23740653,46.442,46.649,46.383,46.649,15412365
2016-09-07,105.58,106.49,104.83,106.1,39707231,46.649,46.776,46.521,46.766,11818854
2016-09-08,105.01,105.03,103.04,103.32,50719791,46.6,46.61,46.261,46.375,8455625
2016-09-09,102.46,103.52,100.98,100.98,44964056,45.962,46.124,45.247,45.247,17509750
2016-09-12,100.51,103.52,100.39,103.24,41785747,45.021,46.1,44.952,46.001,19394272
2016-09-13,105.27,106.52,105.0,105.7,62547232,45.825,45.987,45.482,45.668,17709205
2016-09-14,106.46,110.66,106.34,109.44,108613122,45.678,46.168,45.668,45.884,17452558
2016-09-15,111.49,113.31,111.12,113.15,90447884,45.982,46.726,45.884,46.639,16648497
2016-09-16,112.72,113.71,111.67,112.53,71964632,46.655,46.655,46.26,46.466,16137104
2016-09-19,112.79,113.76,110.88,111.21,47369748,46.585,46.811,46.25,46.379,7235219
2016-09-20,110.68,111.75,110.17,111.2,34656540,46.536,46.625,46.287,46.349,5080884
2016-09-21,111.48,111.62,110.1,111.18,33923980,46.526,46.9,46.349,46.871,12240585
2016-09-22,111.97,112.55,111.63,112.23,30131295,47.146,47.211,47.037,47.156,10666460
2016-09-23,112.04,112.4,109.23,110.36,52802745,47.146,47.146,46.663,46.742,12178258
2016-09-26,109.32,111.02,109.23,110.52,29240653,46.545,46.627,46.379,46.466,19927041
2016-09-27,110.63,110.81,110.0,110.72,24405226,46.526,46.998,46.408,46.978,8915598
2016-09-28,111.32,112.25,111.06,111.58,29459822,47.018,47.087,46.772,47.067,9193452
2016-09-29,110.79,111.43,109.47,109.85,35383410,47.008,47.123,46.645,46.782,11589344
2016-09-30,110.12,111.0,109.47,110.68,34063033,46.89,47.171,46.851,47.028,9363911
2016-10-03,110.36,110.68,109.94,110.18,21290000,46.9,47.008,46.778,46.89,6331112
2016-10-04,110.69,111.93,110.28,110.63,29927280,47.047,47.121,46.558,46.722,9044602
2016-10-05,111.03,111.29,110.34,110.68,20421419,46.851,46.998,46.801,46.89,9151923
2016-10-06,111.33,111.96,110.76,111.52,28654697,46.93,47.042,46.722,46.998,5085840
2016-10-07,111.93,112.17,111.14,111.69,24470377,47.037,47.097,46.645,46.871,6171090
2016-10-10,112.63,114.31,112.33,113.63,36107269,47.116,47.303,47.087,47.196,6764391
2016-10-11,115.25,116.21,113.78,113.88,63602119,47.196,47.254,46.456,46.663,8857739
2016-10-12,114.91,115.51,114.31,114.9,37745045,46.703,46.871,46.461,46.742,5602202
2016-10-13,114.35,115.0,113.3,114.54,34806734,46.437,46.595,46.053,46.447,9814799
2016-10-14,115.43,115.7,114.69,115.18,35191224,46.635,46.939,46.585,46.625,9599403
2016-10-17,114.89,115.39,114.34,115.11,22473663,46.625,46.717,46.496,46.526,5155234
2016-10-18,115.71,115.74,115.01,115.03,22508257,46.871,46.988,46.722,46.782,5139853
2016-10-19,114.81,115.31,111.43,114.68,19945147,46.752,46.92,46.663,46.871,5115408
2016-10-20,114.42,114.94,113.91,114.62,24118935,46.752,46.772,46.428,46.655,6244306
2016-10-21,114.37,114.47,113.86,114.17,22320703,46.722,46.811,46.595,46.782,8206134
2016-10-24,114.66,115.29,114.56,115.2,23201534,47.028,47.264,46.988,47.234,5435612
2016-10-25,115.48,115.89,114.87,115.78,39372794,47.303,47.303,46.978,47.067,4431936
2016-10-26,111.93,113.28,110.94,113.17,65731885,46.673,47.052,46.655,46.801,6379995
2016-10-27,112.97,113.44,111.73,112.1,28622558,47.008,47.018,46.683,46.742,8962157
2016-10-28,111.5,112.81,111.08,111.35,35517569,46.871,47.176,46.575,46.693,10584506
2016-10-31,111.28,111.85,110.83,111.17,26982072,46.811,46.88,46.673,46.673,5974007
2016-11-01,111.09,111.4,108.23,109.17,44759202,46.772,46.821,45.95,46.27,9210186
2016-11-02,109.08,110.01,108.91,109.27,28935110,46.27,46.408,45.862,45.975,8297821
2016-11-03,109.23,109.7,107.82,108.09,27365705,45.846,45.945,45.513,45.533,10287583
2016-11-04,106.82,108.5,106.4,107.11,31332886,45.493,45.817,45.338,45.453,8284082
2016-11-07,108.33,108.76,107.73,108.66,32097231,46.122,46.456,46.014,46.437,13436019
2016-11-08,108.56,109.95,107.96,109.31,23340607,46.349,46.856,46.299,46.663,9921220
2016-11-09,108.14,109.56,106.34,109.13,56639402,45.955,46.683,45.709,46.605,27561557
2016-11-10,109.34,109.34,104.16,106.08,57233876,46.871,46.871,45.217,45.856,40147546
2016-11-11,105.42,107.14,104.86,106.72,34260819,45.6,46.093,45.6,45.994,14316940
2016-11-14,106.01,106.1,102.43,104.04,51998455,46.034,46.063,45.079,45.296,19274403
2016-11-15,104.88,105.98,104.48,105.41,32783355,45.6,46.096,45.58,45.936,17648687
2016-11-16,105.01,108.48,104.91,108.25,59075293,45.826,46.388,45.768,46.359,10286178
2016-11-17,108.07,108.6,107.1,108.21,26926203,46.418,46.693,46.309,46.655,8278230
2016-11-18,107.98,108.79,107.92,108.31,26701564,46.762,46.861,46.521,46.615,8954817
2016-11-21,108.37,110.22,108.27,109.96,27750355,46.782,47.124,46.712,47.087,9119273
2016-11-22,110.18,110.63,109.64,110.03,22763071,47.244,47.311,47.126,47.234,8624562
2016-11-23,109.6,109.75,108.58,109.47,25113722,47.206,47.206,46.88,47.047,8246569
2016-11-25,109.38,110.1,109.2,110.02,11243972,47.077,47.254,47.028,47.244,3159243
2016-11-28,109.67,110.68,109.63,109.81,25507986,47.206,47.5,47.176,47.283,7607609
2016-11-29,109.03,110.26,108.32,109.7,28114816,47.254,47.539,47.146,47.313,6023255
2016-11-30,109.84,110.42,108.52,108.77,33487474,47.382,47.382,46.742,46.752,12003560
2016-12-01,108.62,109.19,107.3,107.76,35443246,46.693,46.811,45.66,45.788,22230553
2016-12-02,107.44,108.34,107.12,108.16,24243808,45.749,46.063,45.64,45.955,10212024
2016-12-05,108.26,108.29,106.54,107.38,32817489,46.21,46.511,46.024,46.398,9147950
2016-12-06,107.77,108.61,107.46,108.21,25593403,46.506,46.615,46.319,46.536,9402816
2016-12-07,107.53,109.43,107.43,109.28,29781884,46.506,47.459,46.476,47.422,10132346
2016-12-08,109.11,110.64,108.85,110.35,26299711,47.442,47.747,47.313,47.539,9828976
2016-12-09,110.53,112.88,110.53,112.15,33899172,47.718,47.884,47.638,47.884,12480637
2016-12-12,111.5,113.17,110.7,111.51,26334256,47.738,47.844,47.588,47.738,9738541
2016-12-13,112.04,114.09,111.95,113.36,42609408,47.944,48.573,47.914,48.336,14172104
2016-12-14,113.21,114.36,113.15,113.36,32880126,48.366,48.553,48.07,48.17,18192947
2016-12-15,113.55,114.89,113.4,113.99,44092267,48.229,48.627,48.15,48.386,11754976
2016-12-16,114.63,114.66,113.82,114.14,39326480,48.52,48.53,47.964,48.036,10668223
2016-12-19,113.97,115.51,113.92,114.8,26726101,48.075,48.54,48.036,48.382,6690892
2016-12-20,114.9,115.63,114.84,115.11,19184853,48.512,48.639,48.442,48.56,5771086
2016-12-21,114.96,115.53,114.94,115.21,21988995,48.54,48.56,48.362,48.462,4665378
2016-12-22,114.51,114.67,113.81,114.45,25566176,48.462,48.492,48.21,48.362,11206071
2016-12-23,113.76,114.68,113.76,114.68,13998412,48.313,48.422,48.228,48.412,6415516
2016-12-27,114.68,115.93,114.65,115.41,17786684,48.462,48.837,48.442,48.61,6863243
2016-12-28,115.65,116.15,114.36,114.92,19619378,48.669,48.734,48.155,48.175,7867048
2016-12-29,114.61,115.26,114.56,114.89,14988280,48.175,48.308,48.065,48.185,4851829
2016-12-30,114.81,115.35,113.6,113.99,31078121,48.293,48.293,47.661,47.808,8599604
2017-01-03,113.97,114.49,112.93,114.31,28186251,48.115,48.402,47.948,48.235,14086505
2017-01-04,114.02,114.67,113.92,114.19,20850505,48.273,48.472,48.245,48.402,7300000
2017-01-05,114.09,115.02,113.98,114.77,22044719,48.352,48.6,48.293,48.482,5545273
2017-01-06,114.94,116.29,114.63,116.04,31419514,48.482,48.906,48.342,48.837,8824528
2017-01-09,116.08,117.54,116.07,117.11,32145605,48.867,48.986,48.797,48.827,8408879
2017-01-10,116.89,117.49,116.43,117.23,21526096,48.837,49.006,48.669,48.837,7824723
2017-01-11,116.86,118.03,116.72,117.86,26871766,48.749,49.064,48.684,49.064,7673942
2017-01-12,117.01,117.41,116.34,117.37,27099166,48.877,49.001,48.482,48.946,6941819
2017-01-13,117.23,117.73,116.93,117.16,25804433,48.946,49.183,48.946,49.094,4888595
2017-01-17,116.47,118.33,116.35,118.1,32437894,48.966,49.039,48.797,48.906,4873631
2017-01-18,118.1,118.59,117.82,118.09,22940226,49.044,49.104,48.911,49.034,6218871
2017-01-19,117.51,118.19,117.48,117.89,24226408,49.034,49.208,48.877,48.966,7330559
2017-01-20,118.54,118.54,117.85,118.1,28871584,49.183,49.361,49.104,49.233,8839138
2017-01-23,118.1,118.9,117.88,118.19,19773986,49.183,49.341,48.976,49.321,12115681
2017-01-24,117.66,118.2,117.61,118.07,22955721,49.282,49.703,49.262,49.628,6585995
2017-01-25,118.51,120.17,118.37,119.95,32181237,49.895,50.102,49.855,50.102,9302690
2017-01-26,119.74,120.51,119.68,120.01,25763704,50.092,50.127,49.825,49.965,7207917
2017-01-27,120.21,120.42,119.68,120.02,20442567,50.142,50.251,50.053,50.162,6091926
2017-01-30,119.02,119.7,118.75,119.7,30221237,49.994,49.994,49.529,49.756,8529786
2017-01-31,119.23,119.47,118.71,119.43,40551991,49.598,49.648,49.291,49.509,9658685
2017-02-01,125.02,128.43,125.0,126.7,112035964,49.965,50.043,49.608,49.885,11815646
2017-02-02,125.95,127.34,125.76,126.5,32642923,49.737,49.87,49.529,49.786,8697918
2017-02-03,126.28,127.14,126.14,127.03,24901403,49.975,50.177,49.965,50.112,6912338
2017-02-06,127.08,128.44,126.87,128.23,26535136,50.043,50.147,49.915,50.142,6804046
2017-02-07,128.48,130.0,128.39,129.44,36819227,50.241,50.399,50.202,50.339,10169055
2017-02-08,129.27,130.13,129.14,129.95,21807865,50.389,50.508,50.197,50.429,6426309
2017-02-09,130.13,130.91,129.6,130.89,24315896,50.459,50.716,50.429,50.586,4926152
2017-02-10,130.93,131.4,130.53,130.6,19547142,50.706,50.815,50.571,50.735,4221383
2017-02-13,131.54,132.27,131.21,131.75,22372021,50.825,51.022,50.755,50.963,6655438
2017-02-14,131.93,133.52,131.71,133.45,31422950,50.903,51.13,50.755,51.13,6305605
2017-02-15,133.95,134.7,133.07,133.94,34025535,51.091,51.339,51.042,51.299,6016065
2017-02-16,134.1,134.33,133.28,133.78,21789666,51.368,51.556,51.294,51.417,7142937
2017-02-17,133.53,134.26,133.53,134.15,21373610,51.358,51.596,51.279,51.596,7169388
2017-02-21,134.66,135.17,134.41,135.12,22189166,51.704,51.882,51.625,51.862,7706313
2017-02-22,134.86,135.54,134.54,135.53,17802516,51.813,51.961,51.704,51.922,6964167
2017-02-23,135.79,135.88,134.73,134.92,18825464,51.99,52.03,51.684,51.912,6779576
2017-02-24,134.34,135.08,133.71,135.08,21476672,51.605,52.05,51.576,52.03,7861684
2017-02-27,135.56,135.84,134.71,135.35,19361217,52.02,52.02,51.882,52.0,8067527
2017-02-28,135.5,135.84,135.12,135.41,21396929,51.912,51.961,51.675,51.753,7708835
2017-03-01,136.29,138.52,136.0,138.18,35409768,52.07,52.554,51.952,52.485,9199924
2017-03-02,138.37,138.65,137.16,137.36,25867137,52.436,52.446,52.11,52.139,7252753
2017-03-03,137.18,138.22,136.99,138.17,20213907,52.1,52.257,51.99,52.257,7947502
2017-03-06,137.75,138.16,137.0,137.73,19165899,52.04,52.267,51.952,52.179,6792559
2017-03-07,137.46,138.35,137.19,137.91,16882562,52.139,52.396,52.1,52.179,7060730
2017-03-08,137.35,138.19,137.22,137.4,18180205,52.237,52.396,52.164,52.237,5746126
2017-03-09,137.14,137.19,135.47,137.08,20855801,52.247,52.307,51.97,52.228,7738361
2017-03-10,137.65,137.74,137.04,137.54,18704430,52.475,52.614,52.287,52.505,7439326
2017-03-13,137.56,137.82,137.22,137.6,17625458,52.505,52.614,52.456,52.554,7547090
2017-03-14,137.7,138.04,137.24,137.39,15488099,52.514,52.514,52.232,52.436,7323293
2017-03-15,137.8,139.12,137.42,138.83,25992231,52.514,52.881,52.357,52.791,9036387
2017-03-16,139.09,139.39,138.63,139.06,19456910,52.989,53.004,52.763,52.821,11104260
2017-03-17,139.37,139.37,138.27,138.36,38384215,53.025,53.104,52.916,52.936,6948038
2017-03-20,138.77,139.87,138.6,139.83,21793966,52.946,53.103,52.836,52.985,4576240
2017-03-21,140.48,141.14,138.12,138.23,39992202,53.124,53.253,52.192,52.212,15018523
2017-03-22,138.23,139.97,138.15,139.79,26162591,52.221,52.618,52.152,52.538,11470291
2017-03-23,139.63,139.95,138.98,139.29,20584245,52.46,52.618,52.315,52.4,11446141
2017-03-24,139.87,140.11,138.72,139.01,21671446,52.578,52.757,52.255,52.44,13241300
2017-03-27,137.78,139.59,137.02,139.25,22479436,52.002,52.548,51.934,52.44,6879162
2017-03-28,139.28,142.38,138.99,142.14,33139331,52.39,52.936,52.3,52.816,8518446
2017-03-29,142.02,142.83,141.53,142.46,28380855,52.796,52.936,52.678,52.906,5748719
2017-03-30,142.53,142.84,141.84,142.27,18920203,52.866,53.069,52.826,53.005,8821115
2017-03-31,142.06,142.61,141.35,142.0,19012588,52.956,53.084,52.85,52.906,6148228
2017-04-03,142.05,142.46,141.39,142.04,20219441,52.956,53.035,52.533,52.856,13117408
2017-04-04,141.59,143.22,141.51,143.1,19657127,52.638,52.896,52.618,52.896,7578258
2017-04-05,142.56,143.77,142.15,142.36,27332311,52.946,53.303,52.628,52.678,10557927
2017-04-06,142.63,142.86,141.79,142.0,20534685,52.737,52.846,52.558,52.688,6988074
2017-04-07,142.07,142.52,141.61,141.68,16867174,52.608,52.796,52.469,52.658,6518816
2017-04-10,141.94,142.22,141.24,141.51,16881122,52.688,52.811,52.454,52.558,4880644
2017-04-11,141.28,141.69,138.43,140.0,30734653,52.469,52.543,51.934,52.36,8521749
2017-04-12,139.97,140.51,139.38,140.17,20112357,52.31,52.365,52.077,52.182,8750565
2017-04-13,140.28,140.73,139.42,139.42,17342580,52.122,52.469,51.972,51.972,9817968
2017-04-17,139.85,140.25,139.24,140.2,15807795,52.132,52.469,52.132,52.45,7119818
2017-04-18,139.78,140.41,139.48,139.57,14228494,52.31,52.539,52.231,52.44,6277133
2017-04-19,140.25,140.37,138.82,139.05,16712357,52.518,52.708,52.3,52.4,7315064
2017-04-20,139.59,141.26,139.53,140.79,22650719,52.538,52.96,52.46,52.876,7626327
2017-04-21,140.79,141.02,140.22,140.63,16824648,52.896,52.906,52.668,52.767,7674701
2017-04-24,141.84,142.29,141.52,141.98,17318652,53.343,53.431,53.223,53.392,8166812
2017-04-25,142.25,143.23,142.21,142.87,18890350,53.611,53.776,53.516,53.67,10121499
2017-04-26,142.81,142.94,141.72,142.02,20251016,53.709,53.799,53.561,53.611,8209080
2017-04-27,142.26,142.5,141.65,142.13,14373797,53.749,53.869,53.695,53.829,8615357
2017-04-28,142.43,142.64,141.61,141.99,21104313,53.997,54.077,53.839,53.967,11505606
2017-05-01,143.41,145.5,143.28,144.89,33919167,54.167,54.439,54.067,54.375,7619937
2017-05-02,145.84,146.37,145.15,145.81,44952316,54.483,54.573,54.295,54.493,7463000
2017-05-03,143.9,145.79,142.61,145.37,46142971,54.315,54.434,54.147,54.395,7208662
2017-05-04,144.83,145.45,144.12,144.84,23619320,54.415,54.444,54.177,54.355,7626755
2017-05-05,145.07,147.26,145.07,147.24,27647313,54.444,54.568,54.31,54.553,6877964
2017-05-08,147.31,151.92,147.31,151.24,49253481,54.593,54.821,54.493,54.791,6099789
2017-05-09,152.09,153.09,151.67,152.21,39488435,54.851,55.005,54.751,54.861,7748557
2017-05-10,151.85,152.16,150.35,151.49,26082077,54.921,55.109,54.796,55.069,5336369
2017-05-11,151.31,152.92,151.17,152.8,27444703,54.901,55.029,54.683,55.0,9160094
2017-05-12,153.54,155.25,153.51,154.93,32675245,55.049,55.169,54.99,55.139,4683134
2017-05-15,154.84,155.48,153.89,154.53,26110341,55.208,55.446,55.178,55.446,10025179
2017-05-16,154.77,154.89,153.56,154.31,20146922,55.575,55.704,55.387,55.704,9129684
2017-05-17,152.45,153.42,148.59,149.12,51061768,55.268,55.317,54.157,54.186,18631509
2017-05-18,150.14,152.19,150.0,151.4,33821183,54.047,54.712,53.957,54.503,16950774
2017-05-19,152.23,152.83,151.49,151.91,27091159,54.801,54.99,54.741,54.821,10231985
2017-05-22,152.85,153.43,151.76,152.84,23107230,54.95,55.327,54.94,55.258,10575187
2017-05-23,153.74,153.74,152.16,152.65,20058989,55.486,55.546,55.208,55.357,6655333
2017-05-24,152.69,153.02,151.53,152.19,19351686,55.506,55.595,55.372,55.585,9483486
2017-05-25,152.58,153.2,151.88,152.72,19363914,55.764,56.1,55.65,55.982,6133611
2017-05-26,152.85,153.09,152.16,152.46,22056974,55.932,56.022,55.809,55.952,36544849
2017-05-30,152.27,153.28,152.18,152.52,20270624,55.972,56.25,55.903,56.19,5963584
2017-05-31,152.82,153.02,151.24,151.61,24640098,56.4,56.418,55.913,56.102,14348518
2017-06-01,152.02,152.18,151.08,152.03,16507879,56.22,56.24,55.888,56.24,8365176
2017-06-02,152.43,154.29,151.74,154.29,27913007,56.448,56.766,56.265,56.756,8484517
2017-06-05,153.19,153.3,152.31,152.78,25475184,56.756,56.955,56.687,56.806,6802376
2017-06-06,152.75,154.64,152.63,153.3,26794401,56.736,56.984,56.628,56.696,7712230
2017-06-07,153.86,154.81,153.33,154.21,21178774,56.826,56.974,56.578,56.876,8724862
2017-06-08,154.09,154.38,153.25,153.83,21306003,56.974,57.044,56.687,57.004,7148240
2017-06-09,154.03,154.03,144.93,147.87,65276866,57.084,57.183,54.801,55.595,35410504
2017-06-12,144.65,145.0,141.44,144.33,72746935,55.019,55.357,54.355,55.268,35968282
2017-06-13,146.05,146.34,144.06,145.5,34353487,55.536,55.844,55.258,55.665,18432964
2017-06-14,146.39,146.39,142.77,144.07,31693046,55.883,55.893,54.935,55.397,16289838
2017-06-15,142.25,143.39,141.14,143.22,31901027,54.771,55.228,54.533,55.149,14863155
2017-06-16,142.71,143.41,141.13,141.2,50646574,55.152,55.171,54.823,55.052,21071953
2017-06-19,142.59,145.65,142.59,145.25,32710986,55.471,55.909,55.441,55.869,9933331
2017-06-20,145.78,145.78,143.85,143.92,25073708,55.85,55.879,55.421,55.421,10997070
2017-06-21,144.43,144.98,143.52,144.78,21426008,55.61,55.76,55.441,55.73,12337279
2017-06-22,144.68,145.61,144.03,144.54,19229949,55.899,55.939,55.571,55.75,8824133
2017-06-23,144.04,146.05,144.02,145.19,35690628,55.7,56.237,55.61,56.099,16450566
2017-06-26,146.06,147.17,144.29,144.73,25872700,56.398,56.517,55.74,55.8,9762856
2017-06-27,143.92,145.07,142.55,142.66,24917773,55.501,55.6,54.883,54.883,12916909
2017-06-28,143.4,145.02,142.09,144.74,22222273,55.092,55.62,54.724,55.571,12968501
2017-06-29,143.62,144.04,141.21,142.61,31691561,55.311,55.311,54.136,54.574,21039456
2017-06-30,143.36,143.87,142.71,142.95,23177479,54.803,54.893,54.474,54.524,15365629
2017-07-03,143.79,144.21,142.03,142.43,14385444,54.753,54.853,54.086,54.146,16612358
2017-07-05,142.62,143.7,141.66,143.02,21713608,54.345,54.788,54.166,54.684,14852126
2017-07-06,141.95,142.43,141.34,141.66,24292414,54.205,54.484,54.056,54.185,12838278
2017-07-07,141.83,143.66,141.83,143.11,18860161,54.385,54.993,54.345,54.813,8849492
2017-07-10,143.04,144.86,142.3,143.97,21239601,54.823,55.336,54.743,55.212,5614315
2017-07-11,143.64,144.76,143.3,144.44,19871415,55.152,55.421,54.943,55.331,6873466
2017-07-12,144.78,145.09,143.73,144.65,25050830,55.71,56.099,55.675,56.049,16610751
2017-07-13,144.41,147.38,144.35,146.66,25270495,56.129,56.353,56.029,56.158,8146434
2017-07-14,146.86,148.22,146.22,147.93,20268831,56.398,56.716,56.318,56.657,6693756
2017-07-17,147.71,149.77,147.46,148.44,23949714,56.706,56.826,56.557,56.667,9796877
2017-07-18,148.09,149.0,147.56,148.95,17984885,56.557,56.926,56.417,56.926,9955661
2017-07-19,149.35,150.29,148.82,149.89,21068251,57.015,57.264,56.966,57.215,6687418
2017-07-20,150.37,150.61,149.06,149.21,17330058,57.374,57.394,57.005,57.334,10223341
2017-07-21,148.86,149.31,147.77,149.14,25310545,57.085,57.274,57.025,57.264,5933176
2017-07-24,149.45,151.3,148.78,150.96,21630982,57.235,57.454,57.115,57.404,5379370
2017-07-25,150.67,152.69,150.67,151.6,18971925,57.225,57.409,57.045,57.294,6883367
2017-07-26,152.2,152.78,151.91,152.31,15852949,57.603,57.613,57.324,57.514,10606980
2017-07-27,152.6,152.84,146.19,149.43,32678443,57.922,57.992,56.587,57.294,23100071
2017-07-28,148.77,149.1,148.08,148.39,17325849,57.005,57.344,56.956,57.235,10330031
2017-07-31,148.78,149.2,147.02,147.62,19862378,57.324,57.454,56.896,56.956,10979337
2017-08-01,147.99,149.09,147.3,148.92,34393966,57.245,57.294,57.035,57.245,8326223
2017-08-02,158.09,158.56,154.99,155.97,70262267,57.832,57.842,57.045,57.404,12611664
2017-08-03,155.88,156.04,153.86,154.4,26825418,57.484,57.484,57.1,57.274,10726211
2017-08-04,154.9,156.22,154.52,155.22,20675691,57.394,57.578,57.274,57.404,4772926
2017-08-07,155.89,157.73,155.5,157.62,21994093,57.484,57.753,57.459,57.753,7679912
2017-08-08,157.41,160.62,157.09,158.88,36405476,57.673,58.121,57.514,57.673,10497597
2017-08-09,158.07,160.06,157.92,159.86,26260901,57.304,57.683,57.274,57.643,6997843
2017-08-10,159.33,159.43,154.08,154.76,39801107,57.334,57.394,56.472,56.507,14818201
2017-08-11,156.04,158.0,155.51,156.92,26331467,56.597,57.08,56.527,56.896,15021237
2017-08-14,158.75,159.64,158.18,159.28,22154486,57.414,57.882,57.294,57.803,9782156
2017-08-15,160.08,161.61,159.57,161.02,29485832,57.922,58.017,57.713,57.892,7065450
2017-08-16,161.36,161.93,159.58,160.37,27722910,57.982,58.271,57.872,58.062,9064485
2017-08-17,159.95,160.13,157.27,157.29,27595336,57.842,57.932,56.926,56.926,13015279
2017-08-18,157.29,158.93,156.16,156.94,27496898,56.926,57.264,56.647,56.866,16728569
2017-08-21,156.94,157.32,154.55,156.65,26435558,56.906,56.966,56.467,56.846,8007262
2017-08-22,157.66,159.43,157.45,159.21,21646375,57.145,57.733,57.105,57.693,8452061
2017-08-23,158.5,159.9,158.31,159.41,19448353,57.374,57.708,57.354,57.553,8936571
2017-08-24,159.86,160.16,157.98,158.7,19874496,57.693,57.749,57.215,57.504,8121582
2017-08-25,159.08,159.98,158.7,159.29,25559215,57.693,57.862,57.374,57.494,8348613
2017-08-28,159.57,161.42,159.36,160.89,25790449,57.633,57.708,57.444,57.603,5990258
2017-08-29,159.53,162.54,159.43,162.33,29563743,57.135,57.927,57.065,57.852,8696649
2017-08-30,163.21,163.3,162.03,162.76,27320985,57.912,58.311,57.778,58.271,7663848
2017-08-31,163.05,163.93,162.89,163.41,26842382,58.41,58.719,58.341,58.62,9445536
2017-09-01,164.21,164.35,163.04,163.46,16635257,58.769,58.819,58.495,58.57,6034720
2017-09-05,163.16,163.66,159.98,161.5,29611447,58.4,58.505,57.663,58.052,11932220
2017-09-06,162.13,162.41,159.95,161.33,21690060,58.231,58.311,57.852,58.101,9127131
2017-09-07,161.51,161.66,159.79,160.68,21986050,58.291,58.42,58.082,58.301,7721428
2017-09-08,160.28,160.57,157.96,158.06,28527517,58.211,58.291,57.778,57.822,6281691
2017-09-11,159.93,161.47,159.32,160.92,31630174,58.281,58.699,58.281,58.639,7053691
2017-09-12,162.03,163.37,158.2,160.28,71864833,58.809,58.889,58.51,58.779,7867932
2017-09-13,159.3,159.39,157.34,159.08,45029308,58.709,58.719,58.47,58.699,8157463
2017-09-14,158.42,158.83,157.52,157.71,23724888,58.48,58.764,58.37,58.5,7630389
2017-09-15,157.9,160.39,157.43,159.31,49024732,58.45,58.79,58.35,58.74,13113817
2017-09-18,159.54,159.93,157.43,158.1,28260649,58.83,59.005,58.57,58.79,10411464
2017-09-19,158.94,159.2,157.87,158.16,20668366,58.88,59.17,58.73,59.05,5616132
2017-09-20,157.33,157.69,153.28,155.51,52386815,59.04,59.06,58.4,58.81,8950822
2017-09-21,155.24,155.24,152.2,152.84,37504252,58.79,58.79,58.3,58.49,8052526
2017-09-22,151.48,151.72,150.02,151.35,46750753,58.3,58.6,58.27,58.52,4824802
2017-09-25,149.45,151.29,148.63,150.01,44528320,58.33,58.33,57.57,57.83,13565901
2017-09-26,151.24,153.37,151.15,152.59,36757890,58.14,58.28,57.86,58.04,9053314
2017-09-27,153.25,154.16,152.99,153.68,25494693,58.3,58.81,58.21,58.63,7635478
2017-09-28,153.34,153.73,152.15,152.73,22063341,58.48,58.725,58.36,58.7,5589237
2017-09-29,152.66,153.58,151.46,153.57,26359485,58.8,59.15,58.73,59.1,12427528
2017-10-02,153.71,153.9,152.17,153.26,18749860,59.25,59.3773,58.901,59.19,7551392
2017-10-03,153.46,154.53,153.36,153.92,16277486,59.24,59.355,59.17,59.33,6466221
2017-10-04,153.08,153.31,151.91,152.93,20188277,59.23,59.3799,59.03,59.29,6637405
2017-10-05,153.63,154.88,153.5,154.83,21341803,59.47,59.87,59.44,59.86,6421454
2017-10-06,154.41,154.93,154.01,154.74,17448243,59.66,59.98,59.64,59.95,5926342
2017-10-09,155.25,156.17,154.93,155.28,16302190,60.13,60.2068,60.01,60.1,6935772
2017-10-10,155.5,157.43,154.54,155.34,15659866,60.29,60.29,59.85,60.16,5468242
2017-10-11,155.41,156.42,155.19,155.99,16942261,60.08,60.38,60.08,60.36,4980769
2017-10-12,155.79,156.81,155.17,155.44,16440001,60.22,60.5,60.14,60.21,6106295
2017-10-13,156.17,156.72,155.85,156.43,16432666,60.43,60.605,60.43,60.5,5949906
2017-10-16,157.33,159.43,157.09,159.31,24182814,60.65,60.73,60.51,60.72,8306357
2017-10-17,159.21,160.29,158.66,159.9,19040557,60.7,60.72,60.52,60.72,5131673
2017-10-18,159.85,160.13,159.03,159.19,16314850,60.9,60.95,60.68,60.87,6091317
2017-10-19,156.19,156.52,154.46,155.42,42539211,60.61,60.76,60.29,60.69,6872564
2017-10-20,156.05,157.18,155.4,155.69,23997615,61.06,61.17,60.96,61.1,7406583
2017-10-23,156.33,157.13,154.94,155.61,22039067,61.2,61.25,60.74,60.81,7054972
2017-10-24,155.73,156.86,155.64,156.54,17701740,60.89,61.08,60.731,60.98,8035815
2017-10-25,156.35,156.99,154.71,155.85,21253629,60.84,61.02,60.25,60.65,9220413
2017-10-26,156.67,157.26,156.22,156.85,16993593,61.0,61.16,60.855,60.9,9435399
2017-10-27,158.72,163.01,158.13,162.47,44561025,61.88,62.71,61.88,62.54,14525467
2017-10-30,163.3,167.47,163.13,166.12,44861465,62.57,62.92,62.4434,62.68,8574558
2017-10-31,167.3,169.04,166.34,168.43,36176411,62.92,63.0756,62.67,62.95,10110259
2017-11-01,169.26,169.33,165.02,166.29,33758685,63.25,63.33,62.63,62.96,9549829
2017-11-02,167.04,167.9,164.69,167.51,41542177,62.96,63.05,62.51,62.99,10222694
2017-11-03,173.38,173.64,170.51,171.88,59612161,63.32,63.55,62.95,63.49,7659654
2017-11-06,171.75,174.36,171.1,173.63,34901241,63.45,63.65,63.41,63.63,5986955
2017-11-07,173.29,174.51,173.29,174.18,24424877,63.7,63.72,63.395,63.66,5775148
2017-11-08,174.03,175.61,173.71,175.61,24451166,63.66,64.02,63.485,64.01,9100262
2017-11-09,174.48,175.46,172.52,175.25,29533086,63.52,63.61,62.86,63.5,10245033
2017-11-10,175.11,175.38,174.27,174.67,25130494,63.42,63.55,63.265,63.5,5982504
